# Blender v2.91.0 OBJ File: 'untitled.blend'
# www.blender.org
mtllib judge's hammer.mtl
o LowPoly_Circle
v 2.613380 -0.960241 0.780162
v 2.591403 -0.969063 0.846981
v 2.560349 -0.986790 0.908194
v 2.521412 -1.012741 0.961448
v 2.476087 -1.045920 1.004697
v 2.426116 -1.085050 1.036278
v 2.373421 -1.128628 1.054979
v 2.320025 -1.174980 1.060079
v 2.267982 -1.222324 1.051385
v 2.219290 -1.268840 1.029229
v 2.175821 -1.312742 0.994463
v 2.139246 -1.352342 0.948422
v 2.110970 -1.386119 0.892878
v 2.092080 -1.412773 0.829962
v 2.083301 -1.431281 0.762095
v 2.084972 -1.440932 0.691884
v 2.097027 -1.441355 0.622026
v 2.119004 -1.432534 0.555207
v 2.150058 -1.414806 0.493994
v 2.188996 -1.388855 0.440740
v 2.234321 -1.355677 0.397492
v 2.284291 -1.316546 0.365910
v 2.336987 -1.272968 0.347210
v 2.390382 -1.226616 0.342109
v 2.442426 -1.179272 0.350804
v 2.491118 -1.132756 0.372960
v 2.534586 -1.088854 0.407726
v 2.571162 -1.049254 0.453766
v 2.599437 -1.015478 0.509311
v 2.618328 -0.988823 0.572226
v 2.627106 -0.970315 0.640094
v 2.625436 -0.960664 0.710305
v 2.571531 -0.999234 0.767346
v 2.553117 -1.006626 0.823334
v 2.527096 -1.021480 0.874624
v 2.494470 -1.043224 0.919246
v 2.456492 -1.071025 0.955484
v 2.414622 -1.103812 0.981946
v 2.370468 -1.140326 0.997616
v 2.325728 -1.179165 1.001890
v 2.282120 -1.218835 0.994604
v 2.241321 -1.257811 0.976040
v 2.204898 -1.294597 0.946909
v 2.174252 -1.327778 0.908332
v 2.150559 -1.356079 0.861790
v 2.134731 -1.378413 0.809074
v 2.127375 -1.393921 0.752207
v 2.128775 -1.402008 0.693377
v 2.138876 -1.402362 0.634843
v 2.157291 -1.394970 0.578855
v 2.183311 -1.380116 0.527564
v 2.215937 -1.358372 0.482942
v 2.253915 -1.330572 0.446704
v 2.295786 -1.297784 0.420242
v 2.339939 -1.261270 0.404573
v 2.384680 -1.222431 0.400299
v 2.428288 -1.182762 0.407584
v 2.469086 -1.143785 0.426149
v 2.505509 -1.106999 0.455280
v 2.536156 -1.073818 0.493857
v 2.559848 -1.045517 0.540398
v 2.575677 -1.023183 0.593115
v 2.583032 -1.007675 0.649982
v 2.581632 -0.999589 0.708812
v 2.666195 -1.106414 0.784331
v 2.647780 -1.113806 0.840319
v 2.621760 -1.128660 0.891609
v 2.589134 -1.150405 0.936231
v 2.551156 -1.178205 0.972469
v 2.509285 -1.210992 0.998931
v 2.465132 -1.247506 1.014601
v 2.420391 -1.286345 1.018875
v 2.376784 -1.326014 1.011589
v 2.335984 -1.364991 0.993025
v 2.299562 -1.401777 0.963894
v 2.268915 -1.434958 0.925317
v 2.245223 -1.463259 0.878775
v 2.229394 -1.485593 0.826058
v 2.222039 -1.501101 0.769192
v 2.223439 -1.509188 0.710361
v 2.233540 -1.509542 0.651827
v 2.251955 -1.502150 0.595839
v 2.277975 -1.487297 0.544549
v 2.310601 -1.465552 0.499927
v 2.348579 -1.437752 0.463689
v 2.390449 -1.404964 0.437227
v 2.434603 -1.368450 0.421558
v 2.479343 -1.329611 0.417284
v 2.522951 -1.289942 0.424569
v 2.563750 -1.250965 0.443134
v 2.600173 -1.214179 0.472264
v 2.630820 -1.180998 0.510842
v 2.654512 -1.152697 0.557383
v 2.670340 -1.130363 0.610100
v 2.677696 -1.114855 0.666966
v 2.676296 -1.106769 0.725797
v 2.687918 -1.086173 0.790983
v 2.667783 -1.094276 0.852075
v 2.639274 -1.110590 0.908018
v 2.603486 -1.134490 0.956661
v 2.561795 -1.165057 0.996135
v 2.515803 -1.201117 1.024925
v 2.467276 -1.241283 1.041922
v 2.418080 -1.284012 1.046474
v 2.370106 -1.327662 1.038406
v 2.325197 -1.370556 1.018028
v 2.285080 -1.411045 0.986123
v 2.251294 -1.447573 0.943918
v 2.225140 -1.478737 0.893033
v 2.207622 -1.503338 0.835425
v 2.199414 -1.520432 0.773308
v 2.200830 -1.529361 0.709068
v 2.211816 -1.529783 0.645175
v 2.231951 -1.521681 0.584083
v 2.260460 -1.505366 0.528140
v 2.296248 -1.481466 0.479497
v 2.337940 -1.450899 0.440022
v 2.383932 -1.414839 0.411233
v 2.432459 -1.374673 0.394236
v 2.481654 -1.331944 0.389684
v 2.529629 -1.288294 0.397752
v 2.574538 -1.245400 0.418130
v 2.614655 -1.204911 0.450035
v 2.648440 -1.168383 0.492241
v 2.674595 -1.137219 0.543125
v 2.692112 -1.112618 0.600733
v 2.700321 -1.095524 0.662851
v 2.698905 -1.086595 0.727091
v 2.676218 -1.104181 0.854672
v 2.696610 -1.096015 0.792543
v 2.647460 -1.120557 0.911611
v 2.611444 -1.144513 0.961174
v 2.569551 -1.175130 1.001454
v 2.523394 -1.211230 1.030904
v 2.474746 -1.251426 1.048392
v 2.425474 -1.294174 1.053246
v 2.377475 -1.337831 1.045281
v 2.332592 -1.380718 1.024801
v 2.292549 -1.421188 0.992593
v 2.258886 -1.457686 0.949897
v 2.232897 -1.488809 0.898351
v 2.215579 -1.513361 0.839938
v 2.207599 -1.530399 0.776901
v 2.209264 -1.539267 0.711665
v 2.220509 -1.539624 0.646734
v 2.240901 -1.531459 0.584605
v 2.269659 -1.515083 0.527666
v 2.305676 -1.491126 0.478104
v 2.347568 -1.460510 0.437824
v 2.393725 -1.424409 0.408374
v 2.442374 -1.384213 0.390885
v 2.491645 -1.341465 0.386031
v 2.539644 -1.297809 0.393997
v 2.584528 -1.254921 0.414477
v 2.624570 -1.214451 0.446684
v 2.658233 -1.177953 0.489381
v 2.684223 -1.146830 0.540927
v 2.701540 -1.122278 0.599340
v 2.709520 -1.105241 0.662376
v 2.707855 -1.096373 0.727613
v 2.805880 -1.108735 0.906855
v 2.832399 -1.098090 0.826227
v 2.768408 -1.130126 0.980719
v 2.721423 -1.161440 1.044979
v 2.666731 -1.201476 1.097166
v 2.606433 -1.248693 1.135274
v 2.542847 -1.301278 1.157840
v 2.478416 -1.357209 1.163995
v 2.415617 -1.414337 1.153503
v 2.356862 -1.470468 1.126768
v 2.304409 -1.523443 1.084817
v 2.260275 -1.571227 1.029261
v 2.226155 -1.611984 0.962237
v 2.203361 -1.644147 0.886319
v 2.192768 -1.666480 0.804426
v 2.194784 -1.678126 0.719703
v 2.209331 -1.678636 0.635408
v 2.235850 -1.667991 0.554780
v 2.273322 -1.646600 0.480916
v 2.320307 -1.615286 0.416656
v 2.374999 -1.575250 0.364469
v 2.435297 -1.528033 0.326361
v 2.498883 -1.475448 0.303796
v 2.563314 -1.419517 0.297641
v 2.626113 -1.362388 0.308132
v 2.684869 -1.306258 0.334868
v 2.737321 -1.253283 0.376819
v 2.781455 -1.205499 0.432374
v 2.815575 -1.164742 0.499399
v 2.838369 -1.132579 0.575316
v 2.848962 -1.110246 0.657210
v 2.846946 -1.098600 0.741932
v 2.867411 -1.178402 0.917896
v 2.893930 -1.167757 0.837267
v 2.829939 -1.199793 0.991759
v 2.782954 -1.231107 1.056019
v 2.728262 -1.271143 1.108206
v 2.667964 -1.318360 1.146315
v 2.604378 -1.370944 1.168880
v 2.539948 -1.426876 1.175035
v 2.477148 -1.484004 1.164543
v 2.418393 -1.540135 1.137808
v 2.365941 -1.593110 1.095857
v 2.321806 -1.640894 1.040302
v 2.287687 -1.681651 0.973277
v 2.264892 -1.713814 0.897359
v 2.254299 -1.736147 0.815466
v 2.256315 -1.747793 0.730744
v 2.270862 -1.748303 0.646448
v 2.297381 -1.737658 0.565820
v 2.334853 -1.716267 0.491956
v 2.381838 -1.684953 0.427696
v 2.436530 -1.644917 0.375509
v 2.496828 -1.597700 0.337401
v 2.560414 -1.545115 0.314836
v 2.624845 -1.489184 0.308681
v 2.687645 -1.432055 0.319172
v 2.746400 -1.375925 0.345908
v 2.798852 -1.322950 0.387859
v 2.842986 -1.275166 0.443415
v 2.877106 -1.234409 0.510439
v 2.899900 -1.202246 0.586357
v 2.910493 -1.179913 0.668250
v 2.908477 -1.168267 0.752973
v 2.872683 -1.313241 0.892284
v 2.893567 -1.304863 0.828751
v 2.843189 -1.330066 0.950493
v 2.806220 -1.354691 1.001141
v 2.763197 -1.386171 1.042282
v 2.715771 -1.423296 1.072335
v 2.665766 -1.464638 1.090145
v 2.615105 -1.508610 1.095027
v 2.565732 -1.553522 1.086794
v 2.519547 -1.597647 1.065762
v 2.478323 -1.639289 1.032739
v 2.443645 -1.676850 0.988995
v 2.416847 -1.708884 0.936211
v 2.398956 -1.734161 0.876414
v 2.390661 -1.751710 0.811904
v 2.392281 -1.760856 0.745158
v 2.403194 -1.761770 0.678571
v 2.423465 -1.753965 0.614851
v 2.454132 -1.736046 0.557001
v 2.491101 -1.711421 0.506353
v 2.534125 -1.679941 0.465212
v 2.581550 -1.642816 0.435159
v 2.631340 -1.601673 0.417284
v 2.682216 -1.557501 0.412468
v 2.731589 -1.512590 0.420701
v 2.777775 -1.468465 0.441733
v 2.818998 -1.426822 0.474755
v 2.853676 -1.389262 0.518499
v 2.880475 -1.357228 0.571284
v 2.898365 -1.331950 0.631081
v 2.906660 -1.314401 0.695591
v 2.905040 -1.305256 0.762336
v 2.794152 -1.493459 0.822221
v 2.803149 -1.489848 0.794870
v 2.781441 -1.500715 0.847278
v 2.765502 -1.511338 0.869076
v 2.746949 -1.524919 0.886779
v 2.726495 -1.540936 0.899707
v 2.704925 -1.558774 0.907362
v 2.683068 -1.577748 0.909450
v 2.661764 -1.597128 0.905891
v 2.641834 -1.616168 0.896821
v 2.624040 -1.634139 0.882590
v 2.609069 -1.650349 0.863744
v 2.597494 -1.664174 0.841008
v 2.589762 -1.675085 0.815255
v 2.586169 -1.682661 0.787474
v 2.586852 -1.686612 0.758734
v 2.591787 -1.686785 0.730139
v 2.600783 -1.683174 0.702788
v 2.613494 -1.675917 0.677731
v 2.629433 -1.665295 0.655932
v 2.647986 -1.651714 0.638229
v 2.668441 -1.635696 0.625302
v 2.690011 -1.617858 0.617647
v 2.711868 -1.598885 0.615559
v 2.733171 -1.579505 0.619118
v 2.753102 -1.560464 0.628187
v 2.770895 -1.542493 0.642419
v 2.785867 -1.526284 0.661264
v 2.797441 -1.512458 0.684001
v 2.805174 -1.501547 0.709754
v 2.808767 -1.493971 0.737535
v 2.808083 -1.490021 0.766275
v 2.298104 -1.472665 1.038590
v 2.344536 -1.425771 1.075726
v 2.582879 -1.330099 0.351064
v 2.527288 -1.380669 0.341777
v 2.259037 -1.514964 0.989412
v 2.634889 -1.280411 0.374731
v 2.228833 -1.551042 0.930082
v 2.681320 -1.233518 0.411866
v 2.208656 -1.579513 0.862879
v 2.720388 -1.191219 0.461044
v 2.199279 -1.599283 0.790387
v 2.742010 -1.105563 0.881058
v 2.765484 -1.096140 0.809685
v 2.750591 -1.155141 0.520375
v 2.201063 -1.609591 0.715390
v 2.708839 -1.124498 0.946442
v 2.770769 -1.126670 0.587578
v 2.213940 -1.610043 0.640771
v 2.667248 -1.152218 1.003326
v 2.780146 -1.106900 0.660070
v 2.237415 -1.600620 0.569398
v 2.618834 -1.187657 1.049522
v 2.778361 -1.096591 0.735067
v 2.270585 -1.581685 0.504014
v 2.565458 -1.229455 1.083256
v 2.312177 -1.553965 0.447131
v 2.509171 -1.276003 1.103231
v 2.360591 -1.518525 0.400934
v 2.452136 -1.325513 1.108679
v 2.413967 -1.476728 0.367201
v 2.396546 -1.376084 1.099392
v 2.470254 -1.430180 0.347226
v 2.399341 -1.750250 0.678320
v 2.385034 -1.752549 0.743548
v 2.799110 -1.346350 0.998983
v 2.836013 -1.321741 0.948598
v 2.899194 -1.306148 0.694860
v 2.890834 -1.323713 0.630612
v 2.416070 -1.745694 0.613834
v 2.756143 -1.377816 1.039893
v 2.897645 -1.296985 0.761320
v 2.446666 -1.727793 0.556270
v 2.708765 -1.414929 1.069757
v 2.886246 -1.296574 0.827438
v 2.483569 -1.703184 0.505884
v 2.658796 -1.456263 1.087426
v 2.526536 -1.671718 0.464974
v 2.608155 -1.500230 1.092221
v 2.573914 -1.634605 0.435110
v 2.558790 -1.545139 1.083959
v 2.624099 -1.593071 0.417507
v 2.512598 -1.589266 1.062956
v 2.674524 -1.549304 0.412646
v 2.471352 -1.630914 1.030020
v 2.723889 -1.504394 0.420908
v 2.436639 -1.668483 0.986417
v 2.770082 -1.460268 0.441911
v 2.409793 -1.700529 0.933822
v 2.811327 -1.418619 0.474847
v 2.391845 -1.725820 0.874256
v 2.846040 -1.381051 0.518451
v 2.383485 -1.743385 0.810008
v 2.865436 -1.304934 0.890674
v 2.872886 -1.349005 0.571046
v 2.600448 -1.060216 0.831826
v 2.618863 -1.052824 0.775838
v 2.607180 -1.099107 0.548891
v 2.583488 -1.127408 0.502349
v 2.176107 -1.455598 0.701869
v 2.174707 -1.447511 0.760700
v 2.574428 -1.075070 0.883117
v 2.623008 -1.076773 0.601608
v 2.186208 -1.455952 0.643335
v 2.541802 -1.096814 0.927738
v 2.630364 -1.061265 0.658474
v 2.204623 -1.448560 0.587347
v 2.503824 -1.124615 0.963977
v 2.628964 -1.053179 0.717305
v 2.230643 -1.433706 0.536057
v 2.461954 -1.157402 0.990439
v 2.263269 -1.411962 0.491435
v 2.417800 -1.193916 1.006108
v 2.301247 -1.384162 0.455197
v 2.373060 -1.232755 1.010382
v 2.343117 -1.351374 0.428734
v 2.329452 -1.272424 1.003097
v 2.387271 -1.314860 0.413065
v 2.288653 -1.311401 0.984532
v 2.432012 -1.276021 0.408791
v 2.252230 -1.348187 0.955401
v 2.475620 -1.236352 0.416076
v 2.221583 -1.381368 0.916824
v 2.516418 -1.197375 0.434641
v 2.197891 -1.409669 0.870283
v 2.552841 -1.160589 0.463772
v 2.182063 -1.432003 0.817566
v 2.579206 -1.007925 0.768723
v 2.543831 -1.082509 0.495234
v 2.135051 -1.402611 0.753584
v 2.560792 -1.015316 0.824711
v 2.567524 -1.054208 0.541776
v 2.136451 -1.410698 0.694754
v 2.534772 -1.030170 0.876001
v 2.583352 -1.031873 0.594492
v 2.146552 -1.411052 0.636220
v 2.502146 -1.051915 0.920623
v 2.590708 -1.016366 0.651359
v 2.164966 -1.403661 0.580232
v 2.464168 -1.079715 0.956861
v 2.589308 -1.008279 0.710189
v 2.190987 -1.388807 0.528941
v 2.422297 -1.112502 0.983324
v 2.223613 -1.367062 0.484320
v 2.378144 -1.149017 0.998993
v 2.261591 -1.339262 0.448081
v 2.333403 -1.187855 1.003267
v 2.303461 -1.306474 0.421619
v 2.289795 -1.227525 0.995982
v 2.347615 -1.269960 0.405950
v 2.248996 -1.266502 0.977417
v 2.392355 -1.231122 0.401676
v 2.212574 -1.303287 0.948286
v 2.435963 -1.191452 0.408961
v 2.181927 -1.336468 0.909709
v 2.476762 -1.152475 0.427526
v 2.158235 -1.364769 0.863168
v 2.513185 -1.115690 0.456657
v 2.142406 -1.387103 0.810451
v 2.208604 -1.230852 0.352330
v 2.158634 -1.269982 0.383912
v 2.192295 -1.136629 1.037805
v 2.244338 -1.089286 1.046499
v 2.261300 -1.187274 0.333630
v 2.143603 -1.183146 1.015649
v 2.314695 -1.140922 0.328529
v 2.100134 -1.227048 0.980883
v 2.366739 -1.093578 0.337224
v 2.063559 -1.266648 0.934842
v 2.415431 -1.047061 0.359380
v 2.035283 -1.300424 0.879298
v 2.458899 -1.003160 0.394146
v 2.016393 -1.327079 0.816383
v 2.495475 -0.963560 0.440186
v 2.007614 -1.345587 0.748515
v 2.515716 -0.883368 0.833401
v 2.537693 -0.874547 0.766582
v 2.523751 -0.929784 0.495731
v 2.009285 -1.355238 0.678304
v 2.484663 -0.901096 0.894614
v 2.542641 -0.903129 0.558646
v 2.021340 -1.355661 0.608446
v 2.445725 -0.927047 0.947868
v 2.551419 -0.884621 0.626514
v 2.043317 -1.346839 0.541627
v 2.400400 -0.960226 0.991117
v 2.549749 -0.874970 0.696725
v 2.074371 -1.329112 0.480414
v 2.350430 -0.999356 1.022698
v 2.113309 -1.303161 0.427160
v 2.297734 -1.042934 1.041399
v 2.462006 -0.788853 0.753002
v 2.440029 -0.797674 0.819821
v 2.408976 -0.815402 0.881034
v 2.370038 -0.841353 0.934288
v 2.324713 -0.874531 0.977537
v 2.274743 -0.913661 1.009118
v 2.222047 -0.957240 1.027819
v 2.168651 -1.003592 1.032920
v 2.116608 -1.050935 1.024225
v 2.067916 -1.097452 1.002069
v 2.024447 -1.141354 0.967303
v 1.987872 -1.180954 0.921262
v 1.959596 -1.214730 0.865718
v 1.940706 -1.241385 0.802803
v 1.931927 -1.259893 0.734935
v 1.933598 -1.269544 0.664724
v 1.945653 -1.269967 0.594866
v 1.967630 -1.261145 0.528047
v 1.998684 -1.243418 0.466834
v 2.037622 -1.217466 0.413580
v 2.082947 -1.184288 0.370332
v 2.132917 -1.145158 0.338750
v 2.185613 -1.101580 0.320050
v 2.239008 -1.055228 0.314949
v 2.291052 -1.007884 0.323644
v 2.339744 -0.961367 0.345800
v 2.383213 -0.917465 0.380566
v 2.419788 -0.877866 0.426606
v 2.448064 -0.844089 0.482151
v 2.466954 -0.817435 0.545066
v 2.475732 -0.798927 0.612934
v 2.474062 -0.789275 0.683145
v 2.310632 -0.617465 0.725842
v 2.288656 -0.626286 0.792661
v 2.257602 -0.644013 0.853874
v 2.218664 -0.669964 0.907128
v 2.173339 -0.703143 0.950377
v 2.123369 -0.742273 0.981958
v 2.070673 -0.785851 1.000659
v 2.017277 -0.832203 1.005760
v 1.965234 -0.879547 0.997065
v 1.916542 -0.926064 0.974909
v 1.873073 -0.969965 0.940143
v 1.836498 -1.009565 0.894102
v 1.808222 -1.043342 0.838558
v 1.789332 -1.069996 0.775643
v 1.780553 -1.088505 0.707775
v 1.782224 -1.098155 0.637564
v 1.794280 -1.098578 0.567706
v 1.816257 -1.089757 0.500887
v 1.847311 -1.072029 0.439674
v 1.886248 -1.046078 0.386420
v 1.931573 -1.012900 0.343172
v 1.981544 -0.973770 0.311590
v 2.034239 -0.930191 0.292890
v 2.087634 -0.883840 0.287789
v 2.139678 -0.836496 0.296484
v 2.188370 -0.789979 0.318640
v 2.231839 -0.746077 0.353406
v 2.268414 -0.706477 0.399446
v 2.296690 -0.672701 0.454991
v 2.315580 -0.646046 0.517906
v 2.324358 -0.627538 0.585774
v 2.322688 -0.617887 0.655985
v 2.268783 -0.656458 0.713026
v 2.250369 -0.663849 0.769014
v 2.224349 -0.678703 0.820304
v 2.191722 -0.700448 0.864926
v 2.153744 -0.728248 0.901164
v 2.111874 -0.761035 0.927626
v 2.067720 -0.797549 0.943296
v 2.022980 -0.836388 0.947570
v 1.979372 -0.876058 0.940284
v 1.938573 -0.915034 0.921720
v 1.902151 -0.951820 0.892589
v 1.871504 -0.985001 0.854012
v 1.847812 -1.013302 0.807470
v 1.831983 -1.035636 0.754754
v 1.824628 -1.051144 0.697887
v 1.826027 -1.059231 0.639057
v 1.836129 -1.059585 0.580523
v 1.854543 -1.052193 0.524535
v 1.880563 -1.037340 0.473244
v 1.913190 -1.015595 0.428622
v 1.951168 -0.987795 0.392384
v 1.993038 -0.955007 0.365922
v 2.037192 -0.918493 0.350253
v 2.081932 -0.879654 0.345979
v 2.125540 -0.839985 0.353264
v 2.166339 -0.801008 0.371829
v 2.202762 -0.764222 0.400960
v 2.233408 -0.731041 0.439537
v 2.257101 -0.702740 0.486078
v 2.272929 -0.680406 0.538795
v 2.280284 -0.664898 0.595662
v 2.278885 -0.656812 0.654492
v 2.174120 -0.549278 0.696041
v 2.155705 -0.556669 0.752029
v 2.129685 -0.571523 0.803319
v 2.097059 -0.593268 0.847941
v 2.059081 -0.621068 0.884179
v 2.017211 -0.653855 0.910642
v 1.973057 -0.690370 0.926311
v 1.928316 -0.729208 0.930585
v 1.884709 -0.768878 0.923300
v 1.843910 -0.807854 0.904735
v 1.807487 -0.844640 0.875604
v 1.776841 -0.877821 0.837027
v 1.753148 -0.906122 0.790486
v 1.737320 -0.928456 0.737769
v 1.729964 -0.943964 0.680902
v 1.731364 -0.952051 0.622072
v 1.741465 -0.952405 0.563538
v 1.759880 -0.945014 0.507550
v 1.785900 -0.930160 0.456259
v 1.818526 -0.908415 0.411638
v 1.856504 -0.880615 0.375399
v 1.898375 -0.847827 0.348937
v 1.942528 -0.811313 0.333268
v 1.987269 -0.772475 0.328994
v 2.030876 -0.732805 0.336279
v 2.071675 -0.693828 0.354844
v 2.108098 -0.657043 0.383975
v 2.138745 -0.623862 0.422552
v 2.162437 -0.595561 0.469094
v 2.178265 -0.573226 0.521810
v 2.185621 -0.557719 0.578677
v 2.184221 -0.549632 0.637507
v 2.195843 -0.529037 0.702694
v 2.175709 -0.537139 0.763786
v 2.147199 -0.553453 0.819728
v 2.111412 -0.577354 0.868371
v 2.069720 -0.607921 0.907846
v 2.023728 -0.643980 0.936635
v 1.975201 -0.684146 0.953632
v 1.926005 -0.726876 0.958184
v 1.878031 -0.770525 0.950116
v 1.833123 -0.813419 0.929738
v 1.793005 -0.853908 0.897833
v 1.759220 -0.890437 0.855628
v 1.733066 -0.921600 0.804743
v 1.715547 -0.946201 0.747136
v 1.707339 -0.963295 0.685018
v 1.708755 -0.972224 0.620778
v 1.719742 -0.972646 0.556885
v 1.739876 -0.964544 0.495793
v 1.768386 -0.948229 0.439851
v 1.804173 -0.924329 0.391207
v 1.845865 -0.893762 0.351733
v 1.891858 -0.857703 0.322944
v 1.940384 -0.817536 0.305947
v 1.989580 -0.774807 0.301395
v 2.037554 -0.731157 0.309463
v 2.082463 -0.688263 0.329841
v 2.122580 -0.647774 0.361746
v 2.156365 -0.611246 0.403951
v 2.182520 -0.580083 0.454836
v 2.200037 -0.555481 0.512444
v 2.208246 -0.538388 0.574561
v 2.206830 -0.529459 0.638801
v 2.166758 -0.527361 0.763263
v 2.187151 -0.519195 0.701134
v 2.138000 -0.543737 0.820203
v 2.101984 -0.567693 0.869765
v 2.060092 -0.598310 0.910045
v 2.013935 -0.634410 0.939495
v 1.965286 -0.674606 0.956983
v 1.916015 -0.717354 0.961838
v 1.868016 -0.761011 0.953872
v 1.823132 -0.803898 0.933392
v 1.783090 -0.844368 0.901185
v 1.749427 -0.880867 0.858488
v 1.723437 -0.911989 0.806942
v 1.706120 -0.936541 0.748529
v 1.698140 -0.953579 0.685493
v 1.699804 -0.962447 0.620256
v 1.711049 -0.962805 0.555325
v 1.731442 -0.954639 0.493196
v 1.760200 -0.938263 0.436257
v 1.796216 -0.914306 0.386695
v 1.838108 -0.883689 0.346415
v 1.884266 -0.847589 0.316965
v 1.932914 -0.807393 0.299476
v 1.982185 -0.764645 0.294622
v 2.030185 -0.720989 0.302588
v 2.075068 -0.678101 0.323068
v 2.115110 -0.637631 0.355275
v 2.148773 -0.601133 0.397972
v 2.174763 -0.570010 0.449518
v 2.192080 -0.545458 0.507931
v 2.200060 -0.528421 0.570967
v 2.198395 -0.519553 0.636204
v 2.171810 -0.390828 0.793089
v 2.198329 -0.380183 0.712460
v 2.134338 -0.412219 0.866952
v 2.087353 -0.443534 0.931212
v 2.032661 -0.483569 0.983399
v 1.972363 -0.530787 1.021508
v 1.908777 -0.583371 1.044073
v 1.844346 -0.639302 1.050228
v 1.781547 -0.696431 1.039736
v 1.722792 -0.752561 1.013001
v 1.670339 -0.805536 0.971050
v 1.626205 -0.853321 0.915495
v 1.592085 -0.894077 0.848470
v 1.569291 -0.926240 0.772552
v 1.558698 -0.948574 0.690659
v 1.560714 -0.960219 0.605937
v 1.575261 -0.960730 0.521641
v 1.601780 -0.950085 0.441013
v 1.639252 -0.928694 0.367149
v 1.686237 -0.897379 0.302889
v 1.740929 -0.857344 0.250702
v 1.801227 -0.810127 0.212594
v 1.864813 -0.757542 0.190029
v 1.929244 -0.701611 0.183874
v 1.992043 -0.644482 0.194365
v 2.050798 -0.588351 0.221101
v 2.103251 -0.535377 0.263052
v 2.147385 -0.487592 0.318607
v 2.181505 -0.446836 0.385632
v 2.204299 -0.414673 0.461550
v 2.214892 -0.392339 0.543443
v 2.212876 -0.380693 0.628165
v 2.110279 -0.321161 0.782048
v 2.136798 -0.310516 0.701420
v 2.072807 -0.342552 0.855912
v 2.025822 -0.373867 0.920172
v 1.971130 -0.413902 0.972359
v 1.910832 -0.461119 1.010467
v 1.847246 -0.513704 1.033033
v 1.782815 -0.569635 1.039188
v 1.720015 -0.626764 1.028696
v 1.661260 -0.682894 1.001961
v 1.608808 -0.735869 0.960010
v 1.564674 -0.783653 0.904454
v 1.530554 -0.824410 0.837430
v 1.507759 -0.856574 0.761512
v 1.497167 -0.878907 0.679619
v 1.499183 -0.890553 0.594896
v 1.513729 -0.891063 0.510601
v 1.540248 -0.880418 0.429973
v 1.577720 -0.859027 0.356109
v 1.624705 -0.827712 0.291849
v 1.679397 -0.787677 0.239662
v 1.739695 -0.740460 0.201554
v 1.803282 -0.687875 0.178989
v 1.867712 -0.631944 0.172834
v 1.930512 -0.574815 0.183325
v 1.989267 -0.518685 0.210061
v 2.041719 -0.465709 0.252012
v 2.085854 -0.417925 0.307567
v 2.119973 -0.377168 0.374592
v 2.142767 -0.345006 0.450509
v 2.153360 -0.322672 0.532403
v 2.151345 -0.311027 0.617125
v 1.983021 -0.305949 0.732658
v 2.003906 -0.297571 0.669125
v 1.953528 -0.322773 0.790867
v 1.916559 -0.347399 0.841515
v 1.873535 -0.378879 0.882656
v 1.826110 -0.416004 0.912709
v 1.776105 -0.457346 0.930519
v 1.725443 -0.501318 0.935401
v 1.676071 -0.546229 0.927168
v 1.629886 -0.590354 0.906136
v 1.588662 -0.631997 0.873113
v 1.553984 -0.669558 0.829369
v 1.527185 -0.701592 0.776585
v 1.509294 -0.726869 0.716788
v 1.501000 -0.744418 0.652278
v 1.502620 -0.753564 0.585532
v 1.513532 -0.754478 0.518945
v 1.533803 -0.746673 0.455225
v 1.564470 -0.728754 0.397375
v 1.601439 -0.704129 0.346727
v 1.644463 -0.672648 0.305586
v 1.691889 -0.635524 0.275533
v 1.741679 -0.594381 0.257658
v 1.792555 -0.550209 0.252842
v 1.841928 -0.505298 0.261075
v 1.888113 -0.461173 0.282107
v 1.929337 -0.419530 0.315129
v 1.964014 -0.381970 0.358874
v 1.990813 -0.349936 0.411658
v 2.008704 -0.324658 0.471455
v 2.016999 -0.307109 0.535965
v 2.015378 -0.297963 0.602710
v 1.806877 -0.375646 0.645081
v 1.815873 -0.372035 0.617729
v 1.794165 -0.382902 0.670137
v 1.778227 -0.393525 0.691936
v 1.759674 -0.407106 0.709639
v 1.739219 -0.423124 0.722567
v 1.717649 -0.440962 0.730221
v 1.695792 -0.459935 0.732309
v 1.674489 -0.479315 0.728750
v 1.654558 -0.498355 0.719681
v 1.636764 -0.516326 0.705450
v 1.621793 -0.532536 0.686604
v 1.610218 -0.546361 0.663868
v 1.602486 -0.557272 0.638114
v 1.598893 -0.564848 0.610334
v 1.599576 -0.568799 0.581594
v 1.604511 -0.568972 0.552999
v 1.613507 -0.565361 0.525647
v 1.626219 -0.558104 0.500591
v 1.642157 -0.547482 0.478792
v 1.660710 -0.533901 0.461089
v 1.681165 -0.517883 0.448162
v 1.702735 -0.500045 0.440507
v 1.724592 -0.481072 0.438419
v 1.745895 -0.461692 0.441978
v 1.765826 -0.442651 0.451047
v 1.783620 -0.424680 0.465278
v 1.798591 -0.408471 0.484124
v 1.810165 -0.394645 0.506861
v 1.817898 -0.383734 0.532614
v 1.821491 -0.376158 0.560394
v 1.820807 -0.372208 0.589135
v 1.726340 -0.825302 0.936002
v 1.772771 -0.778408 0.973138
v 2.011114 -0.682735 0.248477
v 1.955523 -0.733306 0.239189
v 1.687272 -0.867600 0.886824
v 2.063124 -0.633048 0.272143
v 1.657069 -0.903678 0.827494
v 2.109555 -0.586154 0.309279
v 1.636891 -0.932149 0.760291
v 2.148623 -0.543856 0.358457
v 1.627514 -0.951919 0.687799
v 2.170245 -0.458200 0.778470
v 2.193719 -0.448777 0.707097
v 2.178826 -0.507778 0.417787
v 1.629299 -0.962228 0.612802
v 2.137074 -0.477135 0.843855
v 2.199004 -0.479307 0.484990
v 1.642176 -0.962680 0.538183
v 2.095483 -0.504855 0.900738
v 2.208381 -0.459537 0.557482
v 1.665650 -0.953257 0.466810
v 2.047069 -0.540294 0.946934
v 2.206596 -0.449228 0.632479
v 1.698821 -0.934321 0.401426
v 1.993693 -0.582091 0.980668
v 1.740412 -0.906601 0.344543
v 1.937406 -0.628639 1.000643
v 1.788826 -0.871162 0.298346
v 1.880372 -0.678150 1.006091
v 1.842202 -0.829365 0.264613
v 1.824781 -0.728721 0.996804
v 1.898489 -0.782817 0.244638
v 1.524322 -0.759536 0.521321
v 1.510015 -0.761835 0.586549
v 1.924090 -0.355636 0.841984
v 1.960994 -0.331027 0.791599
v 2.024174 -0.315434 0.537861
v 2.015814 -0.332999 0.473613
v 1.541050 -0.754980 0.456835
v 1.881124 -0.387102 0.882894
v 2.022625 -0.306271 0.604321
v 1.571646 -0.737079 0.399271
v 1.833745 -0.424215 0.912758
v 2.011226 -0.305860 0.670439
v 1.608550 -0.712469 0.348885
v 1.783776 -0.465549 0.930427
v 1.651517 -0.681004 0.307975
v 1.733136 -0.509516 0.935223
v 1.698895 -0.643890 0.278112
v 1.683771 -0.554425 0.926960
v 1.749079 -0.602356 0.260508
v 1.637578 -0.598552 0.905957
v 1.799505 -0.558589 0.255647
v 1.596333 -0.640200 0.873022
v 1.848870 -0.513680 0.263910
v 1.561620 -0.677769 0.829418
v 1.895063 -0.469553 0.284912
v 1.534774 -0.709815 0.776823
v 1.936308 -0.427905 0.317848
v 1.516826 -0.735106 0.717257
v 1.971020 -0.390337 0.361452
v 1.508466 -0.752671 0.653009
v 1.990416 -0.314219 0.733675
v 1.997867 -0.358291 0.414047
v 2.203037 -0.610259 0.760521
v 2.221452 -0.602868 0.704533
v 2.209769 -0.649150 0.477586
v 2.186076 -0.677451 0.431045
v 1.778696 -1.005641 0.630564
v 1.777296 -0.997554 0.689395
v 2.177017 -0.625113 0.811812
v 2.225597 -0.626816 0.530303
v 1.788797 -1.005995 0.572030
v 2.144391 -0.646858 0.856434
v 2.232953 -0.611308 0.587169
v 1.807212 -0.998603 0.516042
v 2.106413 -0.674658 0.892672
v 2.231553 -0.603222 0.646000
v 1.833232 -0.983750 0.464752
v 2.064543 -0.707445 0.919134
v 1.865858 -0.962005 0.420130
v 2.020389 -0.743960 0.934803
v 1.903836 -0.934205 0.383892
v 1.975648 -0.782798 0.939077
v 1.945706 -0.901417 0.357430
v 1.932041 -0.822468 0.931792
v 1.989860 -0.864903 0.341760
v 1.891241 -0.861444 0.913227
v 2.034600 -0.826065 0.337486
v 1.854819 -0.898230 0.884097
v 2.078208 -0.786395 0.344772
v 1.824172 -0.931411 0.845519
v 2.119007 -0.747418 0.363336
v 1.800480 -0.959712 0.798978
v 2.155430 -0.710633 0.392467
v 1.784652 -0.982046 0.746261
v 2.261108 -0.647767 0.711649
v 2.225733 -0.722351 0.438160
v 1.816952 -1.042454 0.696510
v 2.242693 -0.655159 0.767637
v 2.249425 -0.694050 0.484701
v 1.818352 -1.050541 0.637680
v 2.216673 -0.670012 0.818927
v 2.265254 -0.671716 0.537418
v 1.828453 -1.050895 0.579145
v 2.184047 -0.691757 0.863549
v 2.272609 -0.656208 0.594284
v 1.846868 -1.043503 0.523157
v 2.146069 -0.719558 0.899787
v 2.271209 -0.648121 0.653115
v 1.872888 -1.028650 0.471867
v 2.104199 -0.752345 0.926249
v 1.905514 -1.006905 0.427245
v 2.060045 -0.788859 0.941919
v 1.943492 -0.979105 0.391007
v 2.015305 -0.827698 0.946193
v 1.985363 -0.946317 0.364545
v 1.971697 -0.867367 0.938907
v 2.029516 -0.909802 0.348876
v 1.930898 -0.906344 0.920343
v 2.074257 -0.870964 0.344602
v 1.894475 -0.943130 0.891212
v 2.117864 -0.831295 0.351887
v 1.863829 -0.976310 0.852635
v 2.158663 -0.792318 0.370452
v 1.840136 -1.004612 0.806093
v 2.195086 -0.755532 0.399583
v 1.824308 -1.026946 0.753376
v 2.057230 -1.059464 0.325170
v 2.007260 -1.098594 0.356752
v 2.040921 -0.965241 1.010645
v 2.092964 -0.917897 1.019340
v 2.109926 -1.015885 0.306470
v 1.992229 -1.011758 0.988489
v 2.163321 -0.969534 0.301369
v 1.948760 -1.055660 0.953723
v 2.215365 -0.922190 0.310064
v 1.912185 -1.095260 0.907682
v 2.264057 -0.875673 0.332220
v 1.883909 -1.129036 0.852138
v 2.307526 -0.831771 0.366986
v 1.865019 -1.155690 0.789223
v 2.344101 -0.792171 0.413026
v 1.856240 -1.174199 0.721355
v 2.364342 -0.711980 0.806241
v 2.386319 -0.703159 0.739422
v 2.372377 -0.758395 0.468571
v 1.857911 -1.183850 0.651144
v 2.333289 -0.729707 0.867454
v 2.391267 -0.731740 0.531486
v 1.869967 -1.184272 0.581286
v 2.294351 -0.755659 0.920708
v 2.400045 -0.713232 0.599354
v 1.891943 -1.175451 0.514467
v 2.249026 -0.788837 0.963957
v 2.398375 -0.703581 0.669565
v 1.922997 -1.157724 0.453254
v 2.199056 -0.827967 0.995538
v 1.961935 -1.131772 0.400000
v 2.146360 -0.871546 1.014239
v 0.032117 -3.073825 0.060514
v 0.057032 -3.094821 0.043042
v 0.285128 -2.950830 -0.065759
v 0.304804 -2.992697 -0.002627
v 0.297800 -3.011528 0.077532
v 0.265993 -3.002276 0.153242
v 0.217905 -2.967420 0.204215
v 0.231865 -2.995929 -0.061904
v 0.248820 -3.032008 -0.007500
v 0.242784 -3.048235 0.061578
v 0.215374 -3.040262 0.126821
v 0.173934 -3.010225 0.170747
v 0.224237 -2.958745 0.154022
v 0.245517 -2.970377 0.119928
v 0.262356 -2.972404 0.071111
v 0.270228 -2.964278 0.020685
v 0.267022 -2.948186 -0.017802
v 0.217262 -2.992621 -0.020668
v 0.220024 -3.006570 0.012670
v 0.213201 -3.013611 0.056339
v 0.198623 -3.011851 0.098618
v 0.180204 -3.001766 0.128159
v 0.133307 -3.044364 -0.044210
v 0.140428 -3.062438 -0.012470
v 0.138907 -3.076080 0.034001
v 0.119188 -3.068175 0.074338
v 0.097517 -3.052565 0.097608
v 0.071381 -3.101216 0.015643
v 0.071320 -3.091295 -0.014342
v 0.056866 -3.067717 -0.038878
v 1.531931 -1.751354 0.413507
v 1.527010 -1.752422 0.432825
v 1.520394 -1.754001 0.459233
v 1.513856 -1.755668 0.485655
v 1.509147 -1.756977 0.505011
v 1.969139 -1.372383 0.467330
v 1.985598 -1.408187 0.523019
v 1.979083 -1.424364 0.593702
v 1.951348 -1.416640 0.660571
v 1.909754 -1.387038 0.705824
v 1.980463 -1.344446 0.506790
v 1.990736 -1.368544 0.546872
v 1.985402 -1.379595 0.598027
v 1.965896 -1.374675 0.646635
v 1.937397 -1.355075 0.679748
v 0.159542 -3.037423 -0.050977
v 0.168013 -3.056283 -0.010583
v 0.161085 -3.065530 0.040172
v 0.143226 -3.062400 0.088966
v 0.119567 -3.047646 0.121331
v 1.899093 -1.438798 0.456143
v 1.913099 -1.470434 0.507100
v 1.906705 -1.484837 0.571964
v 1.881633 -1.478199 0.633470
v 1.844538 -1.452262 0.675241
v 2.009676 -1.320284 0.471713
v 2.022557 -1.353286 0.530449
v 2.013853 -1.368657 0.605783
v 1.985902 -1.362332 0.677658
v 1.946128 -1.335967 0.726931
v 1.960293 -1.355402 0.557047
v 1.955843 -1.366379 0.541542
v 1.964329 -1.364871 0.572796
v 1.962310 -1.380447 0.563423
v 1.962233 -1.369213 0.592896
v 1.959750 -1.386804 0.591197
v 1.954569 -1.367280 0.611995
v 1.948852 -1.383768 0.617471
v 1.943371 -1.359578 0.625006
v 1.932509 -1.372137 0.635252
v 1.812047 -1.488333 0.494772
v 1.817366 -1.501577 0.517883
v 1.814043 -1.507718 0.547485
v 1.802971 -1.505130 0.575694
v 1.787091 -1.494491 0.594995
v 0.044538 -3.051121 -0.049094
v 0.015973 -3.058170 0.065623
v 0.003638 -3.041580 0.055404
v -0.010816 -3.018002 0.030869
v 0.236646 -2.888894 -0.096091
v 0.177916 -2.829443 -0.084995
v 0.129829 -2.794588 -0.034022
v 0.098022 -2.785336 0.041688
v 0.091018 -2.804166 0.121847
v 0.110693 -2.846033 0.184978
v 0.159112 -2.908029 0.215291
v 0.125959 -2.876020 -0.080906
v 0.084519 -2.845983 -0.036980
v 0.057109 -2.838010 0.028263
v 0.051073 -2.854237 0.097342
v 0.068029 -2.890316 0.151746
v 0.116544 -2.951356 0.179130
v 0.183378 -2.934862 -0.089281
v 0.171991 -2.937302 -0.041212
v 0.222231 -2.892764 -0.040168
v 0.127826 -2.849585 0.136724
v 0.172616 -2.905008 0.159089
v 0.124619 -2.833493 0.098236
v 0.132490 -2.825368 0.047810
v 0.149330 -2.827395 -0.001007
v 0.170610 -2.839027 -0.035101
v 0.120819 -2.883426 -0.037972
v 0.102375 -2.873365 -0.008439
v 0.087787 -2.871614 0.033837
v 0.080974 -2.878646 0.077509
v 0.083761 -2.892571 0.110855
v 0.129013 -2.947909 0.131393
v 0.062441 -2.964128 -0.056925
v 0.040799 -2.949637 -0.030346
v 0.020038 -2.941494 0.012673
v 0.018842 -2.954561 0.056333
v 0.027566 -2.973366 0.085057
v 0.058396 -3.013985 0.108004
v 0.101477 -3.003353 -0.065014
v -0.010877 -3.008081 0.000884
v 0.003472 -3.014476 -0.026515
v 0.028386 -3.035472 -0.043987
v 1.491006 -1.702595 0.398782
v 1.446565 -1.654700 0.398190
v 1.441856 -1.656009 0.417546
v 1.435318 -1.657676 0.443968
v 1.428701 -1.659255 0.470376
v 1.423780 -1.660323 0.489694
v 1.464702 -1.709086 0.504418
v 1.923329 -1.314270 0.439716
v 1.868401 -1.258325 0.449255
v 1.826963 -1.228578 0.494556
v 1.799288 -1.220798 0.561443
v 1.792713 -1.237031 0.632108
v 1.809016 -1.272980 0.687749
v 1.854703 -1.331207 0.715326
v 1.939121 -1.293097 0.485315
v 1.891155 -1.243330 0.490766
v 1.862754 -1.223640 0.523908
v 1.843284 -1.218686 0.572528
v 1.837913 -1.229770 0.623672
v 1.848089 -1.253958 0.663724
v 1.889356 -1.305379 0.685175
v 0.120594 -2.986798 -0.067087
v 0.073844 -2.940393 -0.066353
v 0.050275 -2.922977 -0.031708
v 0.032415 -2.919847 0.017086
v 0.025487 -2.929094 0.067841
v 0.031694 -2.948155 0.105565
v 0.072926 -2.998562 0.124351
v 1.795638 -1.321663 0.437581
v 1.758680 -1.295598 0.479394
v 1.733660 -1.288912 0.540916
v 1.727214 -1.303363 0.605764
v 1.741083 -1.335127 0.656679
v 1.788512 -1.394792 0.682986
v 1.851555 -1.379234 0.429803
v 1.971835 -1.270722 0.444181
v 1.924204 -1.223510 0.456378
v 1.884550 -1.197033 0.505687
v 1.856646 -1.190664 0.577577
v 1.847896 -1.206079 0.652897
v 1.860655 -1.239193 0.711595
v 1.898401 -1.288844 0.739098
v 1.869904 -1.253062 0.540829
v 1.860963 -1.258953 0.524518
v 1.858744 -1.245325 0.553851
v 1.844681 -1.247265 0.542318
v 1.851094 -1.243379 0.572955
v 1.833807 -1.244208 0.568599
v 1.848983 -1.247734 0.593051
v 1.831223 -1.250587 0.596365
v 1.852982 -1.257238 0.608788
v 1.837629 -1.264712 0.618228
v 1.896845 -1.308747 0.622178
v 1.883230 -1.318895 0.634024
v 1.910195 -1.312240 0.525731
v 1.916399 -1.303921 0.543648
v 1.729361 -1.394714 0.479936
v 1.713538 -1.384022 0.499254
v 1.702489 -1.381414 0.527470
v 1.699143 -1.387575 0.557065
v 1.704405 -1.400873 0.580159
v 1.743786 -1.448182 0.595361
v 1.772621 -1.441066 0.479556
v 0.012272 -3.079072 -0.045647
v 0.049063 -3.078136 -0.011357
v 0.041014 -3.090786 -0.022591
v 0.030574 -3.104317 -0.028602
v 0.015643 -3.114425 -0.030361
v -0.001505 -3.119572 -0.027600
v -0.018262 -3.118973 -0.020740
v 0.051219 -3.087942 0.011438
v 0.041957 -3.101943 0.008272
v 0.031595 -3.116393 0.004804
v 0.016587 -3.125582 0.000502
v -0.000784 -3.128111 -0.003979
v -0.017871 -3.123595 -0.007956
v -0.032074 -3.112721 -0.010824
v 0.038381 -3.080772 0.031543
v 0.026382 -3.094398 0.036171
v 0.014737 -3.108226 0.035002
v 0.001012 -3.118036 0.028401
v -0.012704 -3.122335 0.017374
v -0.024322 -3.120469 0.003600
v 0.018069 -3.060826 0.037180
v 0.003412 -3.072570 0.044763
v -0.010125 -3.084599 0.044302
v -0.021958 -3.096208 0.036994
v -0.030284 -3.105629 0.023951
v -0.033837 -3.111428 0.007159
v 0.002182 -3.039788 0.025048
v -0.013497 -3.049246 0.029016
v -0.028427 -3.059354 0.027257
v -0.038867 -3.072885 0.021246
v -0.043226 -3.087778 0.011898
v -0.040841 -3.101767 0.000637
v 0.000026 -3.029981 0.002253
v -0.014440 -3.038090 -0.001847
v -0.029448 -3.047278 -0.006149
v -0.039810 -3.061728 -0.009617
v -0.043948 -3.079239 -0.011723
v -0.041231 -3.097146 -0.012147
v 0.012864 -3.037151 -0.017852
v 0.001135 -3.045635 -0.029747
v -0.012590 -3.055446 -0.036347
v -0.024235 -3.069274 -0.037516
v -0.032027 -3.085015 -0.033077
v -0.034780 -3.100271 -0.023704
v 0.033176 -3.057098 -0.023489
v 0.024105 -3.067463 -0.038339
v -0.001265 -3.091102 -0.046109
v -0.014447 -3.101721 -0.039653
v -0.025266 -3.109313 -0.027263
v 2.026591 -1.302112 0.501562
v 2.032460 -1.341765 0.547954
v 2.024256 -1.358963 0.608969
v 2.002501 -1.349159 0.668270
v 1.974652 -1.314930 0.710155
v 1.987847 -1.252772 0.477657
v 1.941119 -1.205338 0.486227
v 1.894454 -1.185512 0.523192
v 1.867050 -1.180970 0.580763
v 1.864495 -1.192905 0.643508
v 1.889179 -1.218156 0.694819
v 1.927828 -1.267584 0.718696
v 2.864852 -1.315819 0.888595
v 2.876396 -1.329896 0.890203
v 2.877476 -1.316899 0.893420
v 2.896693 -1.321748 0.828492
v 2.885278 -1.307630 0.826517
v 2.898425 -1.308493 0.829738
v 2.835986 -1.332262 0.945437
v 2.847716 -1.346268 0.946736
v 2.847875 -1.333786 0.951752
v 2.799813 -1.356315 0.994845
v 2.811755 -1.370235 0.995919
v 2.810766 -1.358503 1.002486
v 2.757748 -1.387036 1.034924
v 2.769895 -1.400877 1.035862
v 2.767582 -1.390093 1.043675
v 2.711430 -1.423234 1.064154
v 2.723744 -1.437016 1.065029
v 2.719988 -1.427341 1.073742
v 2.662646 -1.463513 1.081439
v 2.675077 -1.477263 1.082300
v 2.669817 -1.468814 1.091539
v 2.613267 -1.506334 1.086144
v 2.625763 -1.520071 1.087011
v 2.618994 -1.512918 1.096390
v 2.565174 -1.550068 1.078108
v 2.577698 -1.563796 1.078981
v 2.569469 -1.557967 1.088116
v 2.520193 -1.593057 1.057642
v 2.532729 -1.606757 1.058518
v 2.523138 -1.602234 1.067034
v 2.480031 -1.633667 1.025517
v 2.492583 -1.647303 1.026410
v 2.481775 -1.644023 1.033951
v 2.446222 -1.670346 0.982939
v 2.458804 -1.683875 0.983889
v 2.446966 -1.681731 0.990129
v 2.420066 -1.701679 0.931515
v 2.432689 -1.715069 0.932590
v 2.420051 -1.713909 0.937244
v 2.402580 -1.726446 0.873199
v 2.415243 -1.739686 0.874485
v 2.402066 -1.739313 0.877322
v 2.394455 -1.743672 0.810223
v 2.407136 -1.756780 0.811806
v 2.393709 -1.756962 0.812663
v 2.396019 -1.752672 0.745018
v 2.408679 -1.765693 0.746962
v 2.395304 -1.766170 0.745754
v 2.406765 -1.752881 0.680007
v 2.419812 -1.766083 0.682444
v 2.406661 -1.766519 0.679143
v 2.426488 -1.744507 0.618193
v 2.440109 -1.757936 0.620733
v 2.427403 -1.758059 0.615538
v 2.456481 -1.728328 0.561195
v 2.468789 -1.741564 0.564200
v 2.457334 -1.741249 0.557161
v 2.492584 -1.704213 0.511771
v 2.504750 -1.717597 0.515017
v 2.494423 -1.716514 0.506421
v 2.534570 -1.673412 0.471671
v 2.546610 -1.686954 0.475075
v 2.537584 -1.684900 0.465226
v 2.580811 -1.637133 0.442418
v 2.592761 -1.650816 0.445908
v 2.585155 -1.647628 0.435153
v 2.629147 -1.596997 0.425177
v 2.641428 -1.610569 0.428637
v 2.635195 -1.606198 0.417369
v 2.678846 -1.553882 0.420453
v 2.690742 -1.567760 0.423926
v 2.686111 -1.562007 0.412512
v 2.726922 -1.510137 0.428479
v 2.738807 -1.524036 0.431956
v 2.735632 -1.516956 0.420783
v 2.771919 -1.467172 0.448942
v 2.783777 -1.481075 0.452418
v 2.781968 -1.472696 0.441864
v 2.812127 -1.426619 0.481071
v 2.823922 -1.440529 0.484527
v 2.823344 -1.430923 0.474948
v 2.846004 -1.390020 0.523657
v 2.857701 -1.403956 0.527048
v 2.858172 -1.393238 0.518773
v 2.872239 -1.358780 0.575092
v 2.883816 -1.372762 0.578346
v 2.885111 -1.361088 0.571661
v 2.889802 -1.334106 0.633420
v 2.901262 -1.348145 0.636452
v 2.903118 -1.335711 0.631587
v 2.897991 -1.316960 0.696404
v 2.909369 -1.331052 0.699131
v 2.911494 -1.318086 0.696249
v 2.896468 -1.308016 0.761613
v 2.907826 -1.322139 0.763975
v 2.909911 -1.308894 0.763159
v 1.978930 -0.295588 0.732946
v 1.984651 -0.301604 0.734186
v 1.984609 -0.295488 0.735354
v 2.005801 -0.293108 0.669872
v 2.000027 -0.287120 0.668802
v 2.006004 -0.286898 0.670304
v 1.949119 -0.312606 0.791709
v 1.954775 -0.318676 0.793094
v 1.954381 -0.312748 0.794943
v 1.911740 -0.337519 0.842831
v 1.917328 -0.343662 0.844325
v 1.916483 -0.338015 0.846780
v 1.868229 -0.369369 0.884349
v 1.873759 -0.375589 0.885912
v 1.872375 -0.370312 0.888872
v 1.820259 -0.406933 0.914666
v 1.825747 -0.413221 0.916264
v 1.823752 -0.408398 0.919604
v 1.769673 -0.448767 0.932618
v 1.775138 -0.455104 0.934228
v 1.772484 -0.450805 0.937799
v 1.718415 -0.493263 0.937515
v 1.723871 -0.499630 0.939126
v 1.720539 -0.495903 0.942762
v 1.668454 -0.538712 0.929168
v 1.673905 -0.545091 0.930778
v 1.669910 -0.541963 0.934303
v 1.621711 -0.583367 0.907899
v 1.627149 -0.589750 0.909505
v 1.622539 -0.587215 0.912749
v 1.579982 -0.625512 0.874525
v 1.585391 -0.631900 0.876119
v 1.580245 -0.629923 0.878926
v 1.544871 -0.663527 0.830327
v 1.550235 -0.669928 0.831890
v 1.544652 -0.668450 0.834129
v 1.517727 -0.695951 0.777006
v 1.523034 -0.702374 0.778504
v 1.517129 -0.701313 0.780077
v 1.499593 -0.721539 0.716609
v 1.504845 -0.727989 0.718004
v 1.498737 -0.727250 0.718844
v 1.491165 -0.739306 0.651458
v 1.496378 -0.745782 0.652711
v 1.490186 -0.745262 0.652782
v 1.492769 -0.748571 0.584057
v 1.497970 -0.755062 0.585140
v 1.491807 -0.754655 0.584431
v 1.504342 -0.748977 0.516995
v 1.509635 -0.755691 0.517901
v 1.503562 -0.755131 0.516423
v 1.525439 -0.740508 0.452851
v 1.530806 -0.747500 0.453769
v 1.524962 -0.746631 0.451426
v 1.555250 -0.723490 0.394088
v 1.560645 -0.729920 0.394690
v 1.555179 -0.729222 0.391786
v 1.592629 -0.698578 0.342966
v 1.598117 -0.704970 0.343462
v 1.593084 -0.703966 0.339951
v 1.636140 -0.666728 0.301448
v 1.641718 -0.673084 0.301878
v 1.637202 -0.671680 0.297859
v 1.684111 -0.629164 0.271131
v 1.689763 -0.635493 0.271527
v 1.685835 -0.633607 0.267128
v 1.734697 -0.587329 0.253179
v 1.740277 -0.593800 0.253603
v 1.737075 -0.591256 0.248944
v 1.785955 -0.542833 0.248282
v 1.791698 -0.549147 0.248698
v 1.789065 -0.546120 0.243980
v 1.835916 -0.497384 0.256629
v 1.841668 -0.503695 0.257043
v 1.839695 -0.500063 0.252438
v 1.882659 -0.452729 0.277898
v 1.888415 -0.459027 0.278311
v 1.887063 -0.454808 0.273990
v 1.924387 -0.410584 0.311273
v 1.930150 -0.416853 0.311691
v 1.929351 -0.412092 0.307812
v 1.959499 -0.372570 0.355470
v 1.965274 -0.378790 0.355913
v 1.964934 -0.373556 0.352607
v 1.986643 -0.340146 0.408792
v 1.992436 -0.346303 0.409291
v 1.992446 -0.340681 0.406656
v 2.004777 -0.314558 0.469189
v 2.010588 -0.320648 0.469783
v 2.010827 -0.314732 0.467887
v 2.013204 -0.296790 0.534340
v 2.019022 -0.302822 0.535069
v 2.019369 -0.296710 0.533947
v 2.011600 -0.287526 0.601741
v 2.017407 -0.293520 0.602634
v 2.017740 -0.287311 0.602296
v 1.536415 -1.795529 0.466201
v 1.564631 -1.765387 0.475079
v 1.581554 -1.739094 0.480908
v 1.582648 -1.723696 0.482127
v 1.567622 -1.723320 0.478408
v 1.540500 -1.738065 0.470749
v 1.508551 -1.763982 0.461201
v 1.480335 -1.794124 0.452323
v 1.463413 -1.820417 0.446494
v 1.462318 -1.835814 0.445275
v 1.477345 -1.836191 0.448994
v 1.504466 -1.821445 0.456653
v 1.539155 -1.794031 0.452696
v 1.567298 -1.763929 0.461936
v 1.584020 -1.737746 0.468754
v 1.584840 -1.722498 0.471323
v 1.569540 -1.722271 0.468955
v 1.542218 -1.737127 0.462284
v 1.510195 -1.763083 0.453099
v 1.482053 -1.793185 0.443859
v 1.465331 -1.819368 0.437041
v 1.464510 -1.834616 0.434471
v 1.479811 -1.834843 0.436839
v 1.507133 -1.819987 0.443510
v 1.540656 -1.791209 0.439208
v 1.568759 -1.761182 0.448810
v 1.585371 -1.735206 0.456615
v 1.586041 -1.720240 0.460533
v 1.570591 -1.720296 0.459514
v 1.543159 -1.735358 0.453831
v 1.511096 -1.761390 0.445006
v 1.482994 -1.791417 0.435405
v 1.466382 -1.817393 0.427599
v 1.465711 -1.832358 0.423681
v 1.481162 -1.832303 0.424701
v 1.508594 -1.817241 0.430384
v 1.540893 -1.787112 0.425969
v 1.568989 -1.757195 0.435925
v 1.585584 -1.731518 0.444700
v 1.586231 -1.716962 0.449941
v 1.570757 -1.717428 0.450246
v 1.543307 -1.732790 0.445532
v 1.511238 -1.758931 0.437062
v 1.483142 -1.788848 0.427106
v 1.466548 -1.814525 0.418332
v 1.465901 -1.829080 0.413090
v 1.481375 -1.828615 0.412785
v 1.508824 -1.813254 0.417499
v 1.539862 -1.781809 0.413204
v 1.567985 -1.752034 0.423502
v 1.584656 -1.726746 0.433211
v 1.585406 -1.712720 0.439729
v 1.570034 -1.713716 0.441311
v 1.542661 -1.729466 0.437531
v 1.510620 -1.755749 0.429403
v 1.482496 -1.785524 0.419105
v 1.465826 -1.810813 0.409396
v 1.465076 -1.824838 0.402878
v 1.480447 -1.823843 0.401296
v 1.507820 -1.808093 0.405076
v 1.537579 -1.775391 0.401132
v 1.565764 -1.745788 0.411753
v 1.582601 -1.720970 0.422346
v 1.583580 -1.707586 0.430072
v 1.568437 -1.709224 0.432860
v 1.541230 -1.725443 0.429964
v 1.509250 -1.751899 0.422160
v 1.481065 -1.781502 0.411539
v 1.464228 -1.806321 0.400946
v 1.463250 -1.819704 0.393220
v 1.478392 -1.818067 0.390432
v 1.505599 -1.801847 0.393328
v 1.534085 -1.767969 0.389959
v 1.562363 -1.738565 0.400880
v 1.579456 -1.714289 0.412291
v 1.580784 -1.701648 0.421134
v 1.565991 -1.704028 0.425039
v 1.539040 -1.720791 0.422961
v 1.507153 -1.747445 0.415457
v 1.478875 -1.776850 0.404536
v 1.461782 -1.801125 0.393125
v 1.460454 -1.813766 0.384282
v 1.475248 -1.811386 0.380376
v 1.502198 -1.794623 0.382454
v 1.529439 -1.759668 0.379877
v 1.557841 -1.730487 0.391068
v 1.575275 -1.706819 0.403217
v 1.577067 -1.695008 0.413068
v 1.562738 -1.698217 0.417982
v 1.536128 -1.715588 0.416642
v 1.504366 -1.742465 0.409407
v 1.475963 -1.771647 0.398216
v 1.458529 -1.795314 0.386068
v 1.456737 -1.807126 0.376217
v 1.471066 -1.803916 0.371303
v 1.497677 -1.786545 0.372643
v 1.523720 -1.750632 0.371059
v 1.552276 -1.721692 0.382486
v 1.570128 -1.698686 0.395280
v 1.572492 -1.687779 0.406013
v 1.558735 -1.691892 0.411809
v 1.532543 -1.709924 0.411115
v 1.500934 -1.737043 0.404116
v 1.472378 -1.765983 0.392689
v 1.454526 -1.788989 0.379894
v 1.452162 -1.799897 0.369161
v 1.465919 -1.795783 0.363366
v 1.492111 -1.777751 0.364060
v 1.517026 -1.741014 0.363654
v 1.545762 -1.712333 0.375280
v 1.564104 -1.690031 0.388616
v 1.567137 -1.680085 0.400090
v 1.554050 -1.685160 0.406626
v 1.528348 -1.703896 0.406473
v 1.496918 -1.731273 0.399673
v 1.468183 -1.759955 0.388048
v 1.449841 -1.782257 0.374711
v 1.446807 -1.792203 0.363238
v 1.459895 -1.787128 0.356702
v 1.485597 -1.768391 0.356854
v 1.509473 -1.730980 0.357790
v 1.538410 -1.702567 0.369573
v 1.557305 -1.681000 0.383339
v 1.561094 -1.672057 0.395398
v 1.548762 -1.678136 0.402521
v 1.523613 -1.697607 0.402798
v 1.492386 -1.725252 0.396155
v 1.463448 -1.753665 0.384372
v 1.444553 -1.775233 0.370606
v 1.440764 -1.784175 0.358547
v 1.453097 -1.778097 0.351424
v 1.478246 -1.758626 0.351147
v 1.501188 -1.720701 0.353567
v 1.530348 -1.692563 0.365463
v 1.549849 -1.671748 0.379538
v 1.554467 -1.663834 0.392020
v 1.542963 -1.670940 0.399565
v 1.518420 -1.691164 0.400151
v 1.487415 -1.719085 0.393621
v 1.458256 -1.747222 0.381725
v 1.438754 -1.768037 0.367650
v 1.434137 -1.775952 0.355168
v 1.445640 -1.768845 0.347623
v 1.470183 -1.748622 0.347037
v 1.492315 -1.710352 0.351058
v 1.521712 -1.682492 0.363021
v 1.541863 -1.662435 0.377279
v 1.547368 -1.655555 0.390013
v 1.536751 -1.663696 0.397808
v 1.512858 -1.684677 0.398578
v 1.482091 -1.712875 0.392116
v 1.452694 -1.740736 0.380152
v 1.432543 -1.760793 0.365894
v 1.427038 -1.767673 0.353161
v 1.437654 -1.759532 0.345365
v 1.461547 -1.738551 0.344595
v 1.483003 -1.700112 0.350304
v 1.512650 -1.672526 0.362288
v 1.533483 -1.653218 0.376602
v 1.539919 -1.647362 0.389410
v 1.530234 -1.656528 0.397281
v 1.507022 -1.678258 0.398106
v 1.476505 -1.706731 0.391664
v 1.446857 -1.734317 0.379680
v 1.426025 -1.753625 0.365367
v 1.419589 -1.759480 0.352558
v 1.429274 -1.750315 0.344687
v 1.452486 -1.728585 0.343862
v 1.473415 -1.690155 0.351320
v 1.503319 -1.662835 0.363277
v 1.524853 -1.644257 0.377516
v 1.532248 -1.639397 0.390223
v 1.523521 -1.649558 0.397992
v 1.501012 -1.672017 0.398743
v 1.470751 -1.700757 0.392273
v 1.440847 -1.728076 0.380317
v 1.419313 -1.746655 0.366078
v 1.411918 -1.751515 0.353371
v 1.420644 -1.741354 0.345601
v 1.443154 -1.718894 0.344851
v 1.463712 -1.680651 0.354088
v 1.493876 -1.653586 0.365970
v 1.516120 -1.635703 0.380007
v 1.524486 -1.631793 0.392437
v 1.516729 -1.642905 0.399930
v 1.494930 -1.666060 0.400478
v 1.464929 -1.695054 0.393934
v 1.434765 -1.722119 0.382052
v 1.412521 -1.740002 0.368015
v 1.404155 -1.743912 0.355585
v 1.411912 -1.732800 0.348092
v 1.433711 -1.709645 0.347544
v 1.454061 -1.671763 0.358560
v 1.484483 -1.644937 0.370322
v 1.507435 -1.627704 0.384032
v 1.516765 -1.624683 0.396015
v 1.509974 -1.636684 0.403060
v 1.488881 -1.660489 0.403281
v 1.459139 -1.689722 0.396617
v 1.428716 -1.716548 0.384855
v 1.405765 -1.733781 0.371146
v 1.396435 -1.736801 0.359163
v 1.403226 -1.724801 0.352117
v 1.424319 -1.700995 0.351897
v 1.444627 -1.663643 0.364660
v 1.475303 -1.637035 0.376259
v 1.498945 -1.620397 0.389522
v 1.509218 -1.618188 0.400895
v 1.503370 -1.631000 0.407330
v 1.482968 -1.655400 0.407104
v 1.453479 -1.684850 0.400277
v 1.422803 -1.711459 0.388678
v 1.399161 -1.728097 0.375416
v 1.388888 -1.730306 0.364043
v 1.394736 -1.717494 0.357607
v 1.415138 -1.693093 0.357833
v 1.435572 -1.656431 0.372284
v 1.466490 -1.630015 0.383678
v 1.490795 -1.613905 0.396383
v 1.501974 -1.612418 0.406993
v 1.497032 -1.625951 0.412667
v 1.477293 -1.650879 0.411883
v 1.448046 -1.680523 0.404851
v 1.417128 -1.706938 0.393457
v 1.392823 -1.723048 0.380752
v 1.381644 -1.724536 0.370142
v 1.386586 -1.711002 0.364468
v 1.406325 -1.686074 0.365253
v 1.427051 -1.650249 0.381301
v 1.458197 -1.623999 0.392453
v 1.483126 -1.608342 0.404498
v 1.495157 -1.607472 0.414207
v 1.491067 -1.621624 0.418978
v 1.471951 -1.647005 0.417534
v 1.442933 -1.676813 0.410261
v 1.411787 -1.703063 0.399108
v 1.386858 -1.718721 0.387064
v 1.374827 -1.719590 0.377355
v 1.378917 -1.705439 0.372583
v 1.398032 -1.680058 0.374028
v 1.419209 -1.645203 0.391556
v 1.450565 -1.619089 0.402434
v 1.476068 -1.603801 0.413728
v 1.488883 -1.603436 0.422411
v 1.485577 -1.618092 0.426157
v 1.467036 -1.643842 0.423962
v 1.438228 -1.673786 0.416415
v 1.406871 -1.699901 0.405536
v 1.381369 -1.715189 0.394243
v 1.368553 -1.715554 0.385559
v 1.371859 -1.700898 0.381813
v 1.390401 -1.675148 0.384008
v 1.412180 -1.641381 0.402875
v 1.443725 -1.615368 0.413450
v 1.469742 -1.600360 0.423915
v 1.483261 -1.600377 0.431466
v 1.480657 -1.615416 0.434080
v 1.462631 -1.641446 0.431057
v 1.434011 -1.671492 0.423206
v 1.402466 -1.697505 0.412631
v 1.376449 -1.712513 0.402166
v 1.362931 -1.712495 0.394614
v 1.365534 -1.697457 0.392000
v 1.383560 -1.671427 0.395024
v 1.406086 -1.638846 0.415063
v 1.437794 -1.612901 0.425312
v 1.464257 -1.598079 0.434885
v 1.478385 -1.598350 0.441217
v 1.476391 -1.613642 0.442612
v 1.458811 -1.639857 0.438697
v 1.430354 -1.669971 0.430519
v 1.398646 -1.695916 0.420271
v 1.372182 -1.710739 0.410698
v 1.358055 -1.710468 0.404365
v 1.360048 -1.695176 0.402970
v 1.377629 -1.668960 0.406886
v 1.401029 -1.637642 0.427913
v 1.432873 -1.611730 0.437817
v 1.459706 -1.596996 0.446449
v 1.474340 -1.597387 0.451497
v 1.472852 -1.612799 0.451607
v 1.455641 -1.639103 0.446751
v 1.427320 -1.669249 0.438229
v 1.395476 -1.695162 0.428325
v 1.368643 -1.709896 0.419692
v 1.354010 -1.709505 0.414645
v 1.355497 -1.694093 0.414535
v 1.372708 -1.667789 0.419391
v 1.397097 -1.637791 0.441204
v 1.429046 -1.611875 0.450752
v 1.456167 -1.597129 0.458411
v 1.471194 -1.597506 0.462129
v 1.470099 -1.612903 0.460911
v 1.453177 -1.639196 0.455081
v 1.424961 -1.669338 0.446203
v 1.393012 -1.695255 0.436655
v 1.365890 -1.710000 0.428996
v 1.350864 -1.709624 0.425278
v 1.351959 -1.694226 0.426496
v 1.368881 -1.667934 0.432326
v 1.394357 -1.639289 0.454709
v 1.426379 -1.613333 0.463895
v 1.453701 -1.598477 0.470565
v 1.469002 -1.598704 0.472933
v 1.468181 -1.613952 0.470364
v 1.451459 -1.640135 0.463546
v 1.423317 -1.670237 0.454306
v 1.391294 -1.696194 0.445120
v 1.363972 -1.711049 0.438449
v 1.348672 -1.710822 0.436081
v 1.349493 -1.695575 0.438651
v 1.366215 -1.669392 0.445469
v 1.392856 -1.642111 0.468196
v 1.424918 -1.616079 0.477021
v 1.452350 -1.601017 0.482704
v 1.467801 -1.600962 0.483723
v 1.467130 -1.615927 0.479805
v 1.450518 -1.641904 0.472000
v 1.422416 -1.671930 0.462399
v 1.390353 -1.697962 0.453574
v 1.362921 -1.713024 0.447891
v 1.347471 -1.713080 0.446871
v 1.348141 -1.698114 0.450789
v 1.364753 -1.672138 0.458595
v 1.392619 -1.646208 0.481436
v 1.424688 -1.620067 0.489905
v 1.452137 -1.604705 0.494620
v 1.467611 -1.604240 0.494315
v 1.466964 -1.618795 0.489073
v 1.450370 -1.644472 0.480298
v 1.422274 -1.674389 0.470342
v 1.390205 -1.700531 0.461872
v 1.362756 -1.715892 0.457158
v 1.347281 -1.716358 0.457463
v 1.347928 -1.701802 0.462705
v 1.364523 -1.676125 0.471480
v 1.393651 -1.651511 0.494201
v 1.425692 -1.625227 0.502328
v 1.453065 -1.609478 0.506108
v 1.468437 -1.608482 0.504527
v 1.467687 -1.622507 0.498008
v 1.451016 -1.647796 0.488299
v 1.422893 -1.677571 0.478001
v 1.390851 -1.703854 0.469873
v 1.363478 -1.719604 0.466094
v 1.348107 -1.720600 0.467675
v 1.348857 -1.706575 0.474193
v 1.365527 -1.681286 0.483902
v 1.395933 -1.657929 0.506273
v 1.427913 -1.631473 0.514077
v 1.455120 -1.615253 0.516973
v 1.470263 -1.613616 0.514184
v 1.469284 -1.627000 0.506459
v 1.452447 -1.651818 0.495866
v 1.424262 -1.681421 0.485245
v 1.392282 -1.707877 0.477440
v 1.365075 -1.724097 0.474544
v 1.349933 -1.725734 0.477333
v 1.350911 -1.712350 0.485058
v 1.367748 -1.687532 0.495651
v 1.399427 -1.665351 0.517445
v 1.431314 -1.638697 0.524950
v 1.458265 -1.621934 0.527028
v 1.473058 -1.619554 0.523122
v 1.471730 -1.632195 0.514280
v 1.454637 -1.656471 0.502869
v 1.426359 -1.685875 0.491948
v 1.394472 -1.712529 0.484443
v 1.367522 -1.729292 0.482365
v 1.352728 -1.731672 0.486271
v 1.354056 -1.719031 0.495114
v 1.371149 -1.694755 0.506524
v 1.404074 -1.673652 0.527527
v 1.435835 -1.646775 0.534762
v 1.462446 -1.629404 0.536102
v 1.476775 -1.626194 0.531188
v 1.474983 -1.638006 0.521337
v 1.457549 -1.661673 0.509188
v 1.429147 -1.690855 0.497997
v 1.397385 -1.717732 0.490762
v 1.370774 -1.735103 0.489422
v 1.356445 -1.738312 0.494336
v 1.358237 -1.726501 0.504187
v 1.375671 -1.702833 0.516336
v 1.409792 -1.682688 0.536346
v 1.441401 -1.655569 0.543344
v 1.467593 -1.637537 0.544039
v 1.481350 -1.633423 0.538243
v 1.478986 -1.644331 0.527510
v 1.461134 -1.667337 0.514716
v 1.432578 -1.696277 0.503288
v 1.400969 -1.723396 0.496290
v 1.374777 -1.741428 0.495596
v 1.361020 -1.745541 0.501391
v 1.363384 -1.734634 0.512124
v 1.381236 -1.711628 0.524918
v 1.416486 -1.692306 0.543751
v 1.447915 -1.664929 0.550551
v 1.473617 -1.646193 0.550703
v 1.486705 -1.641117 0.544167
v 1.483671 -1.651063 0.532693
v 1.465329 -1.673365 0.519357
v 1.436594 -1.702047 0.507731
v 1.405165 -1.729424 0.500931
v 1.379462 -1.748160 0.500779
v 1.366375 -1.753235 0.507315
v 1.369408 -1.743290 0.518788
v 1.387751 -1.720988 0.532125
v 1.424040 -1.702340 0.549614
v 1.455266 -1.674694 0.556257
v 1.480416 -1.655223 0.555981
v 1.492748 -1.649145 0.548858
v 1.488959 -1.658087 0.536798
v 1.470064 -1.679655 0.523032
v 1.441126 -1.708068 0.511250
v 1.409899 -1.735714 0.504607
v 1.384750 -1.755184 0.504884
v 1.372418 -1.761263 0.512006
v 1.376207 -1.752320 0.524066
v 1.395102 -1.730753 0.537832
v 1.432324 -1.712619 0.553837
v 1.463329 -1.684698 0.560367
v 1.487872 -1.664475 0.559781
v 1.499375 -1.657368 0.552236
v 1.494758 -1.665283 0.539754
v 1.475257 -1.686098 0.525679
v 1.446097 -1.714235 0.513783
v 1.415092 -1.742157 0.507253
v 1.390549 -1.762380 0.507840
v 1.379045 -1.769486 0.515384
v 1.383663 -1.761572 0.527866
v 1.403164 -1.740757 0.541941
v 1.441198 -1.722968 0.556347
v 1.471965 -1.694769 0.562809
v 1.495858 -1.673788 0.562040
v 1.506474 -1.665647 0.554244
v 1.500970 -1.672527 0.541511
v 1.480819 -1.692584 0.527252
v 1.451421 -1.720445 0.515289
v 1.420654 -1.748643 0.508826
v 1.396761 -1.769624 0.509596
v 1.386144 -1.777765 0.517392
v 1.391649 -1.770885 0.530125
v 1.411800 -1.750828 0.544384
v 1.450509 -1.733208 0.557100
v 1.481026 -1.704735 0.563542
v 1.504238 -1.683005 0.562718
v 1.513923 -1.673839 0.554846
v 1.507487 -1.679695 0.542038
v 1.486655 -1.699003 0.527724
v 1.457008 -1.726589 0.515741
v 1.426490 -1.755062 0.509299
v 1.403278 -1.776792 0.510123
v 1.393593 -1.785957 0.517995
v 1.400029 -1.780102 0.530803
v 1.420862 -1.760794 0.545117
v 1.460098 -1.743165 0.556084
v 1.490358 -1.714426 0.562554
v 1.512868 -1.691967 0.561803
v 1.521594 -1.681805 0.554034
v 1.514199 -1.686665 0.541327
v 1.492665 -1.705244 0.527088
v 1.462761 -1.732563 0.515131
v 1.432500 -1.761303 0.508662
v 1.409991 -1.783762 0.509412
v 1.401264 -1.793923 0.517182
v 1.408659 -1.789064 0.529889
v 1.430194 -1.770485 0.544128
v 1.469801 -1.752669 0.553316
v 1.499801 -1.723675 0.559860
v 1.521600 -1.700520 0.559312
v 1.529357 -1.689409 0.551819
v 1.520992 -1.693318 0.539389
v 1.498747 -1.711201 0.525353
v 1.468583 -1.738266 0.513471
v 1.438582 -1.767260 0.506927
v 1.416783 -1.790415 0.507475
v 1.409027 -1.801527 0.514968
v 1.417392 -1.797617 0.527398
v 1.439637 -1.779734 0.541434
v 1.479451 -1.761557 0.548844
v 1.509194 -1.732325 0.555508
v 1.530286 -1.708519 0.555287
v 1.537077 -1.696519 0.548242
v 1.527747 -1.699540 0.536259
v 1.504796 -1.716772 0.522550
v 1.474373 -1.743598 0.510787
v 1.444631 -1.772831 0.504124
v 1.423538 -1.796637 0.504344
v 1.416747 -1.808637 0.511390
v 1.426077 -1.805616 0.523373
v 1.449029 -1.788384 0.537082
v 1.488885 -1.769677 0.542744
v 1.518374 -1.740227 0.549571
v 1.538776 -1.715827 0.549797
v 1.544624 -1.703014 0.543362
v 1.534351 -1.705223 0.531989
v 1.510709 -1.721861 0.518726
v 1.480033 -1.748470 0.507127
v 1.450544 -1.777920 0.500300
v 1.430142 -1.802320 0.500074
v 1.424294 -1.815132 0.506510
v 1.434568 -1.812924 0.517883
v 1.458210 -1.796286 0.531145
v 1.497940 -1.776889 0.535121
v 1.527187 -1.747246 0.542152
v 1.546926 -1.722318 0.542936
v 1.551868 -1.708784 0.537263
v 1.540689 -1.710272 0.526652
v 1.516384 -1.726382 0.513948
v 1.485466 -1.752797 0.502553
v 1.456219 -1.782441 0.495522
v 1.436480 -1.807369 0.494738
v 1.431538 -1.820902 0.500411
v 1.442717 -1.819415 0.511022
v 1.467022 -1.803305 0.523726
v 1.506461 -1.783071 0.526104
v 1.535480 -1.753262 0.533377
v 1.554595 -1.727881 0.534821
v 1.558685 -1.713730 0.530050
v 1.546654 -1.714599 0.520341
v 1.521726 -1.730257 0.508296
v 1.490579 -1.756507 0.497143
v 1.461561 -1.786316 0.489870
v 1.442445 -1.811696 0.488426
v 1.438355 -1.825848 0.493198
v 1.450386 -1.824978 0.502907
v 1.475315 -1.809321 0.514951
v 1.514303 -1.788117 0.515849
v 1.543112 -1.758173 0.523396
v 1.561653 -1.732422 0.525591
v 1.564959 -1.717766 0.521845
v 1.552144 -1.718131 0.513162
v 1.526641 -1.733419 0.501868
v 1.495284 -1.759534 0.490990
v 1.466476 -1.789478 0.483442
v 1.447935 -1.815228 0.481247
v 1.444629 -1.829884 0.484993
v 1.457444 -1.829520 0.493677
v 1.482947 -1.814231 0.504970
v 1.521332 -1.791939 0.504530
v 1.549952 -1.761893 0.512381
v 1.567979 -1.735863 0.515404
v 1.570582 -1.720825 0.512790
v 1.557063 -1.720807 0.505239
v 1.531046 -1.735815 0.494774
v 1.499502 -1.761828 0.484199
v 1.470881 -1.791874 0.476348
v 1.452855 -1.817904 0.473324
v 1.450252 -1.832943 0.475938
v 1.463770 -1.832960 0.483490
v 1.489787 -1.817952 0.493955
v 1.527426 -1.794474 0.492341
v 1.555883 -1.764360 0.500519
v 1.573464 -1.738144 0.504435
v 1.575457 -1.722852 0.503039
v 1.561330 -1.722582 0.496707
v 1.534866 -1.737404 0.487134
v 1.503158 -1.763349 0.476886
v 1.474702 -1.793463 0.468708
v 1.457121 -1.819679 0.464792
v 1.455127 -1.834970 0.466187
v 1.469255 -1.835241 0.472520
v 1.495718 -1.820419 0.482093
v 1.532483 -1.795678 0.479492
v 1.560804 -1.765531 0.488013
v 1.578015 -1.739228 0.492870
v 1.579503 -1.723815 0.492760
v 1.564869 -1.723424 0.487712
v 1.538036 -1.738159 0.479080
v 1.506192 -1.764071 0.469176
v 1.477871 -1.794217 0.460654
v 1.460661 -1.820521 0.455797
v 1.459173 -1.835933 0.455908
v 1.473806 -1.836325 0.460955
v 1.500639 -1.821590 0.469588
vt 0.729947 0.323228
vt 0.732624 0.336757
vt 0.714408 0.342332
vt 0.710989 0.325165
vt 0.847038 0.896614
vt 0.844401 0.910172
vt 0.837659 0.909179
vt 0.840504 0.894318
vt 0.755236 0.262059
vt 0.745522 0.271761
vt 0.730780 0.259748
vt 0.743155 0.247404
vt 0.864961 0.337376
vt 0.867534 0.323960
vt 0.886276 0.325688
vt 0.883013 0.342624
vt 0.737867 0.349507
vt 0.721085 0.358496
vt 0.737886 0.283197
vt 0.721060 0.274294
vt 0.867524 0.310271
vt 0.886282 0.308443
vt 0.745464 0.360994
vt 0.730755 0.373047
vt 0.732626 0.295921
vt 0.714372 0.290473
vt 0.864967 0.296814
vt 0.883063 0.291498
vt 0.755120 0.370778
vt 0.743044 0.385434
vt 0.729946 0.309439
vt 0.710973 0.307653
vt 0.859969 0.284087
vt 0.876712 0.275443
vt 0.766459 0.378490
vt 0.757488 0.395186
vt 0.852656 0.272597
vt 0.867395 0.260890
vt 0.779050 0.383821
vt 0.773539 0.401915
vt 0.843258 0.262785
vt 0.855414 0.248421
vt 0.792406 0.386562
vt 0.790576 0.405351
vt 0.832115 0.255033
vt 0.841200 0.238543
vt 0.806007 0.386607
vt 0.807929 0.405351
vt 0.819648 0.249641
vt 0.825295 0.231661
vt 0.819316 0.383957
vt 0.824912 0.401915
vt 0.806341 0.246827
vt 0.808319 0.228057
vt 0.831813 0.378718
vt 0.840852 0.395184
vt 0.792715 0.246704
vt 0.790938 0.227883
vt 0.843011 0.371099
vt 0.855120 0.385438
vt 0.779307 0.249283
vt 0.773840 0.231154
vt 0.852481 0.361405
vt 0.867172 0.373084
vt 0.766648 0.254468
vt 0.757699 0.237747
vt 0.859882 0.350018
vt 0.876576 0.358626
vt 0.840844 0.939294
vt 0.846800 0.953304
vt 0.843950 0.955160
vt 0.837776 0.940746
vt 0.893979 0.849123
vt 0.881250 0.854511
vt 0.877704 0.848296
vt 0.891640 0.842490
vt 0.969292 0.960665
vt 0.976919 0.949130
vt 0.983013 0.952641
vt 0.974764 0.965283
vt 0.844454 0.924013
vt 0.837762 0.924373
vt 0.869717 0.862375
vt 0.865069 0.856791
vt 0.982142 0.936373
vt 0.988670 0.938670
vt 0.847209 0.937589
vt 0.984781 0.922828
vt 0.991518 0.923821
vt 0.852560 0.950334
vt 0.984728 0.908995
vt 0.991418 0.908635
vt 0.860258 0.961713
vt 0.855327 0.965811
vt 0.981974 0.895421
vt 0.988337 0.893717
vt 0.870037 0.971358
vt 0.866059 0.976475
vt 0.976626 0.882675
vt 0.982387 0.879708
vt 0.881567 0.978972
vt 0.878719 0.984905
vt 0.968932 0.871294
vt 0.973865 0.867199
vt 0.894377 0.984183
vt 0.892794 0.990683
vt 0.959159 0.861644
vt 0.963140 0.856529
vt 0.907945 0.986771
vt 0.907686 0.993569
vt 0.947633 0.854022
vt 0.950485 0.848090
vt 0.921733 0.986652
vt 0.922797 0.993487
vt 0.934826 0.848801
vt 0.936414 0.842303
vt 0.935226 0.983851
vt 0.937566 0.990482
vt 0.859889 0.872300
vt 0.854417 0.867678
vt 0.921263 0.846204
vt 0.921523 0.839407
vt 0.947950 0.978460
vt 0.951499 0.984672
vt 0.852257 0.883844
vt 0.846158 0.880331
vt 0.907476 0.846321
vt 0.906412 0.839485
vt 0.959479 0.970593
vt 0.964127 0.976170
vt 0.414808 0.756557
vt 0.431244 0.749540
vt 0.439320 0.764105
vt 0.419850 0.772477
vt 0.994636 0.907681
vt 0.994805 0.923458
vt 0.852747 0.967955
vt 0.991405 0.892267
vt 0.863713 0.978934
vt 0.985237 0.877852
vt 0.876729 0.987650
vt 0.976446 0.865056
vt 0.891264 0.993667
vt 0.965487 0.854071
vt 0.906727 0.996731
vt 0.952478 0.845348
vt 0.922515 0.996731
vt 0.937946 0.839319
vt 0.938046 0.993670
vt 0.851740 0.865879
vt 0.862957 0.854253
vt 0.922484 0.836245
vt 0.952781 0.987629
vt 0.843109 0.879277
vt 0.906695 0.836241
vt 0.966240 0.978706
vt 0.837260 0.894003
vt 0.891161 0.839302
vt 0.977439 0.967079
vt 0.834370 0.909544
vt 0.876422 0.845338
vt 0.986059 0.953695
vt 0.834542 0.925328
vt 0.991911 0.938986
vt 0.697069 0.088202
vt 0.690905 0.071479
vt 0.710416 0.061571
vt 0.718138 0.082232
vt 0.397653 0.579158
vt 0.379658 0.579023
vt 0.378045 0.562319
vt 0.399388 0.562500
vt 0.445945 0.739450
vt 0.456690 0.752109
vt 0.361971 0.582505
vt 0.357071 0.566445
vt 0.458367 0.726713
vt 0.471329 0.737007
vt 0.345362 0.589384
vt 0.337393 0.574646
vt 0.468066 0.711846
vt 0.482718 0.719421
vt 0.330471 0.599382
vt 0.319778 0.586537
vt 0.474717 0.695457
vt 0.490472 0.700063
vt 0.297978 0.678668
vt 0.301458 0.696036
vt 0.285675 0.700890
vt 0.281550 0.680387
vt 0.317864 0.612088
vt 0.304888 0.601619
vt 0.478088 0.678173
vt 0.494362 0.679708
vt 0.308252 0.712434
vt 0.293680 0.720248
vt 0.308013 0.626988
vt 0.293276 0.619283
vt 0.478131 0.660683
vt 0.494362 0.659106
vt 0.318091 0.727228
vt 0.305288 0.737725
vt 0.301279 0.643492
vt 0.285366 0.638821
vt 0.474866 0.643511
vt 0.490503 0.638858
vt 0.330618 0.739846
vt 0.320081 0.752646
vt 0.297897 0.660946
vt 0.281426 0.659457
vt 0.468303 0.627238
vt 0.482807 0.619628
vt 0.345377 0.749793
vt 0.337522 0.764431
vt 0.458663 0.612484
vt 0.471473 0.602157
vt 0.361821 0.756673
vt 0.356978 0.772608
vt 0.446280 0.599835
vt 0.456882 0.587153
vt 0.379338 0.760195
vt 0.377738 0.776821
vt 0.431606 0.589805
vt 0.439562 0.575231
vt 0.397258 0.760199
vt 0.399019 0.776810
vt 0.415190 0.582811
vt 0.420157 0.566890
vt 0.831766 0.925097
vt 0.831505 0.909773
vt 0.834370 0.909608
vt 0.834370 0.925328
vt 0.520002 0.104047
vt 0.519858 0.122200
vt 0.497648 0.124510
vt 0.497774 0.101992
vt 0.681545 0.056375
vt 0.698733 0.042782
vt 0.567557 0.195142
vt 0.584158 0.202185
vt 0.577866 0.223468
vt 0.557190 0.214809
vt 0.523245 0.140036
vt 0.501912 0.146623
vt 0.669350 0.043440
vt 0.683508 0.026668
vt 0.601780 0.205819
vt 0.599807 0.227883
vt 0.530031 0.156864
vt 0.510400 0.167474
vt 0.654800 0.033184
vt 0.665349 0.013898
vt 0.619731 0.205908
vt 0.622150 0.227883
vt 0.539955 0.172035
vt 0.522786 0.186257
vt 0.638472 0.026019
vt 0.644984 0.004987
vt 0.637304 0.202455
vt 0.644012 0.223472
vt 0.552628 0.184961
vt 0.538587 0.202243
vt 0.621011 0.022235
vt 0.623225 0.000291
vt 0.653805 0.195604
vt 0.664527 0.214828
vt 0.603110 0.021986
vt 0.600933 0.000000
vt 0.668582 0.185634
vt 0.682875 0.202305
vt 0.585473 0.025289
vt 0.578988 0.004126
vt 0.681044 0.172979
vt 0.698321 0.186417
vt 0.568795 0.032019
vt 0.558253 0.012509
vt 0.690696 0.158125
vt 0.710240 0.167811
vt 0.553731 0.041917
vt 0.539540 0.024825
vt 0.697167 0.141654
vt 0.718176 0.147277
vt 0.540871 0.054602
vt 0.523581 0.040595
vt 0.700207 0.124156
vt 0.721944 0.125701
vt 0.530718 0.069582
vt 0.510998 0.059207
vt 0.699778 0.106010
vt 0.721810 0.103861
vt 0.523670 0.086279
vt 0.502283 0.079940
vt 0.625247 0.676309
vt 0.638027 0.685412
vt 0.608994 0.719451
vt 0.603348 0.715489
vt 0.687039 0.956631
vt 0.695882 0.969559
vt 0.693944 0.971430
vt 0.684746 0.958054
vt 0.686461 0.880722
vt 0.680516 0.895266
vt 0.677969 0.894354
vt 0.684164 0.879296
vt 0.830454 0.894814
vt 0.832944 0.894123
vt 0.707080 0.980476
vt 0.705562 0.982700
vt 0.677529 0.910727
vt 0.674827 0.910392
vt 0.824782 0.880729
vt 0.827041 0.879420
vt 0.720201 0.988952
vt 0.719140 0.991424
vt 0.677670 0.926618
vt 0.674895 0.926914
vt 0.816671 0.867875
vt 0.818620 0.866122
vt 0.734711 0.994645
vt 0.734123 0.997262
vt 0.806105 0.856852
vt 0.807665 0.854724
vt 0.749983 0.997346
vt 0.749863 1.000000
vt 0.793475 0.848109
vt 0.794599 0.845702
vt 0.765288 0.997027
vt 0.765603 0.999599
vt 0.779193 0.842008
vt 0.779980 0.839458
vt 0.780175 0.993667
vt 0.780932 0.996196
vt 0.764150 0.838893
vt 0.764341 0.836244
vt 0.794163 0.987364
vt 0.795363 0.989721
vt 0.748783 0.838837
vt 0.748533 0.836241
vt 0.806580 0.978402
vt 0.808190 0.980487
vt 0.733666 0.841853
vt 0.732973 0.839271
vt 0.816898 0.967194
vt 0.818871 0.968913
vt 0.719241 0.847804
vt 0.718101 0.845361
vt 0.824709 0.954225
vt 0.826979 0.955493
vt 0.706211 0.856511
vt 0.704640 0.854310
vt 0.829722 0.940026
vt 0.832201 0.940773
vt 0.680881 0.942170
vt 0.678314 0.943066
vt 0.695136 0.867632
vt 0.693172 0.865773
vt 0.657001 0.709999
vt 0.662534 0.724399
vt 0.619924 0.736593
vt 0.617435 0.730214
vt 0.515507 0.782111
vt 0.509960 0.767723
vt 0.552496 0.755542
vt 0.554962 0.761901
vt 0.648740 0.696793
vt 0.613748 0.724425
vt 0.507222 0.752881
vt 0.551307 0.748826
vt 0.656687 0.690707
vt 0.665837 0.705538
vt 0.667858 0.704243
vt 0.658729 0.689521
vt 0.507407 0.737796
vt 0.551431 0.742010
vt 0.510412 0.722685
vt 0.552872 0.735334
vt 0.665259 0.739256
vt 0.621132 0.743313
vt 0.516299 0.708331
vt 0.555586 0.729052
vt 0.665061 0.754355
vt 0.621008 0.750124
vt 0.524889 0.695358
vt 0.559474 0.723405
vt 0.662039 0.769477
vt 0.619557 0.756791
vt 0.535861 0.684288
vt 0.564395 0.718615
vt 0.656134 0.783837
vt 0.616828 0.763062
vt 0.548803 0.675550
vt 0.570163 0.714869
vt 0.647526 0.796815
vt 0.612919 0.768696
vt 0.563248 0.669475
vt 0.576562 0.712317
vt 0.576920 0.825501
vt 0.561514 0.822016
vt 0.575304 0.779337
vt 0.582052 0.780827
vt 0.636530 0.807890
vt 0.607975 0.773472
vt 0.578745 0.666319
vt 0.583349 0.711069
vt 0.608981 0.822712
vt 0.593096 0.825736
vt 0.588976 0.780973
vt 0.595782 0.779752
vt 0.623548 0.816638
vt 0.602196 0.777213
vt 0.594976 0.666427
vt 0.590263 0.711198
vt 0.547213 0.815614
vt 0.534480 0.806576
vt 0.563368 0.772622
vt 0.568997 0.776564
vt 0.610806 0.669852
vt 0.597023 0.712698
vt 0.523777 0.795255
vt 0.558631 0.767670
vt 0.712304 0.611515
vt 0.714914 0.605213
vt 0.718704 0.599541
vt 0.723528 0.594718
vt 0.729200 0.590928
vt 0.735502 0.588317
vt 0.742192 0.586986
vt 0.749014 0.586986
vt 0.755704 0.588317
vt 0.762006 0.590928
vt 0.767678 0.594718
vt 0.772501 0.599541
vt 0.776291 0.605213
vt 0.778902 0.611515
vt 0.780233 0.618206
vt 0.780233 0.625027
vt 0.778902 0.631717
vt 0.776291 0.638020
vt 0.772501 0.643691
vt 0.767678 0.648515
vt 0.762006 0.652305
vt 0.755704 0.654915
vt 0.749013 0.656246
vt 0.742192 0.656246
vt 0.735502 0.654915
vt 0.729199 0.652305
vt 0.723528 0.648515
vt 0.718704 0.643691
vt 0.714914 0.638019
vt 0.712304 0.631717
vt 0.710973 0.625027
vt 0.710973 0.618205
vt 0.497664 0.753735
vt 0.497648 0.736886
vt 0.495356 0.736916
vt 0.495418 0.753685
vt 0.671994 0.721769
vt 0.674188 0.720926
vt 0.668067 0.704712
vt 0.500907 0.719925
vt 0.498596 0.719536
vt 0.495356 0.736428
vt 0.674827 0.738404
vt 0.677043 0.737973
vt 0.674271 0.721409
vt 0.507438 0.703766
vt 0.505235 0.702949
vt 0.498717 0.719049
vt 0.674827 0.755271
vt 0.677128 0.755243
vt 0.677083 0.738457
vt 0.517034 0.689121
vt 0.515037 0.687901
vt 0.505456 0.702492
vt 0.671551 0.772245
vt 0.673869 0.772637
vt 0.677128 0.755733
vt 0.529340 0.676591
vt 0.527631 0.675011
vt 0.515344 0.687496
vt 0.665000 0.788414
vt 0.667210 0.789235
vt 0.673748 0.773127
vt 0.543895 0.666671
vt 0.542542 0.664791
vt 0.528011 0.674676
vt 0.594044 0.836257
vt 0.575656 0.835731
vt 0.575614 0.838144
vt 0.593986 0.838722
vt 0.655385 0.803066
vt 0.657389 0.804291
vt 0.666987 0.789693
vt 0.560172 0.659738
vt 0.559225 0.657622
vt 0.542978 0.664536
vt 0.558262 0.831671
vt 0.557725 0.833963
vt 0.575087 0.838023
vt 0.643059 0.815606
vt 0.644775 0.817193
vt 0.657080 0.804697
vt 0.577700 0.656246
vt 0.577156 0.653772
vt 0.559696 0.657452
vt 0.542161 0.824372
vt 0.541175 0.826500
vt 0.557245 0.833775
vt 0.628465 0.825553
vt 0.629828 0.827449
vt 0.644394 0.817532
vt 0.596013 0.656334
vt 0.595969 0.653475
vt 0.577718 0.653658
vt 0.527856 0.814126
vt 0.526466 0.816024
vt 0.540742 0.826231
vt 0.612048 0.832545
vt 0.613004 0.834703
vt 0.629389 0.827717
vt 0.614081 0.660094
vt 0.614639 0.657736
vt 0.596624 0.653548
vt 0.515865 0.801335
vt 0.514127 0.802935
vt 0.526092 0.815677
vt 0.594527 0.838674
vt 0.612507 0.834914
vt 0.630340 0.667509
vt 0.631339 0.665355
vt 0.615115 0.657950
vt 0.506637 0.786524
vt 0.504626 0.787766
vt 0.513830 0.802521
vt 0.644689 0.677844
vt 0.646091 0.675940
vt 0.631773 0.665638
vt 0.500512 0.770355
vt 0.498329 0.771198
vt 0.504423 0.787305
vt 0.658433 0.689108
vt 0.646463 0.676292
vt 0.495458 0.754167
vt 0.498246 0.770716
vt 0.410174 0.597933
vt 0.395820 0.595000
vt 0.395619 0.744364
vt 0.409891 0.741451
vt 0.423661 0.603632
vt 0.381059 0.744396
vt 0.435757 0.611850
vt 0.366739 0.741550
vt 0.446002 0.622249
vt 0.353257 0.735921
vt 0.454014 0.634414
vt 0.314037 0.662316
vt 0.314018 0.677042
vt 0.341122 0.727739
vt 0.459497 0.647880
vt 0.316877 0.647858
vt 0.330797 0.717318
vt 0.462237 0.662151
vt 0.322457 0.634228
vt 0.322657 0.705068
vt 0.462095 0.676654
vt 0.330581 0.621956
vt 0.316989 0.691470
vt 0.459205 0.691063
vt 0.340946 0.611525
vt 0.453660 0.704706
vt 0.353158 0.603349
vt 0.445635 0.716996
vt 0.366745 0.597760
vt 0.435401 0.727476
vt 0.381177 0.594990
vt 0.423327 0.735740
vt 0.520818 0.267504
vt 0.535520 0.252486
vt 0.555149 0.275633
vt 0.544524 0.286335
vt 0.614764 0.227950
vt 0.635550 0.232192
vt 0.626451 0.261251
vt 0.611614 0.258375
vt 0.655897 0.429295
vt 0.636324 0.437670
vt 0.627052 0.408389
vt 0.641049 0.402574
vt 0.509357 0.285033
vt 0.536190 0.298884
vt 0.593377 0.227883
vt 0.596483 0.258526
vt 0.673377 0.417300
vt 0.653615 0.394115
vt 0.501547 0.304380
vt 0.530449 0.312788
vt 0.688112 0.402155
vt 0.664252 0.383357
vt 0.497648 0.324772
vt 0.527502 0.327511
vt 0.699541 0.384472
vt 0.672556 0.370726
vt 0.497728 0.345395
vt 0.527441 0.342505
vt 0.707242 0.364992
vt 0.678221 0.356777
vt 0.501585 0.365692
vt 0.530395 0.357252
vt 0.710973 0.344505
vt 0.681058 0.342009
vt 0.509339 0.385019
vt 0.536135 0.371084
vt 0.710687 0.323841
vt 0.680993 0.326966
vt 0.520774 0.402580
vt 0.544502 0.383685
vt 0.706630 0.303611
vt 0.677923 0.312285
vt 0.535514 0.417662
vt 0.555180 0.394367
vt 0.698717 0.284406
vt 0.672079 0.298446
vt 0.553044 0.429643
vt 0.567785 0.402771
vt 0.687179 0.267012
vt 0.663662 0.285973
vt 0.572768 0.438000
vt 0.581829 0.408552
vt 0.572440 0.232243
vt 0.581631 0.261414
vt 0.672426 0.252134
vt 0.652976 0.275348
vt 0.593817 0.442065
vt 0.596788 0.411856
vt 0.552932 0.240571
vt 0.567675 0.267208
vt 0.655003 0.240370
vt 0.640415 0.266993
vt 0.615294 0.442065
vt 0.611962 0.410495
vt 0.848650 0.344250
vt 0.852795 0.333860
vt 0.772641 0.265653
vt 0.763329 0.271867
vt 0.842633 0.353593
vt 0.782971 0.261405
vt 0.834924 0.361512
vt 0.793909 0.259284
vt 0.825802 0.367713
vt 0.805025 0.259371
vt 0.815619 0.371957
vt 0.815876 0.261651
vt 0.804771 0.374081
vt 0.826037 0.266042
vt 0.793682 0.374009
vt 0.835110 0.272368
vt 0.782791 0.371730
vt 0.842746 0.280400
vt 0.772524 0.367327
vt 0.848661 0.289845
vt 0.742678 0.310648
vt 0.742678 0.321943
vt 0.763275 0.360967
vt 0.852679 0.300370
vt 0.744868 0.299579
vt 0.755374 0.352926
vt 0.854817 0.311508
vt 0.749164 0.289165
vt 0.749161 0.343492
vt 0.854875 0.322812
vt 0.755399 0.279807
vt 0.744869 0.333033
vt 0.744885 0.321715
vt 0.746991 0.332382
vt 0.764734 0.273560
vt 0.757113 0.281194
vt 0.850679 0.333258
vt 0.852671 0.322625
vt 0.751119 0.342446
vt 0.751120 0.290193
vt 0.852604 0.311735
vt 0.757091 0.351525
vt 0.746990 0.300208
vt 0.850541 0.300987
vt 0.764688 0.359268
vt 0.744885 0.310852
vt 0.846696 0.290833
vt 0.773577 0.365397
vt 0.841029 0.281744
vt 0.783440 0.369640
vt 0.833703 0.274024
vt 0.793903 0.371840
vt 0.824990 0.267944
vt 0.804558 0.371918
vt 0.815230 0.263727
vt 0.814980 0.369886
vt 0.804804 0.261539
vt 0.824762 0.365814
vt 0.794122 0.261458
vt 0.833522 0.359861
vt 0.783610 0.263499
vt 0.840919 0.352249
vt 0.773684 0.267585
vt 0.846696 0.343259
vt 0.729948 0.487414
vt 0.710973 0.485543
vt 0.714335 0.468345
vt 0.732580 0.473881
vt 0.597734 0.984115
vt 0.600030 0.990629
vt 0.585215 0.993479
vt 0.584221 0.986758
vt 0.755516 0.548495
vt 0.743477 0.563199
vt 0.731055 0.550895
vt 0.745755 0.538819
vt 0.865313 0.473490
vt 0.883256 0.468337
vt 0.886404 0.485125
vt 0.867806 0.486809
vt 0.720990 0.452136
vt 0.737798 0.461126
vt 0.721273 0.536386
vt 0.738065 0.527409
vt 0.886404 0.502160
vt 0.867764 0.500368
vt 0.730682 0.437547
vt 0.745400 0.449642
vt 0.714512 0.520234
vt 0.732746 0.514705
vt 0.883303 0.518965
vt 0.865318 0.513747
vt 0.743034 0.425144
vt 0.755091 0.439874
vt 0.711033 0.503065
vt 0.730005 0.501199
vt 0.877075 0.534959
vt 0.860399 0.526405
vt 0.757566 0.415409
vt 0.766492 0.432201
vt 0.867841 0.549506
vt 0.853124 0.537856
vt 0.773712 0.408725
vt 0.779159 0.426920
vt 0.855896 0.561996
vt 0.843736 0.547654
vt 0.790837 0.405351
vt 0.792594 0.424235
vt 0.841685 0.571903
vt 0.832582 0.555412
vt 0.808267 0.405419
vt 0.806269 0.424248
vt 0.825762 0.578813
vt 0.820093 0.560815
vt 0.825313 0.408923
vt 0.819647 0.426952
vt 0.808760 0.582439
vt 0.806757 0.563645
vt 0.841298 0.415716
vt 0.832201 0.432233
vt 0.791352 0.582633
vt 0.793101 0.563785
vt 0.855588 0.425518
vt 0.843438 0.439875
vt 0.774226 0.579384
vt 0.779662 0.561224
vt 0.867623 0.437916
vt 0.852924 0.449566
vt 0.758057 0.572821
vt 0.766968 0.556061
vt 0.876949 0.452390
vt 0.860303 0.460918
vt 0.555182 0.990302
vt 0.553734 0.993363
vt 0.539351 0.987213
vt 0.541200 0.984367
vt 0.645155 0.937197
vt 0.651794 0.939535
vt 0.645988 0.953482
vt 0.639772 0.949935
vt 0.533556 0.861821
vt 0.528918 0.856355
vt 0.541580 0.848075
vt 0.545101 0.854180
vt 0.570065 0.993380
vt 0.570424 0.986707
vt 0.637486 0.966113
vt 0.631910 0.961468
vt 0.555581 0.842408
vt 0.557884 0.848949
vt 0.556883 0.983952
vt 0.570454 0.839548
vt 0.571453 0.846295
vt 0.544158 0.978612
vt 0.585655 0.839636
vt 0.585301 0.846331
vt 0.528702 0.975881
vt 0.532783 0.970948
vt 0.600582 0.842710
vt 0.598881 0.849077
vt 0.518020 0.965194
vt 0.523120 0.961209
vt 0.614602 0.848662
vt 0.611632 0.854429
vt 0.509574 0.952563
vt 0.515499 0.949710
vt 0.627126 0.857187
vt 0.623027 0.862123
vt 0.503777 0.938499
vt 0.510276 0.936903
vt 0.637803 0.867930
vt 0.632681 0.871910
vt 0.500854 0.923609
vt 0.507654 0.923332
vt 0.646230 0.880609
vt 0.640289 0.883453
vt 0.500891 0.908496
vt 0.507731 0.909539
vt 0.651997 0.894704
vt 0.645488 0.896282
vt 0.503849 0.893716
vt 0.510492 0.896034
vt 0.626602 0.976741
vt 0.621989 0.971274
vt 0.654875 0.909616
vt 0.648067 0.909872
vt 0.509605 0.879752
vt 0.515845 0.883277
vt 0.613976 0.984978
vt 0.610468 0.978892
vt 0.654794 0.924746
vt 0.647948 0.923683
vt 0.518046 0.867059
vt 0.523649 0.871686
vt 0.132341 0.530628
vt 0.137230 0.514565
vt 0.156914 0.522752
vt 0.148955 0.537496
vt 0.570815 0.836257
vt 0.586608 0.836415
vt 0.526568 0.978462
vt 0.602033 0.839640
vt 0.515570 0.967543
vt 0.616458 0.845808
vt 0.506835 0.954558
vt 0.629272 0.854603
vt 0.500796 0.940035
vt 0.640265 0.865583
vt 0.497695 0.924577
vt 0.648979 0.878619
vt 0.497648 0.908789
vt 0.654986 0.893175
vt 0.500659 0.893249
vt 0.640022 0.968227
vt 0.628397 0.979414
vt 0.658041 0.908657
vt 0.506638 0.878483
vt 0.615027 0.988019
vt 0.658041 0.924463
vt 0.515495 0.864953
vt 0.600347 0.993864
vt 0.654985 0.940013
vt 0.527110 0.853678
vt 0.584853 0.996759
vt 0.648947 0.954764
vt 0.540523 0.845022
vt 0.569112 0.996592
vt 0.555264 0.839160
vt 0.079737 0.286573
vt 0.086067 0.307574
vt 0.069756 0.314654
vt 0.059366 0.295273
vt 0.115117 0.708335
vt 0.116727 0.724955
vt 0.095446 0.724955
vt 0.097197 0.708342
vt 0.174537 0.534631
vt 0.163853 0.547484
vt 0.074608 0.720635
vt 0.079639 0.704708
vt 0.189438 0.549703
vt 0.176469 0.560180
vt 0.055131 0.712278
vt 0.063194 0.697703
vt 0.201062 0.567359
vt 0.186330 0.575075
vt 0.037748 0.700298
vt 0.048481 0.687628
vt 0.208985 0.586892
vt 0.193075 0.591573
vt 0.016233 0.608888
vt 0.000000 0.607323
vt 0.003845 0.587071
vt 0.019486 0.591714
vt 0.023094 0.685209
vt 0.036047 0.674903
vt 0.212938 0.607525
vt 0.196469 0.609025
vt 0.011528 0.567836
vt 0.026038 0.575436
vt 0.011690 0.667631
vt 0.026336 0.660044
vt 0.212829 0.628454
vt 0.196401 0.626746
vt 0.022850 0.550357
vt 0.035668 0.560675
vt 0.003919 0.648278
vt 0.019672 0.643660
vt 0.208719 0.648958
vt 0.192933 0.644116
vt 0.037431 0.535342
vt 0.048042 0.548017
vt 0.000015 0.627925
vt 0.016288 0.626378
vt 0.200729 0.668320
vt 0.186153 0.660518
vt 0.054743 0.523408
vt 0.062709 0.537977
vt 0.189137 0.685803
vt 0.176326 0.675319
vt 0.074143 0.515053
vt 0.079121 0.530971
vt 0.174360 0.700735
vt 0.163812 0.687947
vt 0.094908 0.510649
vt 0.096656 0.527306
vt 0.156931 0.712535
vt 0.149064 0.697907
vt 0.116252 0.510453
vt 0.114650 0.527158
vt 0.137484 0.720728
vt 0.132627 0.704800
vt 0.438365 0.851724
vt 0.440970 0.851494
vt 0.440970 0.867212
vt 0.438105 0.867047
vt 0.101095 0.510453
vt 0.103514 0.488676
vt 0.121273 0.488584
vt 0.123253 0.510453
vt 0.055141 0.324911
vt 0.041060 0.307811
vt 0.211613 0.449955
vt 0.191991 0.439579
vt 0.198581 0.422721
vt 0.219874 0.429159
vt 0.138712 0.484950
vt 0.145016 0.506033
vt 0.042471 0.337847
vt 0.025376 0.323684
vt 0.201849 0.404798
vt 0.224038 0.407188
vt 0.155118 0.477900
vt 0.165508 0.497354
vt 0.032516 0.352995
vt 0.012965 0.342349
vt 0.202027 0.386571
vt 0.224154 0.384869
vt 0.169839 0.467707
vt 0.183906 0.484756
vt 0.025663 0.369802
vt 0.004381 0.363126
vt 0.198751 0.368783
vt 0.220099 0.362918
vt 0.182291 0.454767
vt 0.199477 0.468741
vt 0.022189 0.387631
vt 0.000000 0.385209
vt 0.192116 0.352048
vt 0.211887 0.342162
vt 0.022234 0.405796
vt 0.000008 0.407726
vt 0.182357 0.336991
vt 0.199773 0.323432
vt 0.025791 0.423596
vt 0.004398 0.429782
vt 0.169848 0.324194
vt 0.184215 0.307483
vt 0.032707 0.440349
vt 0.012966 0.450506
vt 0.155083 0.314157
vt 0.165826 0.294956
vt 0.042695 0.455434
vt 0.025306 0.469101
vt 0.138650 0.307275
vt 0.145344 0.286351
vt 0.055157 0.468289
vt 0.040828 0.484921
vt 0.121205 0.303818
vt 0.123588 0.282005
vt 0.069810 0.478335
vt 0.059073 0.497409
vt 0.103443 0.303918
vt 0.101426 0.282084
vt 0.086137 0.485217
vt 0.079420 0.506043
vt 0.722993 0.673424
vt 0.746335 0.715375
vt 0.740693 0.719314
vt 0.709703 0.682851
vt 0.293639 0.820189
vt 0.291346 0.818765
vt 0.300544 0.805390
vt 0.302482 0.807261
vt 0.293060 0.896098
vt 0.290763 0.897523
vt 0.284568 0.882465
vt 0.287116 0.881554
vt 0.439544 0.882699
vt 0.437054 0.882007
vt 0.312162 0.794121
vt 0.313680 0.796344
vt 0.281426 0.866428
vt 0.284128 0.866092
vt 0.433641 0.897402
vt 0.431381 0.896093
vt 0.325740 0.785396
vt 0.326801 0.787868
vt 0.281494 0.849905
vt 0.284270 0.850201
vt 0.425219 0.910699
vt 0.423270 0.908947
vt 0.340723 0.779559
vt 0.341311 0.782175
vt 0.414264 0.922098
vt 0.412704 0.919969
vt 0.356463 0.776821
vt 0.356583 0.779475
vt 0.401198 0.931119
vt 0.400074 0.928712
vt 0.372203 0.777222
vt 0.371888 0.779793
vt 0.386579 0.937363
vt 0.385792 0.934813
vt 0.387532 0.780624
vt 0.386775 0.783153
vt 0.370940 0.940576
vt 0.370748 0.937928
vt 0.401963 0.787100
vt 0.400763 0.789457
vt 0.355132 0.940580
vt 0.355382 0.937983
vt 0.414791 0.796334
vt 0.413180 0.798418
vt 0.339572 0.937550
vt 0.340265 0.934967
vt 0.425472 0.807908
vt 0.423498 0.809627
vt 0.324700 0.931460
vt 0.325840 0.929016
vt 0.433579 0.821328
vt 0.431309 0.822596
vt 0.311239 0.922510
vt 0.312810 0.920310
vt 0.438801 0.836048
vt 0.436322 0.836795
vt 0.284914 0.833753
vt 0.287481 0.834649
vt 0.299771 0.911047
vt 0.301735 0.909188
vt 0.689944 0.708360
vt 0.732267 0.730048
vt 0.729791 0.736420
vt 0.684167 0.723314
vt 0.836987 0.783451
vt 0.794728 0.761787
vt 0.797213 0.755420
vt 0.842747 0.768485
vt 0.735945 0.724271
vt 0.698552 0.694652
vt 0.798415 0.748709
vt 0.845584 0.753063
vt 0.693095 0.690515
vt 0.694032 0.691206
vt 0.684903 0.705813
vt 0.683917 0.705321
vt 0.798290 0.741903
vt 0.845382 0.737395
vt 0.796839 0.735240
vt 0.842251 0.721695
vt 0.728594 0.743144
vt 0.681305 0.738744
vt 0.794110 0.728972
vt 0.836127 0.706786
vt 0.728711 0.749970
vt 0.681478 0.754434
vt 0.790201 0.723345
vt 0.827201 0.693317
vt 0.730148 0.756655
vt 0.684581 0.770169
vt 0.785284 0.718563
vt 0.815809 0.681825
vt 0.732860 0.762947
vt 0.690682 0.785126
vt 0.779518 0.714827
vt 0.802377 0.672752
vt 0.736751 0.768602
vt 0.699602 0.798656
vt 0.773120 0.712284
vt 0.787389 0.666436
vt 0.773084 0.828646
vt 0.767598 0.780767
vt 0.774347 0.779265
vt 0.789129 0.825014
vt 0.741678 0.773399
vt 0.711015 0.810214
vt 0.766331 0.711037
vt 0.771308 0.663140
vt 0.755562 0.836241
vt 0.755683 0.834873
vt 0.773811 0.834439
vt 0.773983 0.835722
vt 0.747456 0.777149
vt 0.724512 0.819353
vt 0.759417 0.711146
vt 0.754449 0.663225
vt 0.804015 0.818340
vt 0.780660 0.776480
vt 0.786296 0.772528
vt 0.817263 0.808923
vt 0.753870 0.779696
vt 0.739671 0.825709
vt 0.752658 0.712614
vt 0.738000 0.666750
vt 0.791044 0.767565
vt 0.828393 0.797134
vt 0.238459 0.762996
vt 0.237128 0.769686
vt 0.234518 0.775988
vt 0.230728 0.781660
vt 0.225904 0.786484
vt 0.220233 0.790273
vt 0.213930 0.792884
vt 0.207240 0.794215
vt 0.200419 0.794215
vt 0.193728 0.792884
vt 0.187426 0.790273
vt 0.181754 0.786484
vt 0.176931 0.781660
vt 0.173141 0.775988
vt 0.170530 0.769686
vt 0.169200 0.762995
vt 0.169200 0.756174
vt 0.170531 0.749484
vt 0.173141 0.743181
vt 0.176931 0.737510
vt 0.181754 0.732686
vt 0.187426 0.728896
vt 0.193729 0.726286
vt 0.200419 0.724955
vt 0.207240 0.724955
vt 0.213931 0.726286
vt 0.220233 0.728897
vt 0.225905 0.732686
vt 0.230728 0.737510
vt 0.234518 0.743182
vt 0.237128 0.749484
vt 0.238459 0.756174
vt 0.852018 0.753628
vt 0.850988 0.753541
vt 0.850928 0.736879
vt 0.852018 0.736780
vt 0.678782 0.721820
vt 0.677727 0.721538
vt 0.847657 0.720133
vt 0.848743 0.719828
vt 0.675888 0.738258
vt 0.674861 0.738169
vt 0.841162 0.704204
vt 0.842198 0.703687
vt 0.675916 0.754943
vt 0.674827 0.755040
vt 0.831658 0.689793
vt 0.832598 0.689067
vt 0.679155 0.771725
vt 0.678069 0.772027
vt 0.819503 0.677484
vt 0.820301 0.676565
vt 0.685626 0.787706
vt 0.684589 0.788221
vt 0.805155 0.667749
vt 0.805768 0.666666
vt 0.790987 0.830473
vt 0.791407 0.831655
vt 0.695122 0.802183
vt 0.694179 0.802907
vt 0.789132 0.660951
vt 0.789522 0.659743
vt 0.760675 0.780919
vt 0.756224 0.828881
vt 0.707296 0.814569
vt 0.706494 0.815489
vt 0.771915 0.657351
vt 0.772032 0.656246
vt 0.806898 0.823293
vt 0.807531 0.824339
vt 0.721711 0.824389
vt 0.721093 0.825478
vt 0.753850 0.657262
vt 0.753757 0.656312
vt 0.821043 0.813194
vt 0.821848 0.814073
vt 0.737922 0.831274
vt 0.737529 0.832505
vt 0.736140 0.661231
vt 0.735718 0.660031
vt 0.832908 0.800574
vt 0.833842 0.801262
vt 0.720104 0.668451
vt 0.719469 0.667400
vt 0.842046 0.785947
vt 0.843067 0.786433
vt 0.705919 0.678571
vt 0.705113 0.677690
vt 0.848124 0.769970
vt 0.849183 0.770252
vt 0.127695 0.689683
vt 0.113389 0.692541
vt 0.113143 0.543127
vt 0.127577 0.545886
vt 0.141172 0.684045
vt 0.098500 0.543147
vt 0.153297 0.675851
vt 0.084147 0.546090
vt 0.163612 0.665422
vt 0.070664 0.551799
vt 0.171742 0.653164
vt 0.032281 0.624848
vt 0.032128 0.610345
vt 0.058573 0.560025
vt 0.177399 0.639562
vt 0.035180 0.639254
vt 0.048335 0.570431
vt 0.180360 0.625132
vt 0.040735 0.652892
vt 0.040332 0.582602
vt 0.180330 0.610406
vt 0.048769 0.665175
vt 0.034858 0.596072
vt 0.177481 0.595950
vt 0.059010 0.675644
vt 0.171891 0.582324
vt 0.071090 0.683889
vt 0.163758 0.570057
vt 0.084548 0.689586
vt 0.153386 0.559633
vt 0.098826 0.692504
vt 0.141169 0.551466
vt 0.687803 0.481685
vt 0.664098 0.500517
vt 0.653472 0.489815
vt 0.673101 0.466667
vt 0.593857 0.442131
vt 0.597007 0.472556
vt 0.582170 0.475432
vt 0.573072 0.446373
vt 0.552724 0.643477
vt 0.567573 0.616756
vt 0.581569 0.622570
vt 0.572297 0.651851
vt 0.699265 0.499214
vt 0.672432 0.513065
vt 0.615245 0.442065
vt 0.612138 0.472708
vt 0.535245 0.631481
vt 0.555007 0.608296
vt 0.707074 0.518561
vt 0.678172 0.526969
vt 0.520509 0.616337
vt 0.544370 0.597538
vt 0.710973 0.538953
vt 0.681120 0.541692
vt 0.509081 0.598654
vt 0.536066 0.584908
vt 0.710893 0.559576
vt 0.681181 0.556686
vt 0.501380 0.579173
vt 0.530401 0.570958
vt 0.707037 0.579873
vt 0.678226 0.571432
vt 0.497648 0.558686
vt 0.527563 0.556190
vt 0.699283 0.599200
vt 0.672487 0.585265
vt 0.497935 0.538022
vt 0.527628 0.541148
vt 0.687848 0.616761
vt 0.664120 0.597866
vt 0.501991 0.517792
vt 0.530698 0.526466
vt 0.673108 0.631843
vt 0.653442 0.608548
vt 0.509904 0.498587
vt 0.536543 0.512628
vt 0.655578 0.643824
vt 0.640837 0.616952
vt 0.521443 0.481193
vt 0.544960 0.500154
vt 0.635854 0.652181
vt 0.626792 0.622734
vt 0.636182 0.446424
vt 0.626990 0.475595
vt 0.536195 0.466316
vt 0.555646 0.489529
vt 0.614804 0.656246
vt 0.611833 0.626038
vt 0.655690 0.454752
vt 0.640947 0.481389
vt 0.553618 0.454551
vt 0.568206 0.481174
vt 0.593328 0.656246
vt 0.596660 0.624676
vt 0.849155 0.466656
vt 0.853245 0.476946
vt 0.772938 0.544837
vt 0.763584 0.538642
vt 0.843113 0.457395
vt 0.783304 0.549069
vt 0.835350 0.449507
vt 0.794276 0.551175
vt 0.826162 0.443300
vt 0.805424 0.551077
vt 0.815905 0.439021
vt 0.816308 0.548783
vt 0.804979 0.436846
vt 0.826501 0.544388
vt 0.793813 0.436867
vt 0.835605 0.538068
vt 0.782845 0.439089
vt 0.843266 0.530070
vt 0.772504 0.443429
vt 0.849189 0.520694
vt 0.742729 0.499933
vt 0.742678 0.488650
vt 0.763197 0.449721
vt 0.853154 0.510274
vt 0.744973 0.510987
vt 0.755286 0.457725
vt 0.854992 0.499163
vt 0.749323 0.521384
vt 0.749081 0.467130
vt 0.855231 0.487908
vt 0.755608 0.530723
vt 0.744823 0.477573
vt 0.744883 0.488868
vt 0.746942 0.478215
vt 0.764986 0.536941
vt 0.757319 0.529326
vt 0.851151 0.477535
vt 0.853040 0.488069
vt 0.751033 0.468172
vt 0.751275 0.520346
vt 0.852774 0.498945
vt 0.756996 0.459126
vt 0.747093 0.510348
vt 0.851037 0.509690
vt 0.764598 0.451427
vt 0.744933 0.499719
vt 0.847246 0.519708
vt 0.773543 0.445372
vt 0.841560 0.528721
vt 0.783481 0.441193
vt 0.834201 0.536406
vt 0.794023 0.439051
vt 0.825455 0.542478
vt 0.804756 0.439024
vt 0.815660 0.546699
vt 0.815259 0.441106
vt 0.805200 0.548901
vt 0.825119 0.445211
vt 0.794487 0.548993
vt 0.833953 0.451171
vt 0.783942 0.546967
vt 0.841417 0.458747
vt 0.773978 0.542897
vt 0.847225 0.467646
vt 0.464984 0.825695
vt 0.461163 0.809396
vt 0.471940 0.809396
vt 0.473328 0.819825
vt 0.245652 0.763192
vt 0.257767 0.749346
vt 0.259700 0.761256
vt 0.255322 0.770063
vt 0.464984 0.793097
vt 0.473328 0.798967
vt 0.276936 0.744319
vt 0.276938 0.757925
vt 0.475424 0.781164
vt 0.477119 0.791337
vt 0.494359 0.776821
vt 0.494362 0.788447
vt 0.257230 0.364223
vt 0.242462 0.377101
vt 0.231452 0.361402
vt 0.248359 0.351960
vt 0.226071 0.346342
vt 0.245450 0.341958
vt 0.224154 0.329689
vt 0.244727 0.329529
vt 0.225779 0.313024
vt 0.245319 0.317087
vt 0.230936 0.297790
vt 0.247353 0.307448
vt 0.242042 0.282005
vt 0.256888 0.294989
vt 0.458394 0.797111
vt 0.442976 0.794169
vt 0.445672 0.776821
vt 0.461163 0.779848
vt 0.458156 0.805628
vt 0.442696 0.804000
vt 0.458086 0.816149
vt 0.442613 0.816149
vt 0.458156 0.826670
vt 0.442696 0.828297
vt 0.458394 0.835186
vt 0.442976 0.838128
vt 0.461163 0.852449
vt 0.445672 0.855477
vt 0.241218 0.782106
vt 0.253719 0.782106
vt 0.475424 0.837628
vt 0.477119 0.827455
vt 0.245652 0.801019
vt 0.255322 0.794148
vt 0.494359 0.841971
vt 0.494362 0.830345
vt 0.257767 0.814865
vt 0.259700 0.802955
vt 0.276936 0.819892
vt 0.276938 0.806286
vt 0.261758 0.360550
vt 0.254359 0.349644
vt 0.272661 0.344704
vt 0.275437 0.349304
vt 0.252134 0.341029
vt 0.250819 0.329497
vt 0.268326 0.329543
vt 0.269338 0.336825
vt 0.251978 0.318562
vt 0.254487 0.310325
vt 0.272711 0.314368
vt 0.269397 0.322266
vt 0.261622 0.299006
vt 0.275437 0.309697
vt 0.238862 0.500036
vt 0.233770 0.498176
vt 0.226731 0.493079
vt 0.224154 0.486116
vt 0.226731 0.479153
vt 0.233770 0.474056
vt 0.238862 0.472196
vt 0.408186 0.000571
vt 0.430890 0.398232
vt 0.415454 0.398432
vt 0.389538 0.001498
vt 0.425293 0.000207
vt 0.437002 0.398251
vt 0.443591 0.000000
vt 0.444208 0.398278
vt 0.461889 0.000151
vt 0.451415 0.398228
vt 0.478997 0.000461
vt 0.457527 0.398191
vt 0.497648 0.001330
vt 0.472963 0.398343
vt 0.415807 0.537663
vt 0.410041 0.559538
vt 0.391254 0.555348
vt 0.397058 0.532353
vt 0.429464 0.539098
vt 0.426681 0.561618
vt 0.444427 0.539345
vt 0.444462 0.562319
vt 0.459388 0.539051
vt 0.462241 0.561563
vt 0.473041 0.537574
vt 0.478874 0.559431
vt 0.491774 0.532206
vt 0.497648 0.555183
vt 0.221771 0.638208
vt 0.220447 0.626431
vt 0.226410 0.626431
vt 0.227201 0.631395
vt 0.793999 0.650339
vt 0.783892 0.637888
vt 0.791618 0.627739
vt 0.795590 0.632631
vt 0.221771 0.614653
vt 0.227201 0.621467
vt 0.811876 0.655353
vt 0.812494 0.634902
vt 0.226382 0.604902
vt 0.229400 0.617410
vt 0.240485 0.596935
vt 0.244938 0.611620
vt 0.478951 0.506158
vt 0.461472 0.511177
vt 0.453482 0.511965
vt 0.444385 0.512424
vt 0.435287 0.511993
vt 0.427294 0.511230
vt 0.409800 0.506265
vt 0.222460 0.593462
vt 0.235799 0.584117
vt 0.215352 0.608209
vt 0.212938 0.626431
vt 0.215352 0.644652
vt 0.226382 0.647959
vt 0.222460 0.659399
vt 0.240485 0.655926
vt 0.235799 0.668745
vt 0.224724 0.703115
vt 0.227700 0.699625
vt 0.241218 0.708576
vt 0.238774 0.712786
vt 0.222018 0.697425
vt 0.225904 0.695584
vt 0.221084 0.690765
vt 0.225279 0.690765
vt 0.222018 0.684106
vt 0.225904 0.685947
vt 0.224724 0.678415
vt 0.227700 0.681905
vt 0.238774 0.668745
vt 0.241218 0.672954
vt 0.780233 0.621170
vt 0.790181 0.621170
vt 0.229400 0.635451
vt 0.783892 0.604451
vt 0.791618 0.614601
vt 0.244938 0.641242
vt 0.793999 0.592001
vt 0.795590 0.609708
vt 0.811876 0.586986
vt 0.812494 0.607437
vt 0.173021 0.810491
vt 0.181364 0.816361
vt 0.179976 0.826790
vt 0.169200 0.826790
vt 0.245652 0.725445
vt 0.255323 0.718574
vt 0.259700 0.727381
vt 0.257767 0.739291
vt 0.181364 0.837219
vt 0.173021 0.843089
vt 0.276938 0.730712
vt 0.185155 0.844849
vt 0.183460 0.855022
vt 0.202398 0.847739
vt 0.202395 0.859366
vt 0.257230 0.389978
vt 0.248359 0.402241
vt 0.231452 0.392799
vt 0.245450 0.412243
vt 0.226071 0.407859
vt 0.244727 0.424672
vt 0.224154 0.424512
vt 0.245319 0.437114
vt 0.225779 0.441177
vt 0.247353 0.446753
vt 0.230936 0.456411
vt 0.256888 0.459212
vt 0.242042 0.472196
vt 0.867799 0.714611
vt 0.870568 0.731875
vt 0.855077 0.734902
vt 0.852381 0.717554
vt 0.867561 0.706095
vt 0.852100 0.707722
vt 0.867491 0.695574
vt 0.852018 0.695574
vt 0.867561 0.685053
vt 0.852100 0.683426
vt 0.867799 0.676537
vt 0.852381 0.673595
vt 0.870568 0.659274
vt 0.855077 0.656246
vt 0.241218 0.706532
vt 0.253719 0.706532
vt 0.183460 0.798558
vt 0.185155 0.808731
vt 0.245652 0.687618
vt 0.255323 0.694489
vt 0.202395 0.794215
vt 0.202398 0.805841
vt 0.257767 0.673772
vt 0.259700 0.685682
vt 0.276936 0.668745
vt 0.276938 0.682351
vt 0.261758 0.393651
vt 0.275437 0.404897
vt 0.272661 0.409497
vt 0.254359 0.404557
vt 0.252134 0.413172
vt 0.269338 0.417376
vt 0.268326 0.424658
vt 0.250819 0.424704
vt 0.251978 0.435639
vt 0.269397 0.431935
vt 0.272711 0.439833
vt 0.254487 0.443876
vt 0.275437 0.444504
vt 0.261622 0.455195
vt 0.253570 0.472196
vt 0.253570 0.500036
vt 0.248478 0.498176
vt 0.241439 0.493079
vt 0.238862 0.486116
vt 0.241439 0.479153
vt 0.248478 0.474056
vt 0.370887 0.000461
vt 0.389538 0.001330
vt 0.364853 0.398345
vt 0.349417 0.398193
vt 0.353778 0.000151
vt 0.343304 0.398230
vt 0.335480 0.000000
vt 0.336098 0.398280
vt 0.317183 0.000207
vt 0.328892 0.398253
vt 0.300075 0.000571
vt 0.322780 0.398234
vt 0.281426 0.001498
vt 0.307344 0.398434
vt 0.364931 0.537574
vt 0.383664 0.532206
vt 0.389538 0.555183
vt 0.370764 0.559431
vt 0.351278 0.539052
vt 0.354131 0.561563
vt 0.336317 0.539345
vt 0.336353 0.562319
vt 0.321355 0.539098
vt 0.318572 0.561618
vt 0.307698 0.537663
vt 0.301933 0.559538
vt 0.288949 0.532353
vt 0.283146 0.555348
vt 0.253771 0.614653
vt 0.259201 0.621467
vt 0.258409 0.626431
vt 0.252447 0.626431
vt 0.826261 0.592000
vt 0.827852 0.609708
vt 0.823880 0.614601
vt 0.816154 0.604451
vt 0.259201 0.631395
vt 0.253771 0.638208
vt 0.844138 0.586986
vt 0.844756 0.607437
vt 0.261400 0.635451
vt 0.258382 0.647959
vt 0.276938 0.641242
vt 0.272485 0.655926
vt 0.301691 0.506266
vt 0.319185 0.511231
vt 0.327177 0.511994
vt 0.336275 0.512424
vt 0.345372 0.511965
vt 0.353362 0.511178
vt 0.370841 0.506159
vt 0.267799 0.668745
vt 0.254460 0.659399
vt 0.247352 0.644652
vt 0.244938 0.626431
vt 0.247352 0.608209
vt 0.258382 0.604902
vt 0.254460 0.593462
vt 0.272485 0.596935
vt 0.267799 0.584117
vt 0.764399 0.178870
vt 0.778449 0.169200
vt 0.780893 0.173409
vt 0.767375 0.182360
vt 0.761693 0.184561
vt 0.765579 0.186402
vt 0.760759 0.191220
vt 0.764954 0.191220
vt 0.761693 0.197880
vt 0.765579 0.196039
vt 0.764399 0.203570
vt 0.767375 0.200080
vt 0.778449 0.213241
vt 0.780893 0.209031
vt 0.822442 0.621170
vt 0.812494 0.621170
vt 0.261400 0.617410
vt 0.823880 0.627739
vt 0.816154 0.637888
vt 0.276938 0.611620
vt 0.827852 0.632631
vt 0.826261 0.650339
vt 0.844756 0.634902
vt 0.844138 0.655353
vt 0.738987 0.190959
vt 0.737395 0.191878
vt 0.736747 0.188348
vt 0.738546 0.188822
vt 0.735144 0.193114
vt 0.731578 0.195095
vt 0.729956 0.186553
vt 0.734204 0.187637
vt 0.740232 0.190165
vt 0.739993 0.189140
vt 0.721944 0.200741
vt 0.721944 0.182656
vt 0.741351 0.189365
vt 0.739750 0.186988
vt 0.740550 0.188244
vt 0.737518 0.182990
vt 0.738813 0.185359
vt 0.731672 0.172816
vt 0.735283 0.178999
vt 0.744999 0.169200
vt 0.744473 0.178081
vt 0.741577 0.188006
vt 0.742396 0.184762
vt 0.741902 0.186558
vt 0.743170 0.182231
vt 0.742470 0.188564
vt 0.745308 0.186852
vt 0.743716 0.187771
vt 0.751125 0.183635
vt 0.747559 0.185616
vt 0.760759 0.177988
vt 0.744157 0.189908
vt 0.742710 0.189590
vt 0.748499 0.191093
vt 0.745956 0.190382
vt 0.760759 0.196073
vt 0.752747 0.192176
vt 0.742953 0.191742
vt 0.742153 0.190486
vt 0.745185 0.195740
vt 0.743890 0.193371
vt 0.751031 0.205914
vt 0.747419 0.199731
vt 0.741126 0.190724
vt 0.740307 0.193968
vt 0.740801 0.192172
vt 0.738230 0.200649
vt 0.739533 0.196499
vt 0.737704 0.209530
vt 0.264351 0.518907
vt 0.271761 0.534826
vt 0.267480 0.538717
vt 0.259714 0.526981
vt 0.235017 0.584117
vt 0.220291 0.575630
vt 0.224566 0.567365
vt 0.237078 0.574507
vt 0.264984 0.571356
vt 0.252069 0.583317
vt 0.251256 0.574081
vt 0.262410 0.566187
vt 0.219626 0.523338
vt 0.232420 0.511322
vt 0.232976 0.520441
vt 0.222248 0.528513
vt 0.249534 0.510453
vt 0.247046 0.519887
vt 0.212938 0.559872
vt 0.217216 0.555996
vt 0.271761 0.553781
vt 0.268165 0.553122
vt 0.212939 0.540958
vt 0.216521 0.541607
vt 0.593633 0.831565
vt 0.576239 0.831317
vt 0.559691 0.827565
vt 0.544343 0.820681
vt 0.530685 0.810971
vt 0.519213 0.798818
vt 0.510355 0.784718
vt 0.504413 0.769299
vt 0.501478 0.753409
vt 0.501668 0.737260
vt 0.504872 0.721064
vt 0.511163 0.705666
vt 0.520357 0.691736
vt 0.532115 0.679841
vt 0.545995 0.670442
vt 0.561500 0.663899
vt 0.578149 0.660492
vt 0.595569 0.660596
vt 0.612625 0.664281
vt 0.628132 0.671224
vt 0.641840 0.681005
vt 0.653322 0.693224
vt 0.662154 0.707364
vt 0.668090 0.722822
vt 0.671009 0.738727
vt 0.670804 0.754893
vt 0.667582 0.771102
vt 0.661273 0.786510
vt 0.652060 0.800445
vt 0.640280 0.812349
vt 0.626355 0.821760
vt 0.610712 0.828302
vt 0.755975 0.831559
vt 0.773396 0.831319
vt 0.789967 0.827565
vt 0.805335 0.820670
vt 0.819008 0.810944
vt 0.830491 0.798772
vt 0.839354 0.784650
vt 0.845293 0.769210
vt 0.848220 0.753306
vt 0.848015 0.737149
vt 0.844792 0.720951
vt 0.838483 0.705563
vt 0.829280 0.691654
vt 0.817528 0.679784
vt 0.803666 0.670408
vt 0.788193 0.663876
vt 0.771584 0.660465
vt 0.754181 0.660547
vt 0.737170 0.664192
vt 0.721674 0.671089
vt 0.707958 0.680826
vt 0.696452 0.693011
vt 0.687580 0.707147
vt 0.681616 0.722587
vt 0.678662 0.738498
vt 0.678837 0.754678
vt 0.682031 0.770912
vt 0.688317 0.786349
vt 0.697514 0.800320
vt 0.709289 0.812259
vt 0.723218 0.821705
vt 0.738873 0.828277
vt 0.891144 0.076268
vt 0.891144 0.092933
vt 0.877431 0.091582
vt 0.877431 0.077618
vt 0.149844 0.038822
vt 0.129799 0.038871
vt 0.125637 0.000196
vt 0.153325 0.000000
vt 0.187848 0.231943
vt 0.204698 0.220904
vt 0.229496 0.251305
vt 0.206160 0.266569
vt 0.110183 0.042830
vt 0.098570 0.005775
vt 0.219070 0.206742
vt 0.249406 0.231709
vt 0.091742 0.050532
vt 0.073149 0.016502
vt 0.230392 0.190005
vt 0.265087 0.208539
vt 0.075172 0.061675
vt 0.050330 0.031949
vt 0.238212 0.171345
vt 0.275906 0.182705
vt 0.061099 0.075825
vt 0.030965 0.051517
vt 0.242215 0.151493
vt 0.281426 0.155225
vt 0.050052 0.092441
vt 0.015777 0.074458
vt 0.242243 0.131230
vt 0.281426 0.127190
vt 0.042443 0.110889
vt 0.005330 0.099898
vt 0.238296 0.111353
vt 0.275912 0.099711
vt 0.060908 0.205261
vt 0.074914 0.219536
vt 0.050139 0.249452
vt 0.030843 0.229800
vt 0.038556 0.130468
vt 0.000007 0.126874
vt 0.230535 0.092641
vt 0.265111 0.073870
vt 0.091420 0.230835
vt 0.072894 0.265019
vt 0.038532 0.150439
vt 0.000000 0.154369
vt 0.219273 0.075823
vt 0.249468 0.050680
vt 0.109814 0.238720
vt 0.098270 0.275897
vt 0.042371 0.170048
vt 0.005302 0.181352
vt 0.204961 0.061550
vt 0.229614 0.031039
vt 0.129405 0.242877
vt 0.125322 0.281644
vt 0.049924 0.188554
vt 0.015712 0.206813
vt 0.188168 0.050369
vt 0.206344 0.015696
vt 0.149453 0.243128
vt 0.153030 0.282005
vt 0.169553 0.042699
vt 0.180579 0.005224
vt 0.169189 0.239442
vt 0.180331 0.276927
vt 0.731573 0.044527
vt 0.740831 0.030671
vt 0.751483 0.039412
vt 0.743725 0.051022
vt 0.887893 0.109277
vt 0.874707 0.105277
vt 0.752615 0.018887
vt 0.761357 0.029539
vt 0.881516 0.124673
vt 0.869363 0.118178
vt 0.766471 0.009628
vt 0.772967 0.021781
vt 0.814876 0.169200
vt 0.798212 0.169200
vt 0.799562 0.155487
vt 0.813526 0.155487
vt 0.872257 0.138529
vt 0.861605 0.129788
vt 0.781867 0.003251
vt 0.785867 0.016437
vt 0.781867 0.165949
vt 0.785867 0.152762
vt 0.860473 0.150313
vt 0.851732 0.139661
vt 0.798212 0.000000
vt 0.799562 0.013713
vt 0.766471 0.159571
vt 0.772967 0.147419
vt 0.846617 0.159572
vt 0.840121 0.147419
vt 0.814877 0.000000
vt 0.813526 0.013713
vt 0.752615 0.150313
vt 0.761356 0.139661
vt 0.831221 0.165949
vt 0.827221 0.152763
vt 0.831221 0.003251
vt 0.827221 0.016437
vt 0.740831 0.138529
vt 0.751483 0.129788
vt 0.846617 0.009628
vt 0.840122 0.021781
vt 0.731573 0.124673
vt 0.743725 0.118177
vt 0.860474 0.018887
vt 0.851732 0.029539
vt 0.725195 0.109277
vt 0.738382 0.105277
vt 0.872257 0.030671
vt 0.861605 0.039412
vt 0.721944 0.092932
vt 0.735657 0.091582
vt 0.881516 0.044527
vt 0.869363 0.051023
vt 0.721944 0.076267
vt 0.735657 0.077618
vt 0.887893 0.059923
vt 0.874707 0.063923
vt 0.725195 0.059923
vt 0.738382 0.063923
vt 0.161122 0.212360
vt 0.174603 0.206942
vt 0.161438 0.069793
vt 0.147193 0.066917
vt 0.146857 0.215016
vt 0.174887 0.075411
vt 0.074800 0.175310
vt 0.082773 0.187457
vt 0.132363 0.214820
vt 0.187016 0.083564
vt 0.069314 0.161856
vt 0.118193 0.211790
vt 0.197349 0.093943
vt 0.066525 0.147606
vt 0.104882 0.206054
vt 0.205475 0.106151
vt 0.066542 0.133101
vt 0.092926 0.197837
vt 0.211069 0.119715
vt 0.069365 0.118891
vt 0.213908 0.134110
vt 0.074892 0.105516
vt 0.213878 0.148772
vt 0.082912 0.093485
vt 0.210980 0.163130
vt 0.093123 0.083256
vt 0.205330 0.176622
vt 0.105138 0.075221
vt 0.197153 0.188723
vt 0.118501 0.069690
vt 0.186773 0.198961
vt 0.132699 0.066884
vt 0.109277 0.728206
vt 0.105277 0.741393
vt 0.091582 0.738669
vt 0.092932 0.724955
vt 0.144976 0.087247
vt 0.143253 0.101824
vt 0.135747 0.101837
vt 0.134523 0.087209
vt 0.165198 0.188805
vt 0.158477 0.175777
vt 0.164776 0.171528
vt 0.173958 0.183002
vt 0.128357 0.103309
vt 0.124284 0.089239
vt 0.170126 0.166104
vt 0.181418 0.175571
vt 0.121393 0.106208
vt 0.114637 0.093240
vt 0.174318 0.159714
vt 0.187284 0.166798
vt 0.115141 0.110429
vt 0.105966 0.099056
vt 0.177185 0.152604
vt 0.191324 0.157024
vt 0.109846 0.115812
vt 0.098602 0.106464
vt 0.178613 0.145049
vt 0.193376 0.146627
vt 0.105713 0.122154
vt 0.092829 0.115184
vt 0.178542 0.137340
vt 0.193359 0.136010
vt 0.102903 0.129211
vt 0.088867 0.124884
vt 0.176973 0.129773
vt 0.191271 0.125587
vt 0.098821 0.174692
vt 0.110553 0.165502
vt 0.115906 0.171085
vt 0.106196 0.182247
vt 0.101543 0.136708
vt 0.086869 0.135195
vt 0.173964 0.122638
vt 0.187194 0.115760
vt 0.122171 0.175467
vt 0.114859 0.188226
vt 0.101633 0.144382
vt 0.086904 0.145726
vt 0.169628 0.116209
vt 0.181288 0.106908
vt 0.129135 0.178492
vt 0.124491 0.192390
vt 0.103211 0.151924
vt 0.088974 0.156078
vt 0.164128 0.110725
vt 0.173790 0.099373
vt 0.136527 0.180063
vt 0.134732 0.194577
vt 0.106221 0.159051
vt 0.093000 0.165857
vt 0.157748 0.106366
vt 0.165004 0.093443
vt 0.144071 0.180133
vt 0.145194 0.194702
vt 0.150685 0.103356
vt 0.155271 0.089347
vt 0.151487 0.178686
vt 0.155485 0.192756
vt 0.109277 0.890904
vt 0.105277 0.877718
vt 0.118177 0.872374
vt 0.124673 0.884527
vt 0.077618 0.738668
vt 0.076268 0.724955
vt 0.129787 0.864617
vt 0.138529 0.875268
vt 0.063923 0.741393
vt 0.059923 0.728206
vt 0.139661 0.854743
vt 0.150313 0.863485
vt 0.003251 0.784878
vt 0.016437 0.788878
vt 0.013713 0.802573
vt 0.000000 0.801223
vt 0.051022 0.746736
vt 0.044527 0.734584
vt 0.147419 0.843133
vt 0.159571 0.849628
vt 0.013713 0.816537
vt 0.000000 0.817887
vt 0.039412 0.754494
vt 0.030671 0.743842
vt 0.152762 0.830232
vt 0.165949 0.834232
vt 0.016437 0.830232
vt 0.003251 0.834232
vt 0.029539 0.764367
vt 0.018887 0.755626
vt 0.155487 0.816537
vt 0.169200 0.817888
vt 0.021781 0.843132
vt 0.009628 0.849628
vt 0.021781 0.775978
vt 0.009628 0.769482
vt 0.155486 0.802574
vt 0.169200 0.801223
vt 0.029539 0.854743
vt 0.018887 0.863484
vt 0.152762 0.788878
vt 0.165949 0.784878
vt 0.039412 0.864616
vt 0.030670 0.875268
vt 0.147419 0.775978
vt 0.159571 0.769482
vt 0.051022 0.872374
vt 0.044527 0.884527
vt 0.139661 0.764368
vt 0.150313 0.755626
vt 0.063923 0.877718
vt 0.059923 0.890904
vt 0.129787 0.754494
vt 0.138529 0.743842
vt 0.077618 0.880442
vt 0.076267 0.894155
vt 0.118177 0.746736
vt 0.124673 0.734584
vt 0.091581 0.880442
vt 0.092932 0.894155
vt 0.500000 0.500000
vt 0.520833 0.500000
vt 0.520833 0.583333
vt 0.500000 0.583333
vt 0.520833 0.666667
vt 0.500000 0.666667
vt 0.520833 0.750000
vt 0.500000 0.750000
vt 0.520833 0.833333
vt 0.500000 0.833333
vt 0.520833 0.916667
vt 0.500000 0.916667
vt 0.520833 1.000000
vt 0.500000 1.000000
vt 0.500000 0.000000
vt 0.520833 0.000000
vt 0.520833 0.083333
vt 0.500000 0.083333
vt 0.520833 0.166667
vt 0.500000 0.166667
vt 0.520833 0.250000
vt 0.500000 0.250000
vt 0.520833 0.333333
vt 0.500000 0.333333
vt 0.520833 0.416667
vt 0.500000 0.416667
vt 0.541667 0.500000
vt 0.541667 0.583333
vt 0.541667 0.666667
vt 0.541667 0.750000
vt 0.541667 0.833333
vt 0.541667 0.916667
vt 0.541667 1.000000
vt 0.541667 0.000000
vt 0.541667 0.083333
vt 0.541667 0.166667
vt 0.541667 0.250000
vt 0.541667 0.333333
vt 0.541667 0.416667
vt 0.562500 0.500000
vt 0.562500 0.583333
vt 0.562500 0.666667
vt 0.562500 0.750000
vt 0.562500 0.833333
vt 0.562500 0.916667
vt 0.562500 1.000000
vt 0.562500 0.000000
vt 0.562500 0.083333
vt 0.562500 0.166667
vt 0.562500 0.250000
vt 0.562500 0.333333
vt 0.562500 0.416667
vt 0.583333 0.500000
vt 0.583333 0.583333
vt 0.583333 0.666667
vt 0.583333 0.750000
vt 0.583333 0.833333
vt 0.583333 0.916667
vt 0.583333 1.000000
vt 0.583333 0.000000
vt 0.583333 0.083333
vt 0.583333 0.166667
vt 0.583333 0.250000
vt 0.583333 0.333333
vt 0.583333 0.416667
vt 0.604167 0.500000
vt 0.604167 0.583333
vt 0.604167 0.666667
vt 0.604167 0.750000
vt 0.604167 0.833333
vt 0.604167 0.916667
vt 0.604167 1.000000
vt 0.604167 0.000000
vt 0.604167 0.083333
vt 0.604167 0.166667
vt 0.604167 0.250000
vt 0.604167 0.333333
vt 0.604167 0.416667
vt 0.625000 0.500000
vt 0.625000 0.583333
vt 0.625000 0.666667
vt 0.625000 0.750000
vt 0.625000 0.833333
vt 0.625000 0.916667
vt 0.625000 1.000000
vt 0.625000 0.000000
vt 0.625000 0.083333
vt 0.625000 0.166667
vt 0.625000 0.250000
vt 0.625000 0.333333
vt 0.625000 0.416667
vt 0.645833 0.500000
vt 0.645833 0.583333
vt 0.645833 0.666667
vt 0.645833 0.750000
vt 0.645833 0.833333
vt 0.645833 0.916667
vt 0.645833 1.000000
vt 0.645833 0.000000
vt 0.645833 0.083333
vt 0.645833 0.166667
vt 0.645833 0.250000
vt 0.645833 0.333333
vt 0.645833 0.416667
vt 0.666667 0.500000
vt 0.666667 0.583333
vt 0.666667 0.666667
vt 0.666667 0.750000
vt 0.666667 0.833333
vt 0.666667 0.916667
vt 0.666667 1.000000
vt 0.666667 0.000000
vt 0.666667 0.083333
vt 0.666667 0.166667
vt 0.666667 0.250000
vt 0.666667 0.333333
vt 0.666667 0.416667
vt 0.687500 0.500000
vt 0.687500 0.583333
vt 0.687500 0.666667
vt 0.687500 0.750000
vt 0.687500 0.833333
vt 0.687500 0.916667
vt 0.687500 1.000000
vt 0.687500 0.000000
vt 0.687500 0.083333
vt 0.687500 0.166667
vt 0.687500 0.250000
vt 0.687500 0.333333
vt 0.687500 0.416667
vt 0.708333 0.500000
vt 0.708333 0.583333
vt 0.708333 0.666667
vt 0.708333 0.750000
vt 0.708333 0.833333
vt 0.708333 0.916667
vt 0.708333 1.000000
vt 0.708333 0.000000
vt 0.708333 0.083333
vt 0.708333 0.166667
vt 0.708333 0.250000
vt 0.708333 0.333333
vt 0.708333 0.416667
vt 0.729167 0.500000
vt 0.729167 0.583333
vt 0.729167 0.666667
vt 0.729167 0.750000
vt 0.729167 0.833333
vt 0.729167 0.916667
vt 0.729167 1.000000
vt 0.729167 0.000000
vt 0.729167 0.083333
vt 0.729167 0.166667
vt 0.729167 0.250000
vt 0.729167 0.333333
vt 0.729167 0.416667
vt 0.750000 0.500000
vt 0.750000 0.583333
vt 0.750000 0.666667
vt 0.750000 0.750000
vt 0.750000 0.833333
vt 0.750000 0.916667
vt 0.750000 1.000000
vt 0.750000 0.000000
vt 0.750000 0.083333
vt 0.750000 0.166667
vt 0.750000 0.250000
vt 0.750000 0.333333
vt 0.750000 0.416667
vt 0.770833 0.500000
vt 0.770833 0.583333
vt 0.770833 0.666667
vt 0.770833 0.750000
vt 0.770833 0.833333
vt 0.770833 0.916667
vt 0.770833 1.000000
vt 0.770833 0.000000
vt 0.770833 0.083333
vt 0.770833 0.166667
vt 0.770833 0.250000
vt 0.770833 0.333333
vt 0.770833 0.416667
vt 0.791667 0.500000
vt 0.791667 0.583333
vt 0.791667 0.666667
vt 0.791667 0.750000
vt 0.791667 0.833333
vt 0.791667 0.916667
vt 0.791667 1.000000
vt 0.791667 0.000000
vt 0.791667 0.083333
vt 0.791667 0.166667
vt 0.791667 0.250000
vt 0.791667 0.333333
vt 0.791667 0.416667
vt 0.812500 0.500000
vt 0.812500 0.583333
vt 0.812500 0.666667
vt 0.812500 0.750000
vt 0.812500 0.833333
vt 0.812500 0.916667
vt 0.812500 1.000000
vt 0.812500 0.000000
vt 0.812500 0.083333
vt 0.812500 0.166667
vt 0.812500 0.250000
vt 0.812500 0.333333
vt 0.812500 0.416667
vt 0.833333 0.500000
vt 0.833333 0.583333
vt 0.833333 0.666667
vt 0.833333 0.750000
vt 0.833333 0.833333
vt 0.833333 0.916667
vt 0.833333 1.000000
vt 0.833333 0.000000
vt 0.833333 0.083333
vt 0.833333 0.166667
vt 0.833333 0.250000
vt 0.833333 0.333333
vt 0.833333 0.416667
vt 0.854167 0.500000
vt 0.854167 0.583333
vt 0.854167 0.666667
vt 0.854167 0.750000
vt 0.854167 0.833333
vt 0.854167 0.916667
vt 0.854167 1.000000
vt 0.854167 0.000000
vt 0.854167 0.083333
vt 0.854167 0.166667
vt 0.854167 0.250000
vt 0.854167 0.333333
vt 0.854167 0.416667
vt 0.875000 0.500000
vt 0.875000 0.583333
vt 0.875000 0.666667
vt 0.875000 0.750000
vt 0.875000 0.833333
vt 0.875000 0.916667
vt 0.875000 1.000000
vt 0.875000 0.000000
vt 0.875000 0.083333
vt 0.875000 0.166667
vt 0.875000 0.250000
vt 0.875000 0.333333
vt 0.875000 0.416667
vt 0.895833 0.500000
vt 0.895833 0.583333
vt 0.895833 0.666667
vt 0.895833 0.750000
vt 0.895833 0.833333
vt 0.895833 0.916667
vt 0.895833 1.000000
vt 0.895833 0.000000
vt 0.895833 0.083333
vt 0.895833 0.166667
vt 0.895833 0.250000
vt 0.895833 0.333333
vt 0.895833 0.416667
vt 0.916667 0.500000
vt 0.916667 0.583333
vt 0.916667 0.666667
vt 0.916667 0.750000
vt 0.916667 0.833333
vt 0.916667 0.916667
vt 0.916667 1.000000
vt 0.916667 0.000000
vt 0.916667 0.083333
vt 0.916667 0.166667
vt 0.916667 0.250000
vt 0.916667 0.333333
vt 0.916667 0.416667
vt 0.937500 0.500000
vt 0.937500 0.583333
vt 0.937500 0.666667
vt 0.937500 0.750000
vt 0.937500 0.833333
vt 0.937500 0.916667
vt 0.937500 1.000000
vt 0.937500 0.000000
vt 0.937500 0.083333
vt 0.937500 0.166667
vt 0.937500 0.250000
vt 0.937500 0.333333
vt 0.937500 0.416667
vt 0.958333 0.500000
vt 0.958333 0.583333
vt 0.958333 0.666667
vt 0.958333 0.750000
vt 0.958333 0.833333
vt 0.958333 0.916667
vt 0.958333 1.000000
vt 0.958333 0.000000
vt 0.958333 0.083333
vt 0.958333 0.166667
vt 0.958333 0.250000
vt 0.958333 0.333333
vt 0.958333 0.416667
vt 0.979167 0.500000
vt 0.979167 0.583333
vt 0.979167 0.666667
vt 0.979167 0.750000
vt 0.979167 0.833333
vt 0.979167 0.916667
vt 0.979167 1.000000
vt 0.979167 0.000000
vt 0.979167 0.083333
vt 0.979167 0.166667
vt 0.979167 0.250000
vt 0.979167 0.333333
vt 0.979167 0.416667
vt 1.000000 0.500000
vt 1.000000 0.583333
vt 1.000000 0.666667
vt 1.000000 0.750000
vt 1.000000 0.833333
vt 1.000000 0.916667
vt 1.000000 1.000000
vt 1.000000 0.000000
vt 1.000000 0.083333
vt 1.000000 0.166667
vt 1.000000 0.250000
vt 1.000000 0.333333
vt 1.000000 0.416667
vt 0.000000 0.500000
vt 0.020833 0.500000
vt 0.020833 0.583333
vt 0.000000 0.583333
vt 0.020833 0.666667
vt 0.000000 0.666667
vt 0.020833 0.750000
vt 0.000000 0.750000
vt 0.020833 0.833333
vt 0.000000 0.833333
vt 0.020833 0.916667
vt 0.000000 0.916667
vt 0.020833 1.000000
vt 0.000000 1.000000
vt 0.000000 0.000000
vt 0.020833 0.000000
vt 0.020833 0.083333
vt 0.000000 0.083333
vt 0.020833 0.166667
vt 0.000000 0.166667
vt 0.020833 0.250000
vt 0.000000 0.250000
vt 0.020833 0.333333
vt 0.000000 0.333333
vt 0.020833 0.416667
vt 0.000000 0.416667
vt 0.041667 0.500000
vt 0.041667 0.583333
vt 0.041667 0.666667
vt 0.041667 0.750000
vt 0.041667 0.833333
vt 0.041667 0.916667
vt 0.041667 1.000000
vt 0.041667 0.000000
vt 0.041667 0.083333
vt 0.041667 0.166667
vt 0.041667 0.250000
vt 0.041667 0.333333
vt 0.041667 0.416667
vt 0.062500 0.500000
vt 0.062500 0.583333
vt 0.062500 0.666667
vt 0.062500 0.750000
vt 0.062500 0.833333
vt 0.062500 0.916667
vt 0.062500 1.000000
vt 0.062500 0.000000
vt 0.062500 0.083333
vt 0.062500 0.166667
vt 0.062500 0.250000
vt 0.062500 0.333333
vt 0.062500 0.416667
vt 0.083333 0.500000
vt 0.083333 0.583333
vt 0.083333 0.666667
vt 0.083333 0.750000
vt 0.083333 0.833333
vt 0.083333 0.916667
vt 0.083333 1.000000
vt 0.083333 0.000000
vt 0.083333 0.083333
vt 0.083333 0.166667
vt 0.083333 0.250000
vt 0.083333 0.333333
vt 0.083333 0.416667
vt 0.104167 0.500000
vt 0.104167 0.583333
vt 0.104167 0.666667
vt 0.104167 0.750000
vt 0.104167 0.833333
vt 0.104167 0.916667
vt 0.104167 1.000000
vt 0.104167 0.000000
vt 0.104167 0.083333
vt 0.104167 0.166667
vt 0.104167 0.250000
vt 0.104167 0.333333
vt 0.104167 0.416667
vt 0.125000 0.500000
vt 0.125000 0.583333
vt 0.125000 0.666667
vt 0.125000 0.750000
vt 0.125000 0.833333
vt 0.125000 0.916667
vt 0.125000 1.000000
vt 0.125000 0.000000
vt 0.125000 0.083333
vt 0.125000 0.166667
vt 0.125000 0.250000
vt 0.125000 0.333333
vt 0.125000 0.416667
vt 0.145833 0.500000
vt 0.145833 0.583333
vt 0.145833 0.666667
vt 0.145833 0.750000
vt 0.145833 0.833333
vt 0.145833 0.916667
vt 0.145833 1.000000
vt 0.145833 0.000000
vt 0.145833 0.083333
vt 0.145833 0.166667
vt 0.145833 0.250000
vt 0.145833 0.333333
vt 0.145833 0.416667
vt 0.166667 0.500000
vt 0.166667 0.583333
vt 0.166667 0.666667
vt 0.166667 0.750000
vt 0.166667 0.833333
vt 0.166667 0.916667
vt 0.166667 1.000000
vt 0.166667 0.000000
vt 0.166667 0.083333
vt 0.166667 0.166667
vt 0.166667 0.250000
vt 0.166667 0.333333
vt 0.166667 0.416667
vt 0.187500 0.500000
vt 0.187500 0.583333
vt 0.187500 0.666667
vt 0.187500 0.750000
vt 0.187500 0.833333
vt 0.187500 0.916667
vt 0.187500 1.000000
vt 0.187500 0.000000
vt 0.187500 0.083333
vt 0.187500 0.166667
vt 0.187500 0.250000
vt 0.187500 0.333333
vt 0.187500 0.416667
vt 0.208333 0.500000
vt 0.208333 0.583333
vt 0.208333 0.666667
vt 0.208333 0.750000
vt 0.208333 0.833333
vt 0.208333 0.916667
vt 0.208333 1.000000
vt 0.208333 0.000000
vt 0.208333 0.083333
vt 0.208333 0.166667
vt 0.208333 0.250000
vt 0.208333 0.333333
vt 0.208333 0.416667
vt 0.229167 0.500000
vt 0.229167 0.583333
vt 0.229167 0.666667
vt 0.229167 0.750000
vt 0.229167 0.833333
vt 0.229167 0.916667
vt 0.229167 1.000000
vt 0.229167 0.000000
vt 0.229167 0.083333
vt 0.229167 0.166667
vt 0.229167 0.250000
vt 0.229167 0.333333
vt 0.229167 0.416667
vt 0.250000 0.500000
vt 0.250000 0.583333
vt 0.250000 0.666667
vt 0.250000 0.750000
vt 0.250000 0.833333
vt 0.250000 0.916667
vt 0.250000 1.000000
vt 0.250000 0.000000
vt 0.250000 0.083333
vt 0.250000 0.166667
vt 0.250000 0.250000
vt 0.250000 0.333333
vt 0.250000 0.416667
vt 0.270833 0.500000
vt 0.270833 0.583333
vt 0.270833 0.666667
vt 0.270833 0.750000
vt 0.270833 0.833333
vt 0.270833 0.916667
vt 0.270833 1.000000
vt 0.270833 0.000000
vt 0.270833 0.083333
vt 0.270833 0.166667
vt 0.270833 0.250000
vt 0.270833 0.333333
vt 0.270833 0.416667
vt 0.291667 0.500000
vt 0.291667 0.583333
vt 0.291667 0.666667
vt 0.291667 0.750000
vt 0.291667 0.833333
vt 0.291667 0.916667
vt 0.291667 1.000000
vt 0.291667 0.000000
vt 0.291667 0.083333
vt 0.291667 0.166667
vt 0.291667 0.250000
vt 0.291667 0.333333
vt 0.291667 0.416667
vt 0.312500 0.500000
vt 0.312500 0.583333
vt 0.312500 0.666667
vt 0.312500 0.750000
vt 0.312500 0.833333
vt 0.312500 0.916667
vt 0.312500 1.000000
vt 0.312500 0.000000
vt 0.312500 0.083333
vt 0.312500 0.166667
vt 0.312500 0.250000
vt 0.312500 0.333333
vt 0.312500 0.416667
vt 0.333333 0.500000
vt 0.333333 0.583333
vt 0.333333 0.666667
vt 0.333333 0.750000
vt 0.333333 0.833333
vt 0.333333 0.916667
vt 0.333333 1.000000
vt 0.333333 0.000000
vt 0.333333 0.083333
vt 0.333333 0.166667
vt 0.333333 0.250000
vt 0.333333 0.333333
vt 0.333333 0.416667
vt 0.354167 0.500000
vt 0.354167 0.583333
vt 0.354167 0.666667
vt 0.354167 0.750000
vt 0.354167 0.833333
vt 0.354167 0.916667
vt 0.354167 1.000000
vt 0.354167 0.000000
vt 0.354167 0.083333
vt 0.354167 0.166667
vt 0.354167 0.250000
vt 0.354167 0.333333
vt 0.354167 0.416667
vt 0.375000 0.500000
vt 0.375000 0.583333
vt 0.375000 0.666667
vt 0.375000 0.750000
vt 0.375000 0.833333
vt 0.375000 0.916667
vt 0.375000 1.000000
vt 0.375000 0.000000
vt 0.375000 0.083333
vt 0.375000 0.166667
vt 0.375000 0.250000
vt 0.375000 0.333333
vt 0.375000 0.416667
vt 0.395833 0.500000
vt 0.395833 0.583333
vt 0.395833 0.666667
vt 0.395833 0.750000
vt 0.395833 0.833333
vt 0.395833 0.916667
vt 0.395833 1.000000
vt 0.395833 0.000000
vt 0.395833 0.083333
vt 0.395833 0.166667
vt 0.395833 0.250000
vt 0.395833 0.333333
vt 0.395833 0.416667
vt 0.416667 0.500000
vt 0.416667 0.583333
vt 0.416667 0.666667
vt 0.416667 0.750000
vt 0.416667 0.833333
vt 0.416667 0.916667
vt 0.416667 1.000000
vt 0.416667 0.000000
vt 0.416667 0.083333
vt 0.416667 0.166667
vt 0.416667 0.250000
vt 0.416667 0.333333
vt 0.416667 0.416667
vt 0.437500 0.500000
vt 0.437500 0.583333
vt 0.437500 0.666667
vt 0.437500 0.750000
vt 0.437500 0.833333
vt 0.437500 0.916667
vt 0.437500 1.000000
vt 0.437500 0.000000
vt 0.437500 0.083333
vt 0.437500 0.166667
vt 0.437500 0.250000
vt 0.437500 0.333333
vt 0.437500 0.416667
vt 0.458333 0.500000
vt 0.458333 0.583333
vt 0.458333 0.666667
vt 0.458333 0.750000
vt 0.458333 0.833333
vt 0.458333 0.916667
vt 0.458333 1.000000
vt 0.458333 0.000000
vt 0.458333 0.083333
vt 0.458333 0.166667
vt 0.458333 0.250000
vt 0.458333 0.333333
vt 0.458333 0.416667
vt 0.479167 0.500000
vt 0.479167 0.583333
vt 0.479167 0.666667
vt 0.479167 0.750000
vt 0.479167 0.833333
vt 0.479167 0.916667
vt 0.479167 1.000000
vt 0.479167 0.000000
vt 0.479167 0.083333
vt 0.479167 0.166667
vt 0.479167 0.250000
vt 0.479167 0.333333
vt 0.479167 0.416667
vn 0.7139 0.6652 0.2186
vn 0.6532 0.6408 0.4034
vn -0.0333 0.9813 0.1897
vn 0.0082 0.9979 0.0634
vn -0.1656 0.8987 0.4061
vn -0.2513 0.8360 0.4878
vn -0.2714 0.8471 0.4568
vn -0.1605 0.9021 0.4005
vn 0.5972 0.4190 -0.6839
vn 0.6753 0.5124 -0.5303
vn -0.0181 0.8935 -0.4486
vn -0.0715 0.8297 -0.5536
vn -0.7519 -0.6373 0.1687
vn -0.7472 -0.6640 -0.0255
vn -0.9906 0.0893 -0.1035
vn -0.9937 0.1075 0.0292
vn 0.5673 0.5918 0.5727
vn -0.0920 0.9478 0.3054
vn 0.7276 0.5861 -0.3563
vn 0.0176 0.9439 -0.3297
vn -0.7139 -0.6652 -0.2186
vn -0.9678 0.0885 -0.2355
vn 0.4596 0.5200 0.7199
vn 0.7519 0.6373 -0.1687
vn 0.0342 0.9789 -0.2014
vn -0.6531 -0.6408 -0.4034
vn -0.9263 0.1051 -0.3619
vn 0.3343 0.4283 0.8395
vn 0.7472 0.6640 0.0255
vn 0.0310 0.9971 -0.0687
vn -0.5673 -0.5918 -0.5727
vn -0.8675 0.1386 -0.4776
vn 0.1961 0.3200 0.9268
vn -0.3457 0.7620 0.5475
vn -0.4596 -0.5200 -0.7199
vn -0.7940 0.1877 -0.5782
vn 0.0504 0.1996 0.9786
vn -0.4453 0.6796 0.5829
vn -0.3343 -0.4283 -0.8395
vn -0.7083 0.2504 -0.6600
vn -0.0973 0.0714 0.9927
vn -0.5463 0.5920 0.5925
vn -0.1961 -0.3200 -0.9268
vn -0.6138 0.3244 -0.7197
vn -0.2412 -0.0595 0.9686
vn -0.6446 0.5025 0.5761
vn -0.0504 -0.1996 -0.9786
vn -0.5142 0.4068 -0.7550
vn -0.3758 -0.1881 0.9074
vn -0.7367 0.4146 0.5342
vn 0.0973 -0.0714 -0.9927
vn -0.4133 0.4944 -0.7647
vn -0.4960 -0.3095 0.8112
vn -0.8189 0.3316 0.4685
vn 0.2412 0.0595 -0.9686
vn -0.3149 0.5839 -0.7483
vn -0.5972 -0.4190 0.6839
vn -0.8880 0.2567 0.3815
vn 0.3758 0.1881 -0.9074
vn -0.2228 0.6718 -0.7064
vn -0.6753 -0.5124 0.5303
vn -0.9415 0.1929 0.2764
vn 0.4960 0.3095 -0.8112
vn -0.1407 0.7548 -0.6406
vn -0.7276 -0.5861 0.3563
vn -0.9772 0.1425 0.1575
vn -0.4904 0.7179 0.4940
vn -0.5877 0.6471 0.4856
vn -0.4546 0.4800 0.7503
vn -0.3248 0.5761 0.7501
vn 0.0837 0.9947 -0.0597
vn 0.0666 0.9783 -0.1963
vn -0.8692 0.1063 -0.4829
vn -0.9278 0.0522 -0.3695
vn -0.3838 0.7850 0.4863
vn 0.0671 0.9947 0.0778
vn -0.7988 0.1841 -0.5726
vn -0.7213 0.2768 -0.6349
vn -0.6406 0.3749 -0.6701
vn -0.6755 0.5720 0.4654
vn -0.5594 0.4706 -0.6824
vn -0.7548 0.4913 0.4344
vn -0.4781 0.5596 -0.6769
vn -0.8267 0.4046 0.3910
vn -0.3958 0.6410 -0.6576
vn -0.8900 0.3133 0.3313
vn -0.3110 0.7154 -0.6257
vn -0.9420 0.2223 0.2514
vn -0.2231 0.7839 -0.5794
vn -0.9788 0.1397 0.1499
vn -0.1344 0.8465 -0.5151
vn -0.9967 0.0748 0.0294
vn 0.0175 0.9783 0.2062
vn -0.0507 0.9016 -0.4295
vn -0.9940 0.0359 -0.1036
vn -0.0609 0.9468 0.3160
vn 0.0194 0.9465 -0.3221
vn -0.9704 0.0280 -0.2399
vn -0.7362 0.4115 0.5373
vn -0.8190 0.3290 0.4701
vn -0.7117 0.0024 0.7025
vn -0.6008 0.1143 0.7911
vn -0.5120 0.1276 -0.8495
vn -0.6159 0.0076 -0.7878
vn -0.5740 0.3771 0.7268
vn -0.4033 0.2483 -0.8807
vn -0.6813 0.2687 0.6808
vn -0.2916 0.3649 -0.8842
vn -0.7750 0.1565 0.6122
vn -0.1784 0.4747 -0.8618
vn -0.8530 0.0434 0.5201
vn -0.0649 0.5762 -0.8147
vn -0.9126 -0.0656 0.4036
vn 0.0469 0.6678 -0.7428
vn -0.9508 -0.1627 0.2634
vn 0.1539 0.7481 -0.6455
vn -0.9657 -0.2384 0.1030
vn 0.3100 0.8963 0.3171
vn 0.3728 0.9158 0.1491
vn 0.2506 0.8150 -0.5224
vn -0.9563 -0.2836 -0.0707
vn 0.2130 0.8598 0.4639
vn 0.3291 0.8666 -0.3750
vn -0.9236 -0.2922 -0.2479
vn 0.0908 0.8078 0.5824
vn 0.3804 0.9011 -0.2080
vn -0.8700 -0.2623 -0.4175
vn -0.0460 0.7418 0.6690
vn 0.3964 0.9176 -0.0297
vn -0.7983 -0.1971 -0.5690
vn -0.1870 0.6639 0.7240
vn -0.7124 -0.1039 -0.6940
vn -0.8770 -0.1847 0.4434
vn -0.9252 -0.2527 0.2830
vn -0.4194 -0.8269 0.3745
vn -0.3708 -0.7590 0.5351
vn -0.4113 0.4917 -0.7675
vn -0.3118 0.5816 -0.7513
vn -0.0318 0.3427 -0.9389
vn -0.1645 0.2220 -0.9611
vn -0.8884 0.2555 0.3814
vn -0.8049 -0.0986 0.5851
vn -0.2194 0.6704 -0.7088
vn 0.0923 0.4613 -0.8824
vn -0.9417 0.1938 0.2750
vn -0.1379 0.7544 -0.6418
vn 0.2032 0.5733 -0.7937
vn -0.9770 0.1458 0.1554
vn -0.0703 0.8299 -0.5534
vn 0.2965 0.6743 -0.6763
vn -0.9932 0.1130 0.0274
vn -0.9476 -0.2999 0.1099
vn 0.0009 0.9981 0.0616
vn -0.0397 0.9816 0.1867
vn 0.3481 0.8788 0.3264
vn 0.4041 0.9013 0.1560
vn -0.0191 0.8941 -0.4474
vn 0.3686 0.7604 -0.5347
vn -0.9899 0.0963 -0.1043
vn -0.9433 -0.3245 -0.0691
vn -0.0967 0.9484 0.3020
vn 0.2689 0.8336 0.4825
vn 0.0140 0.9445 -0.3282
vn 0.4167 0.8284 -0.3742
vn -0.9673 0.0960 -0.2349
vn -0.9126 -0.3256 -0.2472
vn -0.1681 0.8995 0.4031
vn 0.1696 0.7674 0.6183
vn 0.0284 0.9792 -0.2005
vn 0.4391 0.8756 -0.2011
vn -0.9262 0.1120 -0.3600
vn -0.8566 -0.3031 -0.4176
vn -0.2516 0.8367 0.4863
vn 0.0540 0.6828 0.7286
vn 0.0240 0.9973 -0.0690
vn 0.4349 0.9002 -0.0221
vn -0.8681 0.1439 -0.4751
vn -0.7774 -0.2579 -0.5737
vn -0.3445 0.7623 0.5479
vn -0.0734 0.5830 0.8091
vn -0.7949 0.1907 -0.5759
vn -0.6781 -0.1917 -0.7095
vn -0.4434 0.6790 0.5851
vn -0.2078 0.4719 0.8568
vn -0.7092 0.2511 -0.6587
vn -0.5625 -0.1071 -0.8198
vn -0.5443 0.5903 0.5960
vn -0.3439 0.3537 0.8698
vn -0.6142 0.3232 -0.7199
vn -0.4351 -0.0073 -0.9004
vn -0.6433 0.4998 0.5799
vn -0.4766 0.2329 0.8477
vn -0.5135 0.4044 -0.7568
vn -0.3007 0.1038 -0.9480
vn -0.4628 -0.8864 0.0058
vn -0.4898 -0.8560 -0.1651
vn 0.0352 -0.9984 -0.0450
vn 0.0535 -0.9964 0.0655
vn 0.8040 0.1004 -0.5861
vn 0.7107 -0.0009 -0.7034
vn -0.4422 -0.8741 0.2012
vn 0.8553 0.3064 0.4179
vn 0.9114 0.3290 0.2471
vn 0.8760 0.1870 -0.4445
vn -0.4351 -0.9002 0.0175
vn 0.7760 0.2609 0.5742
vn 0.9242 0.2554 -0.2839
vn -0.4047 -0.9013 -0.1542
vn 0.6766 0.1943 0.7102
vn 0.9465 0.3030 -0.1107
vn -0.3521 -0.8784 -0.3229
vn 0.5611 0.1093 0.8205
vn 0.9422 0.3279 0.0686
vn -0.2716 -0.8309 -0.4856
vn 0.4337 0.0090 0.9010
vn -0.1718 -0.7658 -0.6196
vn 0.2994 -0.1024 0.9486
vn -0.0558 -0.6813 -0.7299
vn 0.1633 -0.2208 0.9615
vn 0.0721 -0.5815 -0.8103
vn 0.0306 -0.3416 0.9393
vn 0.2067 -0.4706 -0.8578
vn -0.0936 -0.4602 0.8828
vn 0.3429 -0.3525 -0.8707
vn -0.2047 -0.5721 0.7942
vn 0.4758 -0.2317 -0.8485
vn -0.2983 -0.6730 0.6768
vn 0.5999 -0.1130 -0.7920
vn 0.3478 -0.9037 -0.2497
vn 0.4094 -0.8588 -0.3080
vn 0.5936 -0.8044 -0.0213
vn 0.5731 -0.8195 -0.0017
vn 0.7801 0.2536 0.5719
vn 0.6769 0.1975 0.7090
vn 0.7989 -0.2900 0.5269
vn 0.8635 -0.2553 0.4350
vn 0.9238 0.2584 -0.2824
vn 0.9493 0.2953 -0.1075
vn 0.9736 -0.2281 -0.0073
vn 0.9605 -0.2501 -0.1220
vn -0.3805 -0.8666 -0.3229
vn 0.1056 -0.9835 -0.1471
vn 0.5552 0.1238 0.8224
vn 0.7220 -0.3363 0.6045
vn 0.9471 0.3128 0.0711
vn 0.9698 -0.2183 0.1088
vn -0.2633 -0.8326 -0.4873
vn 0.2116 -0.9465 -0.2436
vn 0.4199 0.0338 0.9069
vn 0.6357 -0.3941 0.6638
vn 0.9174 0.3115 0.2476
vn 0.9497 -0.2197 0.2230
vn -0.1752 -0.7656 -0.6190
vn 0.2570 -0.9055 -0.3375
vn 0.2770 -0.0705 0.9583
vn 0.5435 -0.4618 0.7009
vn -0.0690 -0.6743 -0.7352
vn 0.3248 -0.8490 -0.4167
vn 0.1332 -0.1859 0.9735
vn 0.4501 -0.5371 0.7133
vn 0.0488 -0.5647 -0.8238
vn 0.4011 -0.7803 -0.4798
vn -0.0046 -0.3078 0.9514
vn 0.3604 -0.6168 0.6998
vn 0.1780 -0.4423 -0.8790
vn 0.4822 -0.7056 -0.5192
vn -0.1299 -0.4310 0.8929
vn 0.2788 -0.6968 0.6608
vn 0.3136 -0.3201 -0.8939
vn 0.5744 -0.6232 -0.5306
vn -0.2375 -0.5499 0.8007
vn 0.2093 -0.7732 0.5985
vn 0.4494 -0.1958 -0.8716
vn 0.6631 -0.5420 -0.5161
vn -0.3234 -0.6587 0.6793
vn 0.1547 -0.8422 0.5165
vn 0.5779 -0.0761 -0.8125
vn 0.7465 -0.4640 -0.4769
vn -0.3851 -0.7523 0.5344
vn 0.1167 -0.9004 0.4191
vn 0.6945 0.0325 -0.7187
vn 0.8211 -0.3933 -0.4137
vn -0.4220 -0.8265 0.3724
vn 0.0954 -0.9454 0.3115
vn 0.7938 0.1261 -0.5949
vn 0.8832 -0.3330 -0.3302
vn -0.4345 -0.8782 0.1998
vn 0.0899 -0.9760 0.1981
vn 0.8612 0.2916 0.4162
vn 0.9141 -0.2320 0.3326
vn 0.8713 0.2019 -0.4472
vn 0.9302 -0.2850 -0.2313
vn 0.5486 -0.7467 -0.3761
vn 0.6207 -0.6840 -0.3830
vn 0.6644 -0.7459 -0.0464
vn 0.6402 -0.7669 -0.0441
vn 0.5981 -0.5514 0.5815
vn 0.5259 -0.6142 0.5883
vn 0.6325 -0.7225 0.2791
vn 0.6567 -0.7015 0.2768
vn 0.4772 -0.8058 -0.3506
vn 0.6163 -0.7867 -0.0356
vn 0.4555 -0.6783 0.5765
vn 0.6089 -0.7439 0.2752
vn 0.3681 -0.6174 -0.6952
vn 0.2517 -0.7082 -0.6596
vn 0.3896 -0.7413 0.5465
vn 0.5868 -0.7650 0.2651
vn 0.3307 -0.8007 0.4995
vn 0.5671 -0.7850 0.2494
vn 0.6913 -0.6200 -0.3710
vn 0.6880 -0.7244 -0.0425
vn 0.2810 -0.8542 0.4373
vn 0.5505 -0.8029 0.2285
vn 0.7572 -0.5570 -0.3410
vn 0.7101 -0.7033 -0.0324
vn 0.2426 -0.8999 0.3622
vn 0.5377 -0.8182 0.2033
vn 0.8161 -0.4975 -0.2940
vn 0.7298 -0.6834 -0.0167
vn 0.2169 -0.9360 0.2771
vn 0.5291 -0.8303 0.1748
vn 0.8656 -0.4438 -0.2317
vn 0.7464 -0.6655 0.0042
vn 0.2049 -0.9611 0.1853
vn 0.5251 -0.8387 0.1440
vn 0.9039 -0.3979 -0.1566
vn 0.7592 -0.6501 0.0294
vn 0.2065 -0.9743 0.0900
vn 0.5259 -0.8431 0.1122
vn 0.8931 -0.3347 0.3004
vn 0.8511 -0.3588 0.3833
vn 0.7415 -0.6371 0.2102
vn 0.7556 -0.6291 0.1825
vn 0.9295 -0.3617 -0.0715
vn 0.7678 -0.6381 0.0579
vn 0.2211 -0.9752 -0.0052
vn 0.5314 -0.8433 0.0805
vn 0.9392 -0.3233 0.1154
vn 0.9229 -0.3227 0.2100
vn 0.7655 -0.6251 0.1522
vn 0.7710 -0.6253 0.1205
vn 0.9415 -0.3365 0.0203
vn 0.7718 -0.6297 0.0887
vn 0.2501 -0.9634 -0.0962
vn 0.5413 -0.8393 0.0502
vn 0.7983 -0.3941 0.4553
vn 0.7370 -0.4392 0.5137
vn 0.7033 -0.6640 0.2540
vn 0.7238 -0.6489 0.2344
vn 0.2936 -0.9391 -0.1782
vn 0.5554 -0.8312 0.0224
vn 0.6694 -0.4923 0.5563
vn 0.6806 -0.6817 0.2683
vn 0.1135 -0.6083 0.7855
vn 0.2190 -0.5087 0.8326
vn 0.4845 -0.5169 -0.7057
vn 0.0172 -0.7019 0.7120
vn 0.5970 -0.4152 -0.6864
vn -0.0662 -0.7864 0.6142
vn 0.7016 -0.3144 -0.6394
vn -0.1329 -0.8588 0.4947
vn 0.7949 -0.2174 -0.5665
vn -0.1797 -0.9164 0.3575
vn 0.8737 -0.1277 -0.4694
vn -0.2036 -0.9567 0.2078
vn 0.9166 0.0655 0.3945
vn 0.9655 0.0862 0.2457
vn 0.9351 -0.0492 -0.3508
vn -0.1992 -0.9787 0.0497
vn 0.8478 0.0231 0.5298
vn 0.9766 0.0144 -0.2146
vn -0.1524 -0.9829 -0.1034
vn 0.7623 -0.0385 0.6460
vn 0.9960 0.0598 -0.0656
vn -0.0919 -0.9676 -0.2353
vn 0.6638 -0.1162 0.7388
vn 0.9924 0.0842 0.0900
vn -0.0517 -0.9232 -0.3807
vn 0.5564 -0.2061 0.8049
vn 0.0342 -0.8635 -0.5031
vn 0.4440 -0.3041 0.8428
vn 0.1381 -0.7919 -0.5948
vn 0.3304 -0.4062 0.8520
vn -0.1961 -0.3201 -0.9268
vn 0.7276 0.5862 -0.3563
vn 0.6531 0.6408 0.4034
vn 0.9678 -0.0885 0.2355
vn 0.9263 -0.1051 0.3619
vn 0.8880 -0.2567 -0.3815
vn 0.9415 -0.1929 -0.2764
vn -0.0342 -0.9789 0.2014
vn -0.0310 -0.9971 0.0687
vn 0.8676 -0.1386 0.4776
vn 0.9772 -0.1425 -0.1575
vn -0.0083 -0.9979 -0.0634
vn 0.7940 -0.1877 0.5782
vn 0.9938 -0.1075 -0.0292
vn 0.0333 -0.9813 -0.1897
vn 0.7083 -0.2504 0.6600
vn 0.9906 -0.0893 0.1035
vn 0.0920 -0.9478 -0.3054
vn 0.6138 -0.3244 0.7197
vn 0.1656 -0.8987 -0.4061
vn 0.5142 -0.4068 0.7550
vn 0.2513 -0.8360 -0.4878
vn 0.4133 -0.4944 0.7647
vn 0.3457 -0.7620 -0.5475
vn 0.3149 -0.5839 0.7483
vn 0.4453 -0.6796 -0.5829
vn 0.2228 -0.6718 0.7064
vn 0.5463 -0.5920 -0.5925
vn 0.1407 -0.7548 0.6406
vn 0.6446 -0.5025 -0.5761
vn 0.0715 -0.8297 0.5536
vn 0.7367 -0.4146 -0.5342
vn 0.0181 -0.8935 0.4486
vn 0.8189 -0.3316 -0.4685
vn -0.0176 -0.9439 0.3297
vn 0.7988 -0.1841 0.5726
vn 0.7213 -0.2768 0.6349
vn 0.8675 -0.1386 0.4776
vn 0.9937 -0.1075 -0.0292
vn -0.6532 -0.6408 -0.4034
vn 0.5594 -0.4706 0.6824
vn 0.4033 -0.2483 0.8807
vn 0.2916 -0.3649 0.8842
vn 0.4781 -0.5596 0.6769
vn 0.9967 -0.0748 -0.0294
vn 0.9940 -0.0359 0.1036
vn -0.0175 -0.9783 -0.2062
vn 0.0609 -0.9468 -0.3160
vn 0.6406 -0.3749 0.6701
vn 0.9704 -0.0280 0.2399
vn 0.1605 -0.9021 -0.4005
vn 0.2714 -0.8471 -0.4568
vn 0.3838 -0.7849 -0.4863
vn 0.3958 -0.6410 0.6576
vn 0.4904 -0.7179 -0.4940
vn 0.3110 -0.7154 0.6257
vn 0.5877 -0.6471 -0.4856
vn 0.2231 -0.7839 0.5794
vn 0.6755 -0.5720 -0.4654
vn 0.1344 -0.8465 0.5151
vn 0.7548 -0.4913 -0.4344
vn 0.0507 -0.9016 0.4295
vn 0.8267 -0.4046 -0.3910
vn -0.0194 -0.9465 0.3221
vn 0.8900 -0.3133 -0.3313
vn -0.0666 -0.9783 0.1963
vn 0.9277 -0.0523 0.3695
vn 0.9420 -0.2223 -0.2514
vn -0.0837 -0.9947 0.0597
vn 0.8692 -0.1063 0.4829
vn 0.9788 -0.1397 -0.1499
vn -0.0671 -0.9947 -0.0778
vn 0.2194 -0.6704 0.7088
vn -0.0923 -0.4613 0.8824
vn -0.2032 -0.5733 0.7937
vn 0.1379 -0.7544 0.6418
vn 0.0460 -0.7418 -0.6690
vn 0.1870 -0.6639 -0.7240
vn 0.1784 -0.4747 0.8618
vn 0.3248 -0.5761 -0.7501
vn 0.0649 -0.5762 0.8147
vn 0.4546 -0.4800 -0.7503
vn -0.0469 -0.6678 0.7428
vn 0.5740 -0.3771 -0.7268
vn -0.1539 -0.7481 0.6455
vn 0.6813 -0.2687 -0.6808
vn -0.2506 -0.8150 0.5224
vn 0.7750 -0.1565 -0.6122
vn -0.3291 -0.8666 0.3750
vn 0.8530 -0.0434 -0.5201
vn -0.3804 -0.9011 0.2080
vn 0.9236 0.2922 0.2479
vn 0.8700 0.2623 0.4175
vn 0.9126 0.0656 -0.4036
vn -0.3964 -0.9176 0.0297
vn 0.7983 0.1971 0.5690
vn 0.9508 0.1627 -0.2634
vn -0.3728 -0.9158 -0.1491
vn 0.7124 0.1039 0.6940
vn 0.9657 0.2384 -0.1029
vn -0.3100 -0.8963 -0.3171
vn 0.6159 -0.0076 0.7878
vn 0.9563 0.2836 0.0707
vn -0.2130 -0.8598 -0.4639
vn 0.5120 -0.1276 0.8495
vn -0.0908 -0.8078 -0.5824
vn -0.3686 -0.7604 0.5347
vn -0.8760 -0.1870 0.4445
vn -0.9242 -0.2554 0.2839
vn -0.4167 -0.8284 0.3742
vn 0.5443 -0.5903 -0.5960
vn 0.3439 -0.3537 -0.8698
vn 0.4766 -0.2329 -0.8477
vn 0.6433 -0.4998 -0.5799
vn -0.2965 -0.6743 0.6763
vn 0.0703 -0.8299 0.5534
vn 0.6008 -0.1143 -0.7911
vn 0.7362 -0.4115 -0.5373
vn 0.0191 -0.8941 0.4474
vn 0.7117 -0.0024 -0.7025
vn 0.8190 -0.3290 -0.4701
vn -0.0140 -0.9445 0.3282
vn 0.8049 0.0986 -0.5851
vn 0.8884 -0.2555 -0.3814
vn -0.4391 -0.8756 0.2011
vn -0.0284 -0.9792 0.2005
vn 0.9673 -0.0960 0.2349
vn 0.9126 0.3256 0.2472
vn 0.8566 0.3031 0.4176
vn 0.9262 -0.1120 0.3600
vn 0.8770 0.1847 -0.4434
vn 0.9417 -0.1938 -0.2750
vn -0.4349 -0.9002 0.0221
vn -0.0240 -0.9973 0.0690
vn 0.7774 0.2579 0.5737
vn 0.8681 -0.1439 0.4751
vn 0.9252 0.2527 -0.2830
vn 0.9770 -0.1458 -0.1554
vn -0.4041 -0.9013 -0.1560
vn -0.0009 -0.9981 -0.0616
vn 0.6781 0.1917 0.7095
vn 0.7949 -0.1907 0.5759
vn 0.9476 0.2999 -0.1099
vn 0.9932 -0.1130 -0.0274
vn -0.3481 -0.8788 -0.3264
vn 0.0397 -0.9816 -0.1867
vn 0.5625 0.1071 0.8198
vn 0.7092 -0.2511 0.6587
vn 0.9433 0.3245 0.0691
vn 0.9899 -0.0963 0.1043
vn -0.2689 -0.8336 -0.4825
vn 0.0967 -0.9484 -0.3020
vn 0.4351 0.0073 0.9004
vn 0.6142 -0.3232 0.7199
vn -0.1696 -0.7674 -0.6183
vn 0.1681 -0.8995 -0.4031
vn 0.3007 -0.1038 0.9480
vn 0.5135 -0.4044 0.7568
vn -0.0540 -0.6828 -0.7286
vn 0.2516 -0.8367 -0.4863
vn 0.1645 -0.2220 0.9611
vn 0.4113 -0.4917 0.7675
vn 0.0734 -0.5830 -0.8091
vn 0.3445 -0.7623 -0.5479
vn 0.0318 -0.3427 0.9389
vn 0.3118 -0.5816 0.7513
vn 0.2078 -0.4719 -0.8568
vn 0.4434 -0.6790 -0.5851
vn -0.9311 -0.3562 -0.0782
vn -0.1984 -0.9790 0.0471
vn -0.1298 -0.9879 -0.0843
vn -0.8786 -0.4158 -0.2348
vn 0.2047 0.5721 -0.7942
vn 0.2983 0.6730 -0.6768
vn -0.9465 -0.3030 0.1107
vn 0.4074 0.8997 0.1567
vn 0.3511 0.8772 0.3274
vn 0.3708 0.7590 -0.5351
vn -0.9426 -0.3256 -0.0735
vn 0.2716 0.8320 0.4837
vn 0.4194 0.8269 -0.3745
vn -0.9130 -0.3258 -0.2454
vn 0.1718 0.7658 0.6196
vn 0.4422 0.8741 -0.2012
vn -0.8573 -0.3064 -0.4136
vn 0.0558 0.6813 0.7299
vn 0.4381 0.8986 -0.0218
vn -0.7746 -0.2614 -0.5758
vn -0.0720 0.5816 0.8103
vn -0.6766 -0.1943 -0.7102
vn -0.2066 0.4706 0.8578
vn -0.5611 -0.1093 -0.8205
vn -0.3430 0.3524 0.8707
vn -0.4336 -0.0089 -0.9010
vn -0.4758 0.2317 0.8485
vn -0.2994 0.1025 -0.9486
vn -0.5999 0.1130 0.7920
vn -0.1634 0.2208 -0.9615
vn -0.7107 0.0009 0.7034
vn -0.0306 0.3416 -0.9393
vn -0.8039 -0.1004 0.5861
vn 0.0936 0.4602 -0.8828
vn -0.7984 0.3940 -0.4553
vn -0.7238 0.6489 -0.2344
vn -0.7033 0.6640 -0.2540
vn -0.7370 0.4392 -0.5137
vn 0.2654 0.8365 0.4795
vn 0.8396 0.0623 0.5395
vn 0.7533 -0.0059 0.6577
vn 0.1752 0.7656 0.6190
vn 0.4221 0.8265 -0.3724
vn 0.9731 0.0483 -0.2252
vn 0.9923 0.0999 -0.0734
vn 0.4345 0.8782 -0.1998
vn -0.1303 -0.9599 -0.2483
vn -0.8495 -0.3355 -0.4070
vn 0.6544 -0.0907 0.7506
vn 0.0690 0.6743 0.7352
vn 0.9879 0.1286 0.0865
vn 0.4237 0.9055 -0.0227
vn -0.0928 -0.9050 -0.4151
vn -0.7749 -0.2534 -0.5791
vn 0.5471 -0.1871 0.8159
vn -0.0506 0.5664 0.8225
vn 0.9599 0.1319 0.2471
vn 0.3909 0.9076 0.1531
vn 0.0055 -0.8532 -0.5215
vn -0.6769 -0.1975 -0.7090
vn 0.4349 -0.2903 0.8524
vn -0.1800 0.4469 0.8763
vn 0.1164 -0.7819 -0.6124
vn -0.5552 -0.1238 -0.8224
vn 0.3212 -0.3959 0.8602
vn -0.3148 0.3213 0.8931
vn 0.2368 -0.6999 -0.6738
vn -0.4183 -0.0359 -0.9076
vn 0.2091 -0.5005 0.8401
vn -0.4494 0.1958 0.8716
vn 0.3582 -0.6101 -0.7067
vn -0.2723 0.0675 -0.9598
vn 0.1013 -0.6009 0.7929
vn -0.5779 0.0761 0.8125
vn 0.4780 -0.5088 -0.7160
vn -0.1321 0.1845 -0.9739
vn 0.0012 -0.6944 0.7195
vn -0.6945 -0.0325 0.7187
vn 0.5917 -0.4061 -0.6964
vn 0.0046 0.3078 -0.9514
vn -0.0875 -0.7785 0.6215
vn -0.7938 -0.1261 0.5949
vn 0.6972 -0.3032 -0.6496
vn 0.1299 0.4310 -0.8929
vn -0.1608 -0.8504 0.5010
vn -0.8713 -0.2018 0.4472
vn 0.7909 -0.2025 -0.5774
vn 0.2375 0.5499 -0.8007
vn -0.2143 -0.9074 0.3614
vn -0.9238 -0.2584 0.2824
vn 0.8700 -0.1075 -0.4811
vn 0.3234 0.6587 -0.6793
vn -0.2438 -0.9473 0.2077
vn -0.9493 -0.2953 0.1075
vn 0.9097 0.1093 0.4006
vn 0.3377 0.8843 0.3223
vn 0.9316 -0.0223 -0.3627
vn 0.3851 0.7523 -0.5344
vn -0.5979 0.5514 -0.5818
vn -0.6567 0.7015 -0.2768
vn -0.6325 0.7225 -0.2791
vn -0.5257 0.6140 -0.5887
vn -0.5486 0.7469 0.3757
vn -0.6402 0.7669 0.0441
vn -0.6644 0.7459 0.0464
vn -0.6209 0.6842 0.3825
vn -0.6806 0.6817 -0.2683
vn -0.6694 0.4924 -0.5563
vn -0.6880 0.7244 0.0425
vn -0.6913 0.6201 0.3707
vn 0.4138 -0.7892 -0.4537
vn 0.4979 -0.7168 -0.4881
vn -0.7101 0.7033 0.0324
vn -0.7573 0.5572 0.3407
vn -0.7298 0.6834 0.0167
vn -0.8161 0.4977 0.2938
vn -0.6089 0.7439 -0.2752
vn -0.4553 0.6782 -0.5768
vn -0.7464 0.6655 -0.0042
vn -0.8656 0.4440 0.2315
vn -0.5868 0.7650 -0.2651
vn -0.3894 0.7412 -0.5467
vn -0.7592 0.6501 -0.0294
vn -0.9039 0.3981 0.1565
vn -0.5671 0.7850 -0.2494
vn -0.3305 0.8007 -0.4997
vn -0.7678 0.6381 -0.0579
vn -0.9295 0.3619 0.0714
vn -0.5505 0.8029 -0.2285
vn -0.2808 0.8542 -0.4374
vn -0.7718 0.6297 -0.0887
vn -0.9414 0.3367 -0.0204
vn -0.5377 0.8182 -0.2033
vn -0.2424 0.9000 -0.3623
vn -0.7710 0.6253 -0.1205
vn -0.9393 0.3230 -0.1155
vn -0.2528 0.9628 0.0948
vn -0.5413 0.8393 -0.0502
vn -0.5554 0.8312 -0.0224
vn -0.2950 0.9388 0.1776
vn -0.5291 0.8303 -0.1748
vn -0.2167 0.9361 -0.2771
vn -0.7655 0.6251 -0.1522
vn -0.9235 0.3207 -0.2105
vn 0.9488 -0.2243 0.2224
vn 0.9138 -0.2375 0.3294
vn -0.5251 0.8387 -0.1440
vn -0.2046 0.9611 -0.1853
vn -0.7556 0.6291 -0.1825
vn -0.8939 0.3318 -0.3015
vn -0.3478 0.9037 0.2496
vn -0.5731 0.8195 0.0017
vn -0.5936 0.8044 0.0213
vn -0.4094 0.8588 0.3080
vn -0.5259 0.8431 -0.1122
vn -0.2068 0.9742 -0.0902
vn -0.7415 0.6371 -0.2102
vn -0.8514 0.3574 -0.3837
vn -0.6163 0.7867 0.0356
vn -0.4772 0.8058 0.3506
vn -0.5314 0.8433 -0.0805
vn 0.3830 -0.6323 0.6734
vn 0.3033 -0.7094 0.6362
vn 0.5857 -0.6396 -0.4979
vn 0.2339 -0.7823 0.5772
vn 0.6713 -0.5614 -0.4839
vn 0.1774 -0.8479 0.4996
vn 0.7517 -0.4852 -0.4466
vn 0.1357 -0.9032 0.4071
vn 0.8233 -0.4148 -0.3874
vn 0.1097 -0.9463 0.3039
vn 0.8830 -0.3530 -0.3092
vn 0.0994 -0.9759 0.1942
vn 0.8644 -0.2634 0.4283
vn 0.9285 -0.3020 -0.2161
vn 0.0990 -0.9917 0.0822
vn -0.2231 0.9748 0.0043
vn 0.9582 -0.2630 -0.1122
vn 0.1021 -0.9942 -0.0332
vn 0.8018 -0.3016 0.5158
vn 0.9715 -0.2370 -0.0019
vn 0.1341 -0.9798 -0.1483
vn 0.7281 -0.3513 0.5885
vn 0.9682 -0.2241 0.1108
vn 0.1986 -0.9492 -0.2439
vn 0.6459 -0.4114 0.6431
vn 0.2663 -0.9077 -0.3241
vn 0.5584 -0.4800 0.6766
vn 0.3362 -0.8538 -0.3975
vn 0.4693 -0.5547 0.6870
vn 0.6754 0.5124 -0.5303
vn 0.0083 0.9979 0.0634
vn 0.7689 -0.3156 0.5561
vn 0.9088 -0.3638 0.2039
vn 0.9700 -0.0465 0.2387
vn 0.9030 -0.0328 0.4283
vn -0.0458 -0.9736 0.2236
vn -0.3287 -0.7801 0.5324
vn -0.5144 -0.8175 0.2590
vn -0.1861 -0.9779 0.0956
vn 0.9489 -0.2714 -0.1607
vn 0.9990 -0.0091 0.0427
vn -0.6338 -0.4614 0.6207
vn -0.7185 -0.5718 0.3960
vn 0.8140 0.0099 -0.5807
vn 0.9324 0.2513 -0.2596
vn 0.5520 0.3690 -0.7477
vn 0.6585 0.4912 -0.5701
vn -0.0982 -0.2398 -0.9658
vn 0.1413 -0.6358 -0.7588
vn 0.2780 -0.8952 -0.3483
vn 0.2610 -0.9653 0.0059
vn 0.0829 -0.9382 0.3361
vn 0.4434 -0.0842 0.8923
vn -0.2344 -0.7369 0.6341
vn 0.1223 0.2598 0.9579
vn -0.5652 -0.3835 0.7303
vn 0.6954 0.1928 0.6922
vn 0.3013 0.4031 0.8641
vn -0.1008 -0.9911 -0.0860
vn -0.0917 -0.9546 -0.2835
vn -0.3100 -0.7670 -0.5617
vn -0.4334 -0.5014 -0.7488
vn 0.0570 -0.9973 -0.0471
vn 0.0920 -0.9396 -0.3297
vn -0.0192 -0.7037 -0.7102
vn -0.2568 -0.3684 -0.8935
vn -0.0993 -0.2407 -0.9655
vn 0.1301 -0.6297 -0.7658
vn -0.2994 -0.7242 -0.6211
vn -0.4195 -0.4914 -0.7632
vn 0.2875 -0.8688 -0.4031
vn 0.3118 -0.9499 0.0206
vn -0.1392 -0.9858 -0.0934
vn -0.1528 -0.8938 -0.4216
vn 0.0798 -0.9142 0.3974
vn -0.2374 -0.7239 0.6478
vn -0.5219 -0.7786 0.3485
vn -0.3093 -0.9260 0.2163
vn -0.5533 -0.3705 0.7460
vn -0.7063 -0.5540 0.4406
vn 0.2073 -0.4747 0.8553
vn -0.2255 -0.0449 0.9732
vn 0.5609 -0.7241 0.4014
vn 0.6579 -0.7438 0.1181
vn 0.7040 -0.6887 -0.1733
vn 0.5965 -0.3787 -0.7077
vn 0.2568 0.0741 -0.9636
vn -0.1103 -0.6341 0.7653
vn 0.5049 0.0204 0.8629
vn 0.2075 0.3292 0.9212
vn -0.4846 -0.2976 0.8225
vn 0.2706 -0.8515 0.4491
vn 0.7953 -0.1965 0.5734
vn 0.4493 -0.8915 0.0571
vn 0.9425 -0.2524 0.2192
vn 0.4734 -0.8014 -0.3654
vn 0.9764 -0.1518 -0.1537
vn 0.2784 -0.5382 -0.7955
vn 0.8488 0.1052 -0.5181
vn -0.0353 -0.1868 -0.9817
vn 0.6043 0.4271 -0.6726
vn -0.0417 -0.9439 -0.3276
vn 0.0101 -0.9982 -0.0588
vn 0.4491 -0.8916 0.0570
vn 0.4746 -0.8237 -0.3101
vn 0.8619 0.2375 0.4480
vn 0.7009 0.4487 0.5543
vn -0.1629 -0.9738 0.1588
vn 0.2982 -0.8673 0.3986
vn 0.5488 0.5801 0.6018
vn -0.4890 -0.8392 0.2376
vn -0.0894 -0.6687 0.7381
vn -0.7515 -0.6360 0.1753
vn -0.4441 -0.2562 0.8585
vn -0.0146 -0.1691 -0.9855
vn 0.2941 -0.5949 -0.7480
vn 0.4732 -0.8465 -0.2438
vn 0.4402 -0.8962 0.0545
vn 0.3286 -0.8822 0.3372
vn -0.0725 -0.6854 0.7245
vn -0.4686 -0.2811 0.8375
vn 0.0296 -0.5118 0.8585
vn -0.3327 -0.1429 0.9322
vn 0.3812 -0.7613 0.5244
vn 0.5468 -0.8329 0.0850
vn 0.6018 -0.7081 -0.3693
vn -0.2970 -0.7918 -0.5336
vn 0.4386 -0.4137 -0.7978
vn -0.5639 -0.5896 -0.5782
vn 0.1417 -0.0284 -0.9895
vn 0.9497 0.1910 0.2482
vn 0.9641 0.2627 0.0374
vn 0.8655 0.4893 -0.1067
vn 0.2851 -0.5763 -0.7659
vn 0.7495 0.6297 -0.2042
vn 0.0161 -0.1426 -0.9896
vn -0.2907 0.8840 0.3660
vn 0.0240 0.9624 0.2706
vn 0.0491 0.9961 0.0734
vn -0.2643 0.9644 -0.0065
vn -0.9936 0.0995 0.0535
vn -0.9969 -0.0598 -0.0499
vn -0.9099 -0.3697 0.1881
vn -0.8905 -0.1439 0.4316
vn 0.1201 0.9861 -0.1150
vn -0.1118 0.9297 -0.3510
vn 0.4127 0.8397 -0.3529
vn 0.2102 0.6935 -0.6890
vn -0.4852 0.0736 -0.8712
vn -0.7842 0.3074 -0.5389
vn -0.9101 0.3606 -0.2042
vn -0.9589 0.2413 0.1491
vn -0.8512 -0.0385 0.5234
vn -0.1606 0.5996 0.7840
vn 0.1757 0.7812 0.5990
vn -0.9702 -0.0068 -0.2420
vn -0.9026 -0.0365 -0.4289
vn -0.7056 -0.3192 -0.6326
vn -0.9608 0.1552 -0.2297
vn -0.8558 0.1335 -0.4997
vn -0.5811 -0.0676 -0.8110
vn -0.6530 -0.3238 -0.6846
vn -0.4798 0.0608 -0.8752
vn -0.7486 0.3044 -0.5890
vn -0.8300 -0.1271 -0.5431
vn -0.9691 -0.0462 -0.2424
vn -0.8904 0.4113 -0.1950
vn -0.9453 0.2465 0.2134
vn -0.9817 -0.1647 0.0956
vn -0.8867 -0.3655 0.2830
vn -0.8410 -0.0404 0.5395
vn -0.5691 0.4042 0.7161
vn -0.6946 0.6974 0.1761
vn -0.6568 0.7448 -0.1178
vn -0.5515 0.7327 -0.3985
vn -0.1799 0.5003 -0.8469
vn -0.7541 0.0949 0.6498
vn -0.0454 0.6434 0.7642
vn -0.8661 0.4355 0.2452
vn -0.1732 0.9001 0.3996
vn -0.8202 0.5459 -0.1707
vn -0.1530 0.9879 0.0226
vn -0.6633 0.4856 -0.5694
vn 0.0078 0.9448 -0.3275
vn -0.3655 0.1908 -0.9110
vn 0.2985 0.7282 -0.6168
vn -0.8785 0.0034 -0.4777
vn -0.6935 0.4989 -0.5197
vn -0.8204 0.5457 -0.1707
vn -0.9663 0.1072 -0.2340
vn 0.4483 0.7348 0.5090
vn 0.2799 0.8965 0.3435
vn -0.8700 0.4553 0.1890
vn -0.9996 -0.0264 0.0087
vn -0.7810 0.1143 0.6140
vn -0.9245 -0.3463 0.1595
vn -0.4262 0.2206 -0.8773
vn -0.7263 0.5116 -0.4590
vn -0.8257 0.5371 -0.1726
vn -0.8710 0.4759 0.1219
vn -0.7929 0.1302 0.5953
vn -0.6271 0.2421 0.7403
vn -0.7667 0.5550 0.3227
vn -0.7540 0.6399 -0.1484
vn -0.5445 0.6087 -0.5770
vn -0.7324 -0.2989 -0.6117
vn -0.2191 0.3410 -0.9142
vn 0.2773 0.9522 0.1276
vn 0.3821 0.9217 -0.0670
vn 0.6128 0.7754 -0.1520
vn -0.4065 0.2067 -0.8900
vn -0.3122 -0.4115 -0.8563
vn -0.0375 -0.1886 -0.9813
vn 0.3292 -0.6944 -0.6398
vn -0.0246 -0.8082 -0.5884
vn 0.4786 0.2915 -0.8282
vn 0.8164 -0.2379 -0.5261
vn 0.6354 -0.4842 -0.6015
vn -0.5451 -0.5777 -0.6075
vn -0.3786 -0.8075 -0.4523
vn 0.5834 0.4035 -0.7048
vn 0.8785 -0.1830 -0.4413
vn -0.0086 -0.9979 -0.0634
vn -0.3692 -0.9174 -0.1483
vn 0.6573 -0.7443 0.1179
vn 0.3497 -0.9364 0.0295
vn 0.8419 -0.5094 0.1783
vn 0.8125 -0.5582 0.1680
vn 0.5753 -0.2578 0.7762
vn 0.4824 -0.3204 0.8152
vn -0.5227 -0.8431 0.1265
vn 0.0119 -0.7727 0.6346
vn -0.2735 -0.8696 0.4111
vn 0.2943 -0.5684 0.7683
vn -0.7490 -0.6280 0.2112
vn -0.4862 -0.2994 0.8209
vn -0.6642 -0.4983 0.5572
vn 0.0276 0.1802 0.9832
vn 0.1746 0.3027 0.9369
vn -0.9518 -0.1016 0.2893
vn -0.9155 -0.3983 0.0560
vn -0.6354 0.4842 0.6015
vn -0.8529 0.2064 0.4794
vn -0.2945 0.7270 0.6202
vn -0.3744 0.6497 0.6615
vn -0.9678 0.0881 -0.2356
vn -0.9248 -0.2884 -0.2480
vn -0.6573 0.7443 -0.1179
vn -0.8734 0.4484 -0.1899
vn -0.4118 0.9101 -0.0466
vn -0.4620 0.8848 -0.0607
vn -0.7714 -0.3627 -0.5228
vn -0.5356 0.2847 -0.7950
vn -0.7029 -0.0402 -0.7101
vn -0.0404 0.7322 -0.6799
vn -0.2943 0.5684 -0.7683
vn 0.0086 0.8019 -0.5974
vn -0.3623 0.8473 -0.3882
vn 0.1959 0.7906 -0.5801
vn 0.5737 -0.0996 0.8129
vn 0.2835 0.3839 0.8787
vn -0.1126 0.7157 0.6892
vn -0.5233 0.8083 0.2698
vn 0.8869 -0.0285 -0.4611
vn 0.8324 -0.5262 -0.1739
vn 0.6455 0.4686 -0.6030
vn 0.6709 -0.5638 0.4817
vn -0.5926 0.7995 -0.0984
vn 0.7171 -0.6834 0.1366
vn 0.7445 0.6288 0.2240
vn 0.6843 0.6041 0.4084
vn 0.5997 0.5539 0.5775
vn 0.4940 0.4803 0.7247
vn 0.3709 0.3864 0.8444
vn 0.2350 0.2760 0.9320
vn 0.0912 0.1536 0.9839
vn -0.0551 0.0242 0.9982
vn -0.1985 -0.1071 0.9742
vn -0.3335 -0.2352 0.9129
vn -0.4548 -0.3552 0.8167
vn -0.5575 -0.4627 0.6892
vn -0.6377 -0.5537 0.5355
vn -0.6918 -0.6250 0.3615
vn -0.7176 -0.6743 0.1740
vn -0.7121 -0.7019 -0.0184
vn -0.6746 -0.7080 -0.2089
vn -0.6125 -0.6836 -0.3969
vn -0.5284 -0.6322 -0.5666
vn -0.4248 -0.5587 -0.7123
vn -0.2975 -0.4696 -0.8312
vn -0.1571 -0.3645 -0.9178
vn -0.0097 -0.2454 -0.9694
vn 0.1384 -0.1183 -0.9833
vn 0.2824 0.0121 -0.9592
vn 0.4167 0.1410 -0.8980
vn 0.5357 0.2636 -0.8022
vn 0.6350 0.3750 -0.6753
vn 0.7111 0.4705 -0.5224
vn 0.7613 0.5464 -0.3490
vn 0.7839 0.5994 -0.1621
vn 0.7782 0.6272 0.0314
vn 0.6817 0.7000 0.2127
vn 0.6206 0.6761 0.3970
vn 0.5338 0.6285 0.5657
vn 0.4246 0.5588 0.7123
vn 0.2975 0.4695 0.8313
vn 0.1574 0.3638 0.9181
vn 0.0101 0.2454 0.9694
vn -0.1386 0.1187 0.9832
vn -0.2828 -0.0116 0.9591
vn -0.4170 -0.1406 0.8979
vn -0.5359 -0.2633 0.8021
vn -0.6353 -0.3746 0.6753
vn -0.7114 -0.4702 0.5224
vn -0.7616 -0.5460 0.3491
vn -0.7842 -0.5990 0.1621
vn -0.7803 -0.6246 -0.0315
vn -0.7515 -0.6203 -0.2245
vn -0.6913 -0.5947 -0.4103
vn -0.6029 -0.5493 -0.5785
vn -0.4939 -0.4804 -0.7247
vn -0.3709 -0.3864 -0.8444
vn -0.2355 -0.2754 -0.9320
vn -0.0911 -0.1530 -0.9840
vn 0.0555 -0.0245 -0.9981
vn 0.1989 0.1067 -0.9742
vn 0.3338 0.2348 -0.9129
vn 0.4550 0.3549 -0.8167
vn 0.5578 0.4623 -0.6892
vn 0.6379 0.5533 -0.5355
vn 0.6921 0.6247 -0.3615
vn 0.7180 0.6739 -0.1739
vn 0.7145 0.6993 0.0200
vn 0.6263 -0.4670 -0.6242
vn 0.7243 -0.3734 -0.5796
vn 0.3080 -0.7433 -0.5938
vn 0.2074 -0.8221 -0.5302
vn 0.2752 -0.5537 0.7859
vn 0.3799 -0.4584 0.8034
vn 0.4141 -0.6556 -0.6314
vn 0.1772 -0.6473 0.7413
vn 0.5215 -0.5623 -0.6417
vn 0.0897 -0.7356 0.6713
vn 0.0161 -0.8154 0.5787
vn -0.0408 -0.8834 0.4669
vn 0.8118 -0.2850 -0.5096
vn -0.0789 -0.9370 0.3403
vn 0.8854 -0.2053 -0.4169
vn -0.0965 -0.9742 0.2037
vn 0.9262 -0.0439 0.3745
vn 0.9704 -0.0262 0.2400
vn 0.9423 -0.1373 -0.3051
vn -0.0931 -0.9937 0.0623
vn 0.8637 -0.0796 0.4977
vn 0.9803 -0.0837 -0.1785
vn -0.0689 -0.9945 -0.0782
vn 0.7853 -0.1318 0.6049
vn 0.9980 -0.0464 -0.0419
vn -0.0247 -0.9768 -0.2127
vn 0.6941 -0.1986 0.6919
vn 0.9947 -0.0270 0.0994
vn 0.0378 -0.9411 -0.3359
vn 0.5935 -0.2774 0.7555
vn 0.1162 -0.8889 -0.4432
vn 0.4874 -0.3651 0.7932
vn -0.7276 -0.5862 0.3563
vn -0.2752 0.5537 -0.7859
vn -0.1772 0.6473 -0.7413
vn -0.6941 0.1986 -0.6919
vn -0.5935 0.2774 -0.7555
vn -0.5215 0.5623 0.6417
vn -0.6263 0.4670 0.6242
vn -0.4874 0.3651 -0.7932
vn -0.7243 0.3734 0.5796
vn -0.3799 0.4584 -0.8034
vn -0.8118 0.2850 0.5096
vn -0.8854 0.2053 0.4169
vn -0.9423 0.1373 0.3051
vn -0.0897 0.7356 -0.6713
vn -0.9803 0.0837 0.1785
vn -0.0161 0.8154 -0.5787
vn -0.9980 0.0464 0.0419
vn 0.0689 0.9945 0.0782
vn 0.0247 0.9768 0.2127
vn 0.0408 0.8834 -0.4669
vn -0.9947 0.0270 -0.0994
vn -0.0378 0.9411 0.3359
vn 0.0789 0.9370 -0.3403
vn -0.9704 0.0262 -0.2400
vn -0.1162 0.8889 0.4432
vn 0.0965 0.9742 -0.2037
vn -0.9262 0.0439 -0.3745
vn -0.2074 0.8221 0.5302
vn 0.0931 0.9937 -0.0623
vn -0.8636 0.0796 -0.4977
vn -0.3080 0.7433 0.5938
vn -0.7853 0.1318 -0.6049
vn -0.4141 0.6556 0.6314
vn 0.6832 -0.7301 -0.0095
vn 0.7860 -0.6177 0.0246
vn 0.7604 -0.6317 0.1505
vn 0.9404 -0.3264 0.0955
vn 0.9176 -0.3388 0.2076
vn 0.7343 0.6427 0.2182
vn 0.7335 0.6423 0.2221
vn -0.2524 0.9608 0.1141
vn -0.2298 0.9732 0.0026
vn -0.5629 0.8254 0.0436
vn -0.5373 0.8394 -0.0822
vn -0.6832 0.7301 0.0095
vn -0.7867 0.6168 -0.0249
vn -0.7611 0.6308 -0.1508
vn -0.9434 0.3171 -0.0975
vn -0.9207 0.3294 -0.2090
vn -0.6928 -0.6870 -0.2188
vn -0.6936 -0.6875 -0.2149
vn 0.2620 -0.9585 -0.1122
vn 0.2392 -0.9709 -0.0001
vn 0.5638 -0.8248 -0.0434
vn 0.5383 -0.8387 0.0825
vn 0.6974 -0.7035 -0.1368
vn 0.8000 -0.5914 -0.1011
vn 0.9528 -0.3030 -0.0164
vn 0.7348 0.6435 0.2144
vn -0.2648 0.9376 0.2255
vn -0.5768 0.7991 0.1693
vn -0.6974 0.7035 0.1368
vn -0.8007 0.5905 0.1008
vn -0.9558 0.2937 0.0139
vn -0.6924 -0.6862 -0.2227
vn 0.2744 -0.9351 -0.2242
vn 0.5778 -0.7985 -0.1691
vn 0.6996 -0.6648 -0.2617
vn 0.8022 -0.5532 -0.2245
vn 0.9548 -0.2690 -0.1264
vn 0.7348 0.6447 0.2106
vn -0.2668 0.9037 0.3348
vn -0.5791 0.7609 0.2927
vn -0.6996 0.6648 0.2617
vn -0.8029 0.5523 0.2242
vn -0.9577 0.2599 0.1232
vn -0.6923 -0.6851 -0.2265
vn 0.2764 -0.9011 -0.3341
vn 0.5800 -0.7602 -0.2926
vn 0.6899 -0.6148 -0.3822
vn 0.7926 -0.5038 -0.3435
vn 0.9462 -0.2249 -0.2324
vn 0.7345 0.6462 0.2069
vn -0.2582 0.8599 0.4402
vn -0.5694 0.7115 0.4117
vn -0.6899 0.6148 0.3822
vn -0.7933 0.5029 0.3432
vn -0.9492 0.2161 0.2286
vn -0.6926 -0.6836 -0.2301
vn 0.2678 -0.8570 -0.4402
vn 0.5704 -0.7108 -0.4115
vn 0.6683 -0.5542 -0.4961
vn 0.7713 -0.4440 -0.4560
vn 0.9273 -0.1716 -0.3327
vn 0.7339 0.6481 0.2035
vn -0.2394 0.8069 0.5399
vn -0.5481 0.6517 0.5242
vn -0.6683 0.5542 0.4961
vn -0.7720 0.4431 0.4557
vn -0.9304 0.1631 0.3283
vn -0.6933 -0.6817 -0.2336
vn 0.2489 -0.8037 -0.5404
vn 0.5491 -0.6510 -0.5241
vn 0.7387 -0.3748 -0.5602
vn 0.8983 -0.1100 -0.4254
vn 0.7329 0.6502 0.2003
vn -0.2105 0.7456 0.6322
vn -0.5156 0.5825 0.6284
vn -0.7394 0.3739 0.5598
vn -0.9015 0.1018 0.4206
vn -0.6943 -0.6796 -0.2368
vn 0.2199 -0.7421 -0.6332
vn 0.5165 -0.5818 -0.6282
vn 0.5915 -0.4058 -0.6967
vn 0.6954 -0.2974 -0.6542
vn 0.8597 -0.0411 -0.5091
vn 0.7315 0.6526 0.1974
vn -0.1722 0.6771 0.7155
vn -0.4723 0.5051 0.7223
vn -0.5915 0.4059 0.6967
vn -0.6961 0.2965 0.6538
vn -0.8631 0.0333 0.5039
vn -0.6956 -0.6772 -0.2397
vn 0.1813 -0.6732 -0.7169
vn 0.4732 -0.5044 -0.7222
vn 0.5376 -0.3206 -0.7799
vn 0.6421 -0.2131 -0.7364
vn 0.8122 0.0339 -0.5824
vn 0.7299 0.6551 0.1949
vn -0.1249 0.6024 0.7883
vn -0.4190 0.4209 0.8045
vn -0.5376 0.3206 0.7799
vn -0.6428 0.2123 0.7360
vn -0.8159 -0.0413 0.5767
vn -0.6973 -0.6746 -0.2422
vn 0.1338 -0.5981 -0.7901
vn 0.4199 -0.4202 -0.8044
vn 0.4744 -0.2298 -0.8498
vn 0.5797 -0.1235 -0.8054
vn 0.7566 0.1138 -0.6438
vn 0.7280 0.6579 0.1927
vn -0.0696 0.5230 0.8495
vn -0.3566 0.3312 0.8735
vn -0.4744 0.2298 0.8498
vn -0.5804 0.1227 0.8050
vn -0.7606 -0.1208 0.6378
vn -0.6992 -0.6719 -0.2443
vn 0.0782 -0.5183 -0.8516
vn 0.3575 -0.3305 -0.8734
vn 0.4031 -0.1351 -0.9051
vn 0.5093 -0.0300 -0.8600
vn 0.6939 0.1971 -0.6925
vn 0.7258 0.6608 0.1910
vn -0.0073 0.4401 0.8979
vn -0.2862 0.2377 0.9282
vn -0.4031 0.1351 0.9051
vn -0.5100 0.0292 0.8596
vn -0.6982 -0.2036 0.6863
vn -0.7013 -0.6690 -0.2460
vn 0.0155 -0.4349 -0.9003
vn 0.2871 -0.2370 -0.9281
vn 0.3249 -0.0381 -0.9449
vn 0.4321 0.0658 -0.8994
vn 0.6251 0.2825 -0.7276
vn 0.7234 0.6637 0.1899
vn 0.0611 0.3553 0.9327
vn -0.2090 0.1419 0.9676
vn -0.3249 0.0381 0.9449
vn -0.4328 -0.0666 0.8990
vn -0.6298 -0.2885 0.7211
vn -0.7037 -0.6660 -0.2472
vn -0.0533 -0.3496 -0.9354
vn 0.2099 -0.1412 -0.9675
vn 0.3493 0.1623 -0.9228
vn 0.5514 0.3684 -0.7484
vn 0.7209 0.6667 0.1891
vn 0.1344 0.2698 0.9535
vn -0.1263 0.0455 0.9909
vn -0.3501 -0.1631 0.9224
vn -0.5565 -0.3740 0.7419
vn -0.7063 -0.6631 -0.2479
vn -0.1270 -0.2636 -0.9562
vn 0.1271 -0.0447 -0.9908
vn 0.1533 0.1562 -0.9757
vn 0.2626 0.2578 -0.9298
vn 0.4741 0.4534 -0.7547
vn 0.7183 0.6696 0.1889
vn 0.2113 0.1852 0.9597
vn -0.0395 -0.0499 0.9980
vn -0.1533 -0.1561 0.9757
vn -0.2633 -0.2585 0.9294
vn -0.4797 -0.4585 0.7481
vn -0.7089 -0.6601 -0.2481
vn -0.2043 -0.1786 -0.9625
vn 0.0403 0.0507 -0.9979
vn 0.0628 0.2501 -0.9662
vn 0.1732 0.3506 -0.9203
vn 0.3945 0.5361 -0.7463
vn 0.7155 0.6725 0.1892
vn 0.2905 0.1030 0.9513
vn 0.0498 -0.1427 0.9885
vn -0.0628 -0.2501 0.9662
vn -0.1740 -0.3513 0.9199
vn -0.4005 -0.5408 0.7397
vn -0.7117 -0.6573 -0.2478
vn -0.2839 -0.0960 -0.9540
vn -0.0490 0.1436 -0.9884
vn -0.0287 0.3398 -0.9400
vn 0.0827 0.4392 -0.8946
vn 0.3139 0.6150 -0.7233
vn 0.7127 0.6752 0.1900
vn 0.3706 0.0245 0.9284
vn 0.1403 -0.2313 0.9627
vn 0.0287 -0.3398 0.9400
vn -0.0835 -0.4399 0.8941
vn -0.3203 -0.6193 0.7168
vn -0.7145 -0.6546 -0.2471
vn -0.3645 -0.0170 -0.9310
vn -0.1395 0.2322 -0.9626
vn -0.1198 0.4237 -0.8978
vn -0.0072 0.5220 -0.8529
vn 0.2338 0.6889 -0.6861
vn 0.7100 0.6778 0.1913
vn 0.4503 -0.0489 0.8915
vn 0.2302 -0.3142 0.9210
vn 0.1198 -0.4237 0.8978
vn 0.0064 -0.5227 0.8524
vn -0.2406 -0.6927 0.6799
vn -0.7172 -0.6520 -0.2458
vn -0.4446 0.0567 -0.8939
vn -0.2294 0.3150 -0.9209
vn -0.2088 0.5003 -0.8403
vn -0.0952 0.5977 -0.7960
vn 0.1554 0.7563 -0.6355
vn 0.7072 0.6801 0.1930
vn 0.5282 -0.1159 0.8411
vn 0.3182 -0.3898 0.8642
vn 0.2088 -0.5003 0.8403
vn 0.0943 -0.5984 0.7956
vn -0.1627 -0.7597 0.6295
vn -0.7199 -0.6497 -0.2440
vn -0.5229 0.1242 -0.8433
vn -0.3174 0.3907 -0.8641
vn -0.1796 0.6649 -0.7249
vn 0.0802 0.8162 -0.5722
vn 0.7046 0.6821 0.1952
vn 0.6030 -0.1755 0.7782
vn 0.4025 -0.4570 0.7931
vn 0.1787 -0.6656 0.7245
vn -0.0879 -0.8193 0.5666
vn -0.7225 -0.6476 -0.2419
vn -0.5981 0.1841 -0.7800
vn -0.4018 0.4579 -0.7930
vn -0.3747 0.6267 -0.6832
vn -0.2590 0.7226 -0.6409
vn 0.0095 0.8675 -0.4973
vn 0.7022 0.6839 0.1978
vn 0.6734 -0.2265 0.7037
vn 0.4820 -0.5147 0.7091
vn 0.3747 -0.6267 0.6832
vn 0.2581 -0.7232 0.6405
vn -0.0175 -0.8703 0.4921
vn -0.7250 -0.6459 -0.2393
vn -0.6689 0.2354 -0.7051
vn -0.4812 0.5155 -0.7089
vn -0.4487 0.6743 -0.5864
vn -0.3321 0.7696 -0.5453
vn -0.0556 0.9094 -0.4122
vn 0.7000 0.6854 0.2007
vn 0.7381 -0.2682 0.6190
vn 0.5550 -0.5617 0.6135
vn 0.4487 -0.6743 0.5864
vn 0.3312 -0.7703 0.5449
vn 0.0472 -0.9120 0.4074
vn -0.7272 -0.6444 -0.2363
vn -0.7340 0.2773 -0.6199
vn -0.5543 0.5626 -0.6133
vn -0.5150 0.7104 -0.4796
vn -0.3976 0.8053 -0.4398
vn -0.1140 0.9411 -0.3182
vn 0.6980 0.6865 0.2040
vn 0.7962 -0.2998 0.5256
vn 0.6206 -0.5973 0.5080
vn 0.5150 -0.7104 0.4796
vn 0.3967 -0.8059 0.4394
vn 0.1052 -0.9436 0.3139
vn -0.7292 -0.6433 -0.2331
vn -0.7924 0.3090 -0.5259
vn -0.6198 0.5982 -0.5078
vn -0.5725 0.7343 -0.3646
vn -0.4545 0.8289 -0.3262
vn -0.1646 0.9622 -0.2170
vn 0.6962 0.6872 0.2075
vn 0.8465 -0.3207 0.4249
vn 0.6774 -0.6210 0.3944
vn 0.5725 -0.7343 0.3646
vn 0.4535 -0.8295 0.3258
vn 0.1556 -0.9645 0.2133
vn -0.7309 -0.6426 -0.2296
vn -0.8430 0.3301 -0.4247
vn -0.6767 0.6218 -0.3942
vn -0.6203 0.7457 -0.2434
vn -0.5016 0.8401 -0.2064
vn -0.2066 0.9722 -0.1103
vn 0.6948 0.6875 0.2111
vn 0.8883 -0.3306 0.3188
vn 0.7245 -0.6322 0.2746
vn 0.6203 -0.7457 0.2434
vn 0.5007 -0.8407 0.2061
vn 0.1973 -0.9745 0.1072
vn -0.7324 -0.6423 -0.2259
vn -0.8850 0.3401 -0.3180
vn -0.7238 0.6331 -0.2744
vn -0.5383 0.8387 -0.0825
vn -0.2392 0.9709 0.0001
vn 0.6936 0.6875 0.2149
vn 0.9207 -0.3294 0.2090
vn 0.7611 -0.6308 0.1508
vn 0.5373 -0.8394 0.0822
vn 0.2298 -0.9732 -0.0026
vn -0.7335 -0.6423 -0.2221
vn -0.9176 0.3388 -0.2076
vn -0.7604 0.6317 -0.1505
vn -0.5638 0.8248 0.0434
vn -0.2620 0.9585 0.1122
vn 0.6929 0.6870 0.2188
vn 0.9434 -0.3171 0.0975
vn 0.7867 -0.6168 0.0249
vn 0.5629 -0.8254 -0.0436
vn 0.2524 -0.9608 -0.1141
vn -0.7343 -0.6427 -0.2182
vn -0.9404 0.3264 -0.0955
vn -0.7860 0.6177 -0.0246
vn -0.5778 0.7985 0.1691
vn -0.2745 0.9351 0.2242
vn 0.6924 0.6862 0.2227
vn 0.9557 -0.2937 -0.0139
vn 0.8007 -0.5905 -0.1008
vn 0.5768 -0.7991 -0.1693
vn 0.2648 -0.9376 -0.2255
vn -0.7348 -0.6435 -0.2144
vn -0.9528 0.3030 0.0164
vn -0.8000 0.5914 0.1011
vn -0.5800 0.7602 0.2926
vn -0.2764 0.9011 0.3341
vn 0.6923 0.6850 0.2265
vn 0.9577 -0.2599 -0.1232
vn 0.8029 -0.5523 -0.2242
vn 0.5791 -0.7609 -0.2927
vn 0.2668 -0.9037 -0.3348
vn -0.7348 -0.6447 -0.2106
vn -0.9548 0.2690 0.1264
vn -0.8022 0.5532 0.2245
vn -0.5704 0.7108 0.4115
vn -0.2678 0.8570 0.4402
vn 0.6926 0.6836 0.2301
vn 0.9492 -0.2161 -0.2286
vn 0.7933 -0.5029 -0.3432
vn 0.5694 -0.7115 -0.4117
vn 0.2582 -0.8599 -0.4402
vn -0.7345 -0.6462 -0.2069
vn -0.9462 0.2249 0.2324
vn -0.7926 0.5038 0.3435
vn -0.5491 0.6510 0.5241
vn -0.2489 0.8037 0.5404
vn 0.6933 0.6817 0.2336
vn 0.9304 -0.1631 -0.3283
vn 0.7720 -0.4431 -0.4557
vn 0.5481 -0.6517 -0.5242
vn 0.2394 -0.8069 -0.5399
vn -0.7339 -0.6481 -0.2035
vn -0.9273 0.1716 0.3326
vn -0.7713 0.4440 0.4560
vn -0.5165 0.5818 0.6282
vn -0.2199 0.7421 0.6332
vn 0.6943 0.6796 0.2368
vn 0.9015 -0.1018 -0.4206
vn 0.7394 -0.3739 -0.5598
vn 0.5156 -0.5825 -0.6284
vn 0.2105 -0.7456 -0.6322
vn -0.7329 -0.6502 -0.2003
vn -0.8983 0.1100 0.4254
vn -0.7387 0.3748 0.5602
vn -0.4732 0.5044 0.7222
vn -0.1813 0.6732 0.7169
vn 0.6956 0.6772 0.2397
vn 0.8631 -0.0333 -0.5039
vn 0.6961 -0.2965 -0.6538
vn 0.5915 -0.4059 -0.6967
vn 0.4723 -0.5051 -0.7223
vn 0.1722 -0.6771 -0.7155
vn -0.7315 -0.6526 -0.1974
vn -0.8597 0.0410 0.5091
vn -0.6954 0.2974 0.6542
vn -0.4199 0.4202 0.8044
vn -0.1338 0.5981 0.7901
vn 0.6973 0.6746 0.2422
vn 0.8159 0.0413 -0.5767
vn 0.6428 -0.2123 -0.7360
vn 0.4190 -0.4209 -0.8045
vn 0.1249 -0.6024 -0.7883
vn -0.7299 -0.6551 -0.1949
vn -0.8122 -0.0339 0.5824
vn -0.6421 0.2131 0.7364
vn -0.3575 0.3305 0.8734
vn -0.0782 0.5183 0.8516
vn 0.6992 0.6719 0.2443
vn 0.7606 0.1208 -0.6378
vn 0.5804 -0.1227 -0.8050
vn 0.3566 -0.3312 -0.8735
vn 0.0696 -0.5230 -0.8495
vn -0.7280 -0.6579 -0.1927
vn -0.7566 -0.1138 0.6438
vn -0.5797 0.1235 0.8054
vn -0.2871 0.2370 0.9281
vn -0.0155 0.4349 0.9003
vn 0.7013 0.6690 0.2460
vn 0.6982 0.2036 -0.6863
vn 0.5100 -0.0292 -0.8596
vn 0.2862 -0.2377 -0.9282
vn 0.0073 -0.4401 -0.8979
vn -0.7258 -0.6608 -0.1910
vn -0.6939 -0.1971 0.6925
vn -0.5093 0.0300 0.8600
vn -0.2098 0.1412 0.9675
vn 0.0533 0.3496 0.9354
vn 0.7037 0.6660 0.2472
vn 0.6298 0.2885 -0.7212
vn 0.4328 0.0666 -0.8990
vn 0.2090 -0.1419 -0.9676
vn -0.0611 -0.3553 -0.9327
vn -0.7234 -0.6637 -0.1899
vn -0.6251 -0.2825 0.7276
vn -0.4321 -0.0658 0.8994
vn -0.1271 0.0447 0.9908
vn 0.1270 0.2636 0.9562
vn 0.7063 0.6631 0.2479
vn 0.5565 0.3740 -0.7419
vn 0.3501 0.1631 -0.9224
vn 0.1263 -0.0455 -0.9909
vn -0.1344 -0.2698 -0.9535
vn -0.7209 -0.6667 -0.1891
vn -0.5514 -0.3684 0.7484
vn -0.3493 -0.1623 0.9228
vn -0.1533 -0.1562 0.9757
vn -0.0403 -0.0507 0.9979
vn 0.2043 0.1786 0.9625
vn 0.7089 0.6601 0.2481
vn 0.4796 0.4585 -0.7481
vn 0.2633 0.2585 -0.9294
vn 0.1533 0.1561 -0.9757
vn 0.0395 0.0499 -0.9980
vn -0.2113 -0.1852 -0.9597
vn -0.7183 -0.6696 -0.1889
vn -0.4741 -0.4534 0.7547
vn -0.2626 -0.2578 0.9298
vn 0.0490 -0.1436 0.9884
vn 0.2839 0.0960 0.9540
vn 0.7117 0.6573 0.2479
vn 0.4005 0.5408 -0.7397
vn 0.1740 0.3513 -0.9199
vn -0.0498 0.1427 -0.9885
vn -0.2905 -0.1030 -0.9513
vn -0.7155 -0.6725 -0.1892
vn -0.3945 -0.5361 0.7463
vn -0.1732 -0.3506 0.9203
vn 0.1395 -0.2322 0.9626
vn 0.3645 0.0170 0.9310
vn 0.7144 0.6546 0.2471
vn 0.3203 0.6193 -0.7168
vn 0.0835 0.4399 -0.8941
vn -0.1403 0.2313 -0.9627
vn -0.3706 -0.0245 -0.9284
vn -0.7127 -0.6752 -0.1900
vn -0.3139 -0.6150 0.7233
vn -0.0827 -0.4392 0.8946
vn 0.2294 -0.3150 0.9209
vn 0.4446 -0.0568 0.8939
vn 0.7172 0.6520 0.2458
vn 0.2406 0.6927 -0.6799
vn -0.0064 0.5227 -0.8524
vn -0.2302 0.3142 -0.9210
vn -0.4503 0.0489 -0.8915
vn -0.7100 -0.6778 -0.1913
vn -0.2338 -0.6889 0.6861
vn 0.0072 -0.5220 0.8529
vn 0.3174 -0.3907 0.8641
vn 0.5229 -0.1242 0.8433
vn 0.7199 0.6497 0.2441
vn 0.1627 0.7597 -0.6295
vn -0.0943 0.5984 -0.7956
vn -0.3182 0.3898 -0.8642
vn -0.5282 0.1159 -0.8411
vn -0.7072 -0.6801 -0.1930
vn -0.1554 -0.7563 0.6355
vn 0.0952 -0.5977 0.7960
vn 0.4018 -0.4579 0.7930
vn 0.5981 -0.1841 0.7800
vn 0.7225 0.6476 0.2419
vn 0.0879 0.8193 -0.5666
vn -0.1787 0.6656 -0.7245
vn -0.2943 0.5683 -0.7683
vn -0.4025 0.4570 -0.7931
vn -0.6030 0.1755 -0.7782
vn -0.7046 -0.6821 -0.1952
vn -0.0802 -0.8162 0.5722
vn 0.1796 -0.6650 0.7249
vn 0.4812 -0.5155 0.7089
vn 0.6689 -0.2354 0.7051
vn 0.7250 0.6459 0.2393
vn 0.0175 0.8703 -0.4921
vn -0.2581 0.7232 -0.6405
vn -0.4820 0.5147 -0.7091
vn -0.6734 0.2265 -0.7037
vn -0.7022 -0.6839 -0.1978
vn -0.0095 -0.8675 0.4973
vn 0.2590 -0.7226 0.6409
vn 0.5543 -0.5626 0.6133
vn 0.7340 -0.2773 0.6199
vn 0.7272 0.6444 0.2363
vn -0.0472 0.9120 -0.4074
vn -0.3312 0.7703 -0.5449
vn -0.5551 0.5617 -0.6135
vn -0.7381 0.2682 -0.6190
vn -0.7000 -0.6854 -0.2007
vn 0.0556 -0.9094 0.4122
vn 0.3321 -0.7696 0.5453
vn 0.6198 -0.5982 0.5078
vn 0.7924 -0.3090 0.5259
vn 0.7292 0.6433 0.2331
vn -0.1052 0.9436 -0.3139
vn -0.3967 0.8059 -0.4394
vn -0.6206 0.5973 -0.5080
vn -0.7962 0.2998 -0.5256
vn -0.6980 -0.6865 -0.2040
vn 0.1140 -0.9411 0.3182
vn 0.3977 -0.8053 0.4398
vn 0.6767 -0.6218 0.3942
vn 0.8430 -0.3301 0.4247
vn 0.7309 0.6426 0.2296
vn -0.1556 0.9645 -0.2133
vn -0.4535 0.8295 -0.3258
vn -0.6774 0.6210 -0.3944
vn -0.8465 0.3207 -0.4249
vn -0.6962 -0.6872 -0.2075
vn 0.1646 -0.9622 0.2170
vn 0.4545 -0.8289 0.3262
vn 0.7238 -0.6331 0.2744
vn 0.8850 -0.3401 0.3180
vn 0.7324 0.6423 0.2259
vn -0.1973 0.9745 -0.1072
vn -0.5007 0.8407 -0.2061
vn -0.7245 0.6322 -0.2746
vn -0.8883 0.3306 -0.3188
vn -0.6948 -0.6875 -0.2111
vn 0.2066 -0.9722 0.1103
vn 0.5016 -0.8401 0.2064
usemtl Boki.001
s 1
f 354/1/1 353/2/2 66/3/3 65/4/4
f 68/5/5 69/6/6 101/7/7 100/8/8
f 356/9/9 355/10/10 93/11/11 92/12/12
f 358/13/13 357/14/14 80/15/15 79/16/16
f 353/2/2 359/17/17 67/18/18 66/3/3
f 355/10/10 360/19/19 94/20/20 93/11/11
f 357/14/14 361/21/21 81/22/22 80/15/15
f 359/17/17 362/23/23 68/24/5 67/18/18
f 360/19/19 363/25/24 95/26/25 94/20/20
f 361/21/21 364/27/26 82/28/27 81/22/22
f 362/23/23 365/29/28 69/30/6 68/24/5
f 363/25/24 366/31/29 96/32/30 95/26/25
f 364/27/26 367/33/31 83/34/32 82/28/27
f 365/29/28 368/35/33 70/36/34 69/30/6
f 366/31/29 354/1/1 65/4/4 96/32/30
f 367/33/31 369/37/35 84/38/36 83/34/32
f 368/35/33 370/39/37 71/40/38 70/36/34
f 369/37/35 371/41/39 85/42/40 84/38/36
f 370/39/37 372/43/41 72/44/42 71/40/38
f 371/41/39 373/45/43 86/46/44 85/42/40
f 372/43/41 374/47/45 73/48/46 72/44/42
f 373/45/43 375/49/47 87/50/48 86/46/44
f 374/47/45 376/51/49 74/52/50 73/48/46
f 375/49/47 377/53/51 88/54/52 87/50/48
f 376/51/49 378/55/53 75/56/54 74/52/50
f 377/53/51 379/57/55 89/58/56 88/54/52
f 378/55/53 380/59/57 76/60/58 75/56/54
f 379/57/55 381/61/59 90/62/60 89/58/56
f 380/59/57 382/63/61 77/64/62 76/60/58
f 381/61/59 383/65/63 91/66/64 90/62/60
f 382/63/61 384/67/65 78/68/66 77/64/62
f 383/65/63 356/9/9 92/12/12 91/66/64
f 384/67/65 358/13/13 79/16/16 78/68/66
f 103/69/67 104/70/68 136/71/69 135/72/70
f 95/73/25 96/74/30 128/75/71 127/76/72
f 82/77/27 83/78/32 115/79/73 114/80/74
f 69/6/6 70/81/34 102/82/75 101/7/7
f 96/74/30 65/83/4 97/84/76 128/75/71
f 83/78/32 84/85/36 116/86/77 115/79/73
f 70/81/34 71/87/38 103/69/67 102/82/75
f 84/85/36 85/88/40 117/89/78 116/86/77
f 71/87/38 72/90/42 104/70/68 103/69/67
f 85/88/40 86/91/44 118/92/79 117/89/78
f 72/90/42 73/93/46 105/94/80 104/70/68
f 86/91/44 87/95/48 119/96/81 118/92/79
f 73/93/46 74/97/50 106/98/82 105/94/80
f 87/95/48 88/99/52 120/100/83 119/96/81
f 74/97/50 75/101/54 107/102/84 106/98/82
f 88/99/52 89/103/56 121/104/85 120/100/83
f 75/101/54 76/105/58 108/106/86 107/102/84
f 89/103/56 90/107/60 122/108/87 121/104/85
f 76/105/58 77/109/62 109/110/88 108/106/86
f 90/107/60 91/111/64 123/112/89 122/108/87
f 77/109/62 78/113/66 110/114/90 109/110/88
f 91/111/64 92/115/12 124/116/91 123/112/89
f 78/113/66 79/117/16 111/118/92 110/114/90
f 65/83/4 66/119/3 98/120/93 97/84/76
f 92/115/12 93/121/11 125/122/94 124/116/91
f 79/117/16 80/123/15 112/124/95 111/118/92
f 66/119/3 67/125/18 99/126/96 98/120/93
f 93/121/11 94/127/20 126/128/97 125/122/94
f 80/123/15 81/129/22 113/130/98 112/124/95
f 67/125/18 68/5/5 100/8/8 99/126/96
f 94/127/20 95/73/25 127/76/72 126/128/97
f 81/129/22 82/77/27 114/80/74 113/130/98
f 290/131/99 289/132/100 171/133/101 170/134/102
f 117/89/78 118/92/79 150/135/103 149/136/104
f 104/70/68 105/94/80 137/137/105 136/71/69
f 118/92/79 119/96/81 151/138/106 150/135/103
f 105/94/80 106/98/82 138/139/107 137/137/105
f 119/96/81 120/100/83 152/140/108 151/138/106
f 106/98/82 107/102/84 139/141/109 138/139/107
f 120/100/83 121/104/85 153/142/110 152/140/108
f 107/102/84 108/106/86 140/143/111 139/141/109
f 121/104/85 122/108/87 154/144/112 153/142/110
f 108/106/86 109/110/88 141/145/113 140/143/111
f 122/108/87 123/112/89 155/146/114 154/144/112
f 109/110/88 110/114/90 142/147/115 141/145/113
f 123/112/89 124/116/91 156/148/116 155/146/114
f 110/114/90 111/118/92 143/149/117 142/147/115
f 97/84/76 98/120/93 129/150/118 130/151/119
f 124/116/91 125/122/94 157/152/120 156/148/116
f 111/118/92 112/124/95 144/153/121 143/149/117
f 98/120/93 99/126/96 131/154/122 129/150/118
f 125/122/94 126/128/97 158/155/123 157/152/120
f 112/124/95 113/130/98 145/156/124 144/153/121
f 99/126/96 100/8/8 132/157/125 131/154/122
f 126/128/97 127/76/72 159/158/126 158/155/123
f 113/130/98 114/80/74 146/159/127 145/156/124
f 100/8/8 101/7/7 133/160/128 132/157/125
f 127/76/72 128/75/71 160/161/129 159/158/126
f 114/80/74 115/79/73 147/162/130 146/159/127
f 101/7/7 102/82/75 134/163/131 133/160/128
f 128/75/71 97/84/76 130/151/119 160/161/129
f 115/79/73 116/86/77 148/164/132 147/162/130
f 102/82/75 103/69/67 135/72/70 134/163/131
f 116/86/77 117/89/78 149/136/104 148/164/132
f 173/165/133 174/166/134 206/167/135 205/168/136
f 292/169/137 291/170/138 185/171/139 184/172/140
f 289/132/100 293/173/141 172/174/142 171/133/101
f 291/170/138 294/175/143 186/176/144 185/171/139
f 293/173/141 295/177/145 173/178/133 172/174/142
f 294/175/143 296/179/146 187/180/147 186/176/144
f 295/177/145 297/181/148 174/182/134 173/178/133
f 296/179/146 298/183/149 188/184/150 187/180/147
f 297/181/148 299/185/151 175/186/152 174/182/134
f 301/187/153 300/188/154 161/189/155 162/190/156
f 298/183/149 302/191/157 189/192/158 188/184/150
f 299/185/151 303/193/159 176/194/160 175/186/152
f 300/188/154 304/195/161 163/196/162 161/189/155
f 302/191/157 305/197/163 190/198/164 189/192/158
f 303/193/159 306/199/165 177/200/166 176/194/160
f 304/195/161 307/201/167 164/202/168 163/196/162
f 305/197/163 308/203/169 191/204/170 190/198/164
f 306/199/165 309/205/171 178/206/172 177/200/166
f 307/201/167 310/207/173 165/208/174 164/202/168
f 308/203/169 311/209/175 192/210/176 191/204/170
f 309/205/171 312/211/177 179/212/178 178/206/172
f 310/207/173 313/213/179 166/214/180 165/208/174
f 311/209/175 301/187/153 162/190/156 192/210/176
f 312/211/177 314/215/181 180/216/182 179/212/178
f 313/213/179 315/217/183 167/218/184 166/214/180
f 314/215/181 316/219/185 181/220/186 180/216/182
f 315/217/183 317/221/187 168/222/188 167/218/184
f 316/219/185 318/223/189 182/224/190 181/220/186
f 317/221/187 319/225/191 169/226/192 168/222/188
f 318/223/189 320/227/193 183/228/194 182/224/190
f 319/225/191 290/131/99 170/134/102 169/226/192
f 320/227/193 292/169/137 184/172/140 183/228/194
f 322/229/195 321/230/196 241/231/197 240/232/198
f 187/233/147 188/234/150 220/235/199 219/236/200
f 174/166/134 175/237/152 207/238/201 206/167/135
f 162/239/156 161/240/155 193/241/202 194/242/203
f 188/234/150 189/243/158 221/244/204 220/235/199
f 175/237/152 176/245/160 208/246/205 207/238/201
f 161/240/155 163/247/162 195/248/206 193/241/202
f 189/243/158 190/249/164 222/250/207 221/244/204
f 176/245/160 177/251/166 209/252/208 208/246/205
f 163/247/162 164/253/168 196/254/209 195/248/206
f 190/249/164 191/255/170 223/256/210 222/250/207
f 177/251/166 178/257/172 210/258/211 209/252/208
f 164/253/168 165/259/174 197/260/212 196/254/209
f 191/255/170 192/261/176 224/262/213 223/256/210
f 178/257/172 179/263/178 211/264/214 210/258/211
f 165/259/174 166/265/180 198/266/215 197/260/212
f 192/261/176 162/239/156 194/242/203 224/262/213
f 179/263/178 180/267/182 212/268/216 211/264/214
f 166/265/180 167/269/184 199/270/217 198/266/215
f 180/267/182 181/271/186 213/272/218 212/268/216
f 167/269/184 168/273/188 200/274/219 199/270/217
f 181/271/186 182/275/190 214/276/220 213/272/218
f 168/273/188 169/277/192 201/278/221 200/274/219
f 182/275/190 183/279/194 215/280/222 214/276/220
f 169/277/192 170/281/102 202/282/223 201/278/221
f 183/279/194 184/283/140 216/284/224 215/280/222
f 170/281/102 171/285/101 203/286/225 202/282/223
f 184/283/140 185/287/139 217/288/226 216/284/224
f 171/285/101 172/289/142 204/290/227 203/286/225
f 185/287/139 186/291/144 218/292/228 217/288/226
f 172/289/142 173/165/133 205/168/136 204/290/227
f 186/291/144 187/233/147 219/236/200 218/292/228
f 1228/293/229 1231/294/230 277/295/231 276/296/232
f 324/297/233 323/298/234 228/299/235 227/300/236
f 326/301/237 325/302/238 255/303/239 254/304/240
f 321/230/196 327/305/241 242/306/242 241/231/197
f 323/298/234 328/307/243 229/308/244 228/299/235
f 325/302/238 329/309/245 256/310/246 255/303/239
f 327/305/241 330/311/247 243/312/248 242/306/242
f 328/307/243 331/313/249 230/314/250 229/308/244
f 329/309/245 332/315/251 226/316/252 256/310/246
f 330/311/247 333/317/253 244/318/254 243/312/248
f 331/313/249 334/319/255 231/320/256 230/314/250
f 333/317/253 335/321/257 245/322/258 244/318/254
f 334/319/255 336/323/259 232/324/260 231/320/256
f 335/321/257 337/325/261 246/326/262 245/322/258
f 336/323/259 338/327/263 233/328/264 232/324/260
f 337/325/261 339/329/265 247/330/266 246/326/262
f 338/327/263 340/331/267 234/332/268 233/328/264
f 339/329/265 341/333/269 248/334/270 247/330/266
f 340/331/267 342/335/271 235/336/272 234/332/268
f 341/333/269 343/337/273 249/338/274 248/334/270
f 342/335/271 344/339/275 236/340/276 235/336/272
f 343/337/273 345/341/277 250/342/278 249/338/274
f 344/339/275 346/343/279 237/344/280 236/340/276
f 345/341/277 347/345/281 251/346/282 250/342/278
f 346/343/279 348/347/283 238/348/284 237/344/280
f 347/345/281 349/349/285 252/350/286 251/346/282
f 348/347/283 350/351/287 239/352/288 238/348/284
f 332/315/251 351/353/289 225/354/290 226/316/252
f 349/349/285 352/355/291 253/356/292 252/350/286
f 350/351/287 322/229/195 240/232/198 239/352/288
f 351/353/289 324/297/233 227/300/236 225/354/290
f 352/355/291 326/301/237 254/304/240 253/356/292
f 1237/357/293 1240/358/294 280/359/295 279/360/296
f 1189/361/297 1192/362/298 264/363/299 263/364/300
f 1231/294/230 1234/365/301 278/366/302 277/295/231
f 1192/362/298 1195/367/303 265/368/304 264/363/299
f 246/369/262 247/370/266 1236/371/305 1233/372/306
f 1195/367/303 1198/373/307 266/374/308 265/368/304
f 1234/365/301 1237/357/293 279/360/296 278/366/302
f 1198/373/307 1201/375/309 267/376/310 266/374/308
f 1240/358/294 1243/377/311 281/378/312 280/359/295
f 1201/375/309 1204/379/313 268/380/314 267/376/310
f 1243/377/311 1246/381/315 282/382/316 281/378/312
f 1204/379/313 1207/383/317 269/384/318 268/380/314
f 1246/381/315 1249/385/319 283/386/320 282/382/316
f 1207/383/317 1210/387/321 270/388/322 269/384/318
f 1249/385/319 1252/389/323 284/390/324 283/386/320
f 1210/387/321 1213/391/325 271/392/326 270/388/322
f 1252/389/323 1255/393/327 285/394/328 284/390/324
f 1213/391/325 1216/395/329 272/396/330 271/392/326
f 1171/397/331 1177/398/332 259/399/333 257/400/334
f 1255/393/327 1258/401/335 286/402/336 285/394/328
f 1216/395/329 1219/403/337 273/404/338 272/396/330
f 1264/405/339 1173/406/340 258/407/341 288/408/342
f 1258/401/335 1261/409/343 287/410/344 286/402/336
f 1219/403/337 1222/411/345 274/412/346 273/404/338
f 1180/413/347 1183/414/348 261/415/349 260/416/350
f 1261/409/343 1264/405/339 288/408/342 287/410/344
f 1222/411/345 1225/417/351 275/418/352 274/412/346
f 1183/414/348 1186/419/353 262/420/354 261/415/349
f 1225/417/351 1228/293/229 276/296/232 275/418/352
f 1186/419/353 1189/361/297 263/364/300 262/420/354
f 1177/398/332 1180/413/347 260/416/350 259/399/333
f 257/421/334 259/422/333 260/423/350 261/424/349 262/425/354 263/426/300 264/427/299 265/428/304 266/429/308 267/430/310 268/431/314 269/432/318 270/433/322 271/434/326 272/435/330 273/436/338 274/437/346 275/438/352 276/439/232 277/440/231 278/441/302 279/442/296 280/443/295 281/444/312 282/445/316 283/446/320 284/447/324 285/448/328 286/449/336 287/450/344 288/451/342 258/452/341
f 233/453/264 234/454/268 1197/455/355 1194/456/356
f 247/370/266 248/457/270 1239/458/357 1236/459/305
f 234/454/268 235/460/272 1200/461/358 1197/462/355
f 248/457/270 249/463/274 1242/464/359 1239/465/357
f 235/460/272 236/466/276 1203/467/360 1200/468/358
f 249/463/274 250/469/278 1245/470/361 1242/471/359
f 236/466/276 237/472/280 1206/473/362 1203/474/360
f 250/469/278 251/475/282 1248/476/363 1245/477/361
f 237/472/280 238/478/284 1209/479/364 1206/480/362
f 251/475/282 252/481/286 1251/482/365 1248/483/363
f 238/478/284 239/484/288 1212/485/366 1209/486/364
f 226/487/252 225/488/290 1170/489/367 1174/490/368
f 252/481/286 253/491/292 1254/492/369 1251/493/365
f 239/484/288 240/494/198 1215/495/370 1212/496/366
f 225/488/290 227/497/236 1176/498/371 1170/499/367
f 253/491/292 254/500/240 1257/501/372 1254/502/369
f 240/494/198 241/503/197 1218/504/373 1215/505/370
f 227/497/236 228/506/235 1179/507/374 1176/508/371
f 254/500/240 255/509/239 1260/510/375 1257/511/372
f 241/503/197 242/512/242 1221/513/376 1218/514/373
f 228/506/235 229/515/244 1182/516/377 1179/517/374
f 255/509/239 256/518/246 1263/519/378 1260/520/375
f 242/512/242 243/521/248 1224/522/379 1221/523/376
f 229/515/244 230/524/250 1185/525/380 1182/526/377
f 256/518/246 226/487/252 1174/527/368 1263/528/378
f 243/521/248 244/529/254 1227/530/381 1224/531/379
f 230/524/250 231/532/256 1188/533/382 1185/534/380
f 244/529/254 245/535/258 1230/536/383 1227/537/381
f 231/532/256 232/538/260 1191/539/384 1188/540/382
f 245/535/258 246/369/262 1233/541/306 1230/542/383
f 232/538/260 233/453/264 1194/543/356 1191/544/384
f 151/545/106 152/546/108 292/169/137 320/227/193
f 137/547/105 138/548/107 290/131/99 319/225/191
f 150/549/103 151/545/106 320/227/193 318/223/189
f 136/550/69 137/547/105 319/225/191 317/221/187
f 149/551/104 150/549/103 318/223/189 316/219/185
f 135/552/70 136/550/69 317/221/187 315/217/183
f 148/553/132 149/551/104 316/219/185 314/215/181
f 134/554/131 135/552/70 315/217/183 313/213/179
f 147/555/130 148/553/132 314/215/181 312/211/177
f 160/556/129 130/557/119 301/187/153 311/209/175
f 133/558/128 134/554/131 313/213/179 310/207/173
f 146/559/127 147/555/130 312/211/177 309/205/171
f 159/560/126 160/556/129 311/209/175 308/203/169
f 132/561/125 133/558/128 310/207/173 307/201/167
f 145/562/124 146/559/127 309/205/171 306/199/165
f 158/563/123 159/560/126 308/203/169 305/197/163
f 131/564/122 132/561/125 307/201/167 304/195/161
f 144/565/121 145/562/124 306/199/165 303/193/159
f 157/566/120 158/563/123 305/197/163 302/191/157
f 129/567/118 131/564/122 304/195/161 300/188/154
f 143/568/117 144/565/121 303/193/159 299/185/151
f 156/569/116 157/566/120 302/191/157 298/183/149
f 130/557/119 129/567/118 300/188/154 301/187/153
f 142/570/115 143/568/117 299/185/151 297/181/148
f 155/571/114 156/569/116 298/183/149 296/179/146
f 141/572/113 142/570/115 297/181/148 295/177/145
f 154/573/112 155/571/114 296/179/146 294/175/143
f 140/574/111 141/572/113 295/177/145 293/173/141
f 153/575/110 154/573/112 294/175/143 291/170/138
f 139/576/109 140/574/111 293/173/141 289/132/100
f 152/546/108 153/575/110 291/170/138 292/169/137
f 138/548/107 139/576/109 289/132/100 290/131/99
f 221/577/204 222/578/207 326/579/237 352/580/291
f 193/581/202 195/582/206 324/583/233 351/584/289
f 207/585/201 208/586/205 322/587/195 350/588/287
f 220/589/199 221/577/204 352/580/291 349/590/285
f 194/591/203 193/581/202 351/584/289 332/592/251
f 206/593/135 207/585/201 350/588/287 348/594/283
f 219/595/200 220/589/199 349/590/285 347/596/281
f 205/597/136 206/593/135 348/594/283 346/598/279
f 218/599/228 219/595/200 347/596/281 345/600/277
f 204/601/227 205/597/136 346/598/279 344/602/275
f 217/603/226 218/599/228 345/600/277 343/604/273
f 203/605/225 204/601/227 344/602/275 342/606/271
f 216/607/224 217/603/226 343/604/273 341/608/269
f 202/609/223 203/605/225 342/606/271 340/610/267
f 215/611/222 216/607/224 341/608/269 339/612/265
f 201/613/221 202/609/223 340/610/267 338/614/263
f 214/615/220 215/611/222 339/612/265 337/616/261
f 200/617/219 201/613/221 338/614/263 336/618/259
f 213/619/218 214/615/220 337/616/261 335/620/257
f 199/621/217 200/617/219 336/618/259 334/622/255
f 212/623/216 213/619/218 335/620/257 333/624/253
f 198/625/215 199/621/217 334/622/255 331/626/249
f 211/627/214 212/623/216 333/624/253 330/628/247
f 224/629/213 194/591/203 332/592/251 329/630/245
f 197/631/212 198/625/215 331/626/249 328/632/243
f 210/633/211 211/627/214 330/628/247 327/634/241
f 223/635/210 224/629/213 329/630/245 325/636/238
f 196/637/209 197/631/212 328/632/243 323/638/234
f 209/639/208 210/633/211 327/634/241 321/640/196
f 222/578/207 223/635/210 325/636/238 326/579/237
f 195/582/206 196/637/209 323/638/234 324/583/233
f 208/586/205 209/639/208 321/640/196 322/587/195
f 416/641/65 387/642/13 358/13/13 384/67/65
f 415/643/63 386/644/9 356/9/9 383/65/63
f 414/645/61 416/641/65 384/67/65 382/63/61
f 413/646/59 415/643/63 383/65/63 381/61/59
f 412/647/57 414/645/61 382/63/61 380/59/57
f 411/648/55 413/646/59 381/61/59 379/57/55
f 410/649/53 412/647/57 380/59/57 378/55/53
f 409/650/51 411/648/55 379/57/55 377/53/51
f 408/651/49 410/649/53 378/55/53 376/51/49
f 407/652/47 409/650/51 377/53/51 375/49/47
f 406/653/45 408/651/49 376/51/49 374/47/45
f 405/654/385 407/652/47 375/49/47 373/45/43
f 404/655/41 406/653/45 374/47/45 372/43/41
f 403/656/39 405/654/385 373/45/43 371/41/39
f 402/657/37 404/655/41 372/43/41 370/39/37
f 401/658/35 403/656/39 371/41/39 369/37/35
f 400/659/33 402/657/37 370/39/37 368/35/33
f 399/660/31 401/658/35 369/37/35 367/33/31
f 398/661/29 385/662/1 354/1/1 366/31/29
f 397/663/28 400/659/33 368/35/33 365/29/28
f 396/664/26 399/660/31 367/33/31 364/27/26
f 395/665/24 398/661/29 366/31/29 363/25/24
f 394/666/23 397/663/28 365/29/28 362/23/23
f 393/667/21 396/664/26 364/27/26 361/21/21
f 392/668/386 395/665/24 363/25/24 360/19/19
f 391/669/17 394/666/23 362/23/23 359/17/17
f 390/670/14 393/667/21 361/21/21 357/14/14
f 389/671/10 392/668/386 360/19/19 355/10/10
f 388/672/387 391/669/17 359/17/17 353/2/2
f 387/642/13 390/670/14 357/14/14 358/13/13
f 386/644/9 389/671/10 355/10/10 356/9/9
f 385/662/1 388/672/387 353/2/2 354/1/1
f 33/673/388 34/674/389 388/672/387 385/662/1
f 60/675/390 61/676/391 389/671/10 386/644/9
f 47/677/392 48/678/393 390/670/14 387/642/13
f 34/674/389 35/679/394 391/669/17 388/672/387
f 61/676/391 62/680/395 392/668/386 389/671/10
f 48/678/393 49/681/396 393/667/21 390/670/14
f 35/679/394 36/682/397 394/666/23 391/669/17
f 62/680/395 63/683/398 395/665/24 392/668/386
f 49/681/396 50/684/399 396/664/26 393/667/21
f 36/682/397 37/685/400 397/663/28 394/666/23
f 63/683/398 64/686/401 398/661/29 395/665/24
f 50/684/399 51/687/402 399/660/31 396/664/26
f 37/685/400 38/688/403 400/659/33 397/663/28
f 64/686/401 33/673/388 385/662/1 398/661/29
f 51/687/402 52/689/404 401/658/35 399/660/31
f 38/688/403 39/690/405 402/657/37 400/659/33
f 52/689/404 53/691/406 403/656/39 401/658/35
f 39/690/405 40/692/407 404/655/41 402/657/37
f 53/691/406 54/693/408 405/654/385 403/656/39
f 40/692/407 41/694/409 406/653/45 404/655/41
f 54/693/408 55/695/410 407/652/47 405/654/385
f 41/694/409 42/696/411 408/651/49 406/653/45
f 55/695/410 56/697/412 409/650/51 407/652/47
f 42/696/411 43/698/413 410/649/53 408/651/49
f 56/697/412 57/699/414 411/648/55 409/650/51
f 43/698/413 44/700/415 412/647/57 410/649/53
f 57/699/414 58/701/416 413/646/59 411/648/55
f 44/700/415 45/702/417 414/645/61 412/647/57
f 58/701/416 59/703/418 415/643/63 413/646/59
f 45/702/417 46/704/419 416/641/65 414/645/61
f 59/703/418 60/675/390 386/644/9 415/643/63
f 46/704/419 47/677/392 387/642/13 416/641/65
f 834/705/1 545/706/388 546/707/389 833/708/2
f 548/709/397 580/710/420 581/711/421 549/712/400
f 836/713/9 572/714/390 573/715/391 835/716/10
f 838/717/13 559/718/392 560/719/393 837/720/14
f 833/708/2 546/707/389 547/721/422 839/722/17
f 835/716/10 573/715/391 574/723/395 840/724/386
f 837/720/14 560/719/393 561/725/396 841/726/21
f 839/722/17 547/721/422 548/727/397 842/728/23
f 840/724/386 574/723/395 575/729/423 843/730/24
f 841/726/21 561/725/396 562/731/399 844/732/424
f 842/728/23 548/727/397 549/733/400 845/734/28
f 843/730/24 575/729/423 576/735/401 846/736/29
f 844/732/424 562/731/399 563/737/402 847/738/31
f 845/734/28 549/733/400 550/739/403 848/740/33
f 846/736/29 576/735/401 545/706/388 834/705/1
f 847/738/31 563/737/402 564/741/404 849/742/35
f 848/740/33 550/739/403 551/743/405 850/744/37
f 849/742/35 564/741/404 565/745/406 851/746/39
f 850/744/37 551/743/405 552/747/407 852/748/41
f 851/746/39 565/745/406 566/749/408 853/750/43
f 852/748/41 552/747/407 553/751/409 854/752/45
f 853/750/43 566/749/408 567/753/410 855/754/47
f 854/752/45 553/751/409 554/755/411 856/756/49
f 855/754/47 567/753/410 568/757/412 857/758/51
f 856/756/49 554/755/411 555/759/413 858/760/53
f 857/758/51 568/757/412 569/761/414 859/762/55
f 858/760/53 555/759/413 556/763/415 860/764/57
f 859/762/55 569/761/414 570/765/416 861/766/59
f 860/764/57 556/763/415 557/767/417 862/768/61
f 861/766/59 570/765/416 571/769/418 863/770/63
f 862/768/61 557/767/417 558/771/419 864/772/65
f 863/770/63 571/769/418 572/714/390 836/713/9
f 864/772/65 558/771/419 559/718/392 838/717/13
f 583/773/425 615/774/426 616/775/427 584/776/428
f 575/777/423 607/778/429 608/779/430 576/780/401
f 562/781/399 594/782/431 595/783/432 563/784/402
f 549/712/400 581/711/421 582/785/433 550/786/403
f 576/780/401 608/779/430 577/787/434 545/788/388
f 563/784/402 595/783/432 596/789/435 564/790/404
f 550/786/403 582/785/433 583/773/425 551/791/405
f 564/790/404 596/789/435 597/792/436 565/793/406
f 551/791/405 583/773/425 584/776/428 552/794/407
f 565/793/406 597/792/436 598/795/437 566/796/408
f 552/794/407 584/776/428 585/797/438 553/798/409
f 566/796/408 598/795/437 599/799/439 567/800/410
f 553/798/409 585/797/438 586/801/440 554/802/411
f 567/800/410 599/799/439 600/803/441 568/804/412
f 554/802/411 586/801/440 587/805/442 555/806/413
f 568/804/412 600/803/441 601/807/443 569/808/414
f 555/806/413 587/805/442 588/809/444 556/810/415
f 569/808/414 601/807/443 602/811/445 570/812/416
f 556/810/415 588/809/444 589/813/446 557/814/417
f 570/812/416 602/811/445 603/815/447 571/816/418
f 557/814/417 589/813/446 590/817/448 558/818/419
f 571/816/418 603/815/447 604/819/449 572/820/390
f 558/818/419 590/817/448 591/821/450 559/822/392
f 545/788/388 577/787/434 578/823/451 546/824/389
f 572/820/390 604/819/449 605/825/452 573/826/391
f 559/822/392 591/821/450 592/827/453 560/828/393
f 546/824/389 578/823/451 579/829/454 547/830/422
f 573/826/391 605/825/452 606/831/455 574/832/395
f 560/828/393 592/827/453 593/833/456 561/834/396
f 547/830/422 579/829/454 580/710/420 548/709/397
f 574/832/395 606/831/455 607/778/429 575/777/423
f 561/834/396 593/833/456 594/782/431 562/781/399
f 770/835/457 650/836/458 651/837/459 769/838/460
f 597/792/436 629/839/461 630/840/462 598/795/437
f 584/776/428 616/775/427 617/841/463 585/797/438
f 598/795/437 630/840/462 631/842/464 599/799/439
f 585/797/438 617/841/463 618/843/465 586/801/440
f 599/799/439 631/842/464 632/844/466 600/803/441
f 586/801/440 618/843/465 619/845/467 587/805/442
f 600/803/441 632/844/466 633/846/468 601/807/443
f 587/805/442 619/845/467 620/847/469 588/809/444
f 601/807/443 633/846/468 634/848/470 602/811/445
f 588/809/444 620/847/469 621/849/471 589/813/446
f 602/811/445 634/848/470 635/850/472 603/815/447
f 589/813/446 621/849/471 622/851/473 590/817/448
f 603/815/447 635/850/472 636/852/474 604/819/449
f 590/817/448 622/851/473 623/853/475 591/821/450
f 577/787/434 610/854/476 609/855/477 578/823/451
f 604/819/449 636/852/474 637/856/478 605/825/452
f 591/821/450 623/853/475 624/857/479 592/827/453
f 578/823/451 609/855/477 611/858/480 579/829/454
f 605/825/452 637/856/478 638/859/481 606/831/455
f 592/827/453 624/857/479 625/860/482 593/833/456
f 579/829/454 611/858/480 612/861/483 580/710/420
f 606/831/455 638/859/481 639/862/484 607/778/429
f 593/833/456 625/860/482 626/863/485 594/782/431
f 580/710/420 612/861/483 613/864/486 581/711/421
f 607/778/429 639/862/484 640/865/487 608/779/430
f 594/782/431 626/863/485 627/866/488 595/783/432
f 581/711/421 613/864/486 614/867/489 582/785/433
f 608/779/430 640/865/487 610/854/476 577/787/434
f 595/783/432 627/866/488 628/868/490 596/789/435
f 582/785/433 614/867/489 615/774/426 583/773/425
f 596/789/435 628/868/490 629/839/461 597/792/436
f 653/869/491 685/870/492 686/871/493 654/872/494
f 772/873/495 664/874/496 665/875/497 771/876/498
f 769/838/460 651/837/459 652/877/499 773/878/500
f 771/876/498 665/875/497 666/879/501 774/880/502
f 773/878/500 652/877/499 653/881/491 775/882/503
f 774/880/502 666/879/501 667/883/504 776/884/505
f 775/882/503 653/881/491 654/885/494 777/886/506
f 776/884/505 667/883/504 668/887/507 778/888/508
f 777/886/506 654/885/494 655/889/509 779/890/510
f 781/891/511 642/892/512 641/893/513 780/894/514
f 778/888/508 668/887/507 669/895/515 782/896/516
f 779/890/510 655/889/509 656/897/517 783/898/518
f 780/894/514 641/893/513 643/899/519 784/900/520
f 782/896/516 669/895/515 670/901/521 785/902/522
f 783/898/518 656/897/517 657/903/523 786/904/524
f 784/900/520 643/899/519 644/905/525 787/906/526
f 785/902/522 670/901/521 671/907/527 788/908/528
f 786/904/524 657/903/523 658/909/529 789/910/530
f 787/906/526 644/905/525 645/911/531 790/912/532
f 788/908/528 671/907/527 672/913/533 791/914/534
f 789/910/530 658/909/529 659/915/535 792/916/536
f 790/912/532 645/911/531 646/917/537 793/918/538
f 791/914/534 672/913/533 642/892/512 781/891/511
f 792/916/536 659/915/535 660/919/539 794/920/540
f 793/918/538 646/917/537 647/921/541 795/922/542
f 794/920/540 660/919/539 661/923/543 796/924/544
f 795/922/542 647/921/541 648/925/545 797/926/546
f 796/924/544 661/923/543 662/927/547 798/928/548
f 797/926/546 648/925/545 649/929/549 799/930/550
f 798/928/548 662/927/547 663/931/551 800/932/552
f 799/930/550 649/929/549 650/836/458 770/835/457
f 800/932/552 663/931/551 664/874/496 772/873/495
f 802/933/553 720/934/554 721/935/555 801/936/556
f 667/937/504 699/938/557 700/939/558 668/940/507
f 654/872/494 686/871/493 687/941/559 655/942/509
f 642/943/512 674/944/560 673/945/561 641/946/513
f 668/940/507 700/939/558 701/947/562 669/948/515
f 655/942/509 687/941/559 688/949/563 656/950/517
f 641/946/513 673/945/561 675/951/564 643/952/519
f 669/948/515 701/947/562 702/953/565 670/954/521
f 656/950/517 688/949/563 689/955/566 657/956/523
f 643/952/519 675/951/564 676/957/567 644/958/525
f 670/954/521 702/953/565 703/959/568 671/960/527
f 657/956/523 689/955/566 690/961/569 658/962/529
f 644/958/525 676/957/567 677/963/570 645/964/531
f 671/960/527 703/959/568 704/965/571 672/966/533
f 658/962/529 690/961/569 691/967/572 659/968/535
f 645/964/531 677/963/570 678/969/573 646/970/537
f 672/966/533 704/965/571 674/944/560 642/943/512
f 659/968/535 691/967/572 692/971/574 660/972/539
f 646/970/537 678/969/573 679/973/575 647/974/541
f 660/972/539 692/971/574 693/975/576 661/976/543
f 647/974/541 679/973/575 680/977/577 648/978/545
f 661/976/543 693/975/576 694/979/578 662/980/547
f 648/978/545 680/977/577 681/981/579 649/982/549
f 662/980/547 694/979/578 695/983/580 663/984/551
f 649/982/549 681/981/579 682/985/581 650/986/458
f 663/984/551 695/983/580 696/987/582 664/988/496
f 650/986/458 682/985/581 683/989/583 651/990/459
f 664/988/496 696/987/582 697/991/584 665/992/497
f 651/990/459 683/989/583 684/993/585 652/994/499
f 665/992/497 697/991/584 698/995/586 666/996/501
f 652/994/499 684/993/585 685/870/492 653/869/491
f 666/996/501 698/995/586 699/938/557 667/937/504
f 1323/997/587 756/998/588 757/999/589 1326/1000/590
f 804/1001/591 707/1002/592 708/1003/593 803/1004/594
f 806/1005/595 734/1006/596 735/1007/597 805/1008/598
f 801/936/556 721/935/555 722/1009/599 807/1010/600
f 803/1004/594 708/1003/593 709/1011/601 808/1012/602
f 805/1008/598 735/1007/597 736/1013/603 809/1014/604
f 807/1010/600 722/1009/599 723/1015/605 810/1016/606
f 808/1012/602 709/1011/601 710/1017/607 811/1018/608
f 809/1014/604 736/1013/603 706/1019/609 812/1020/610
f 810/1016/606 723/1015/605 724/1021/611 813/1022/612
f 811/1018/608 710/1017/607 711/1023/613 814/1024/614
f 813/1022/612 724/1021/611 725/1025/615 815/1026/616
f 814/1024/614 711/1023/613 712/1027/617 816/1028/618
f 815/1026/616 725/1025/615 726/1029/619 817/1030/620
f 816/1028/618 712/1027/617 713/1031/621 818/1032/622
f 817/1030/620 726/1029/619 727/1033/623 819/1034/624
f 818/1032/622 713/1031/621 714/1035/625 820/1036/626
f 819/1034/624 727/1033/623 728/1037/627 821/1038/628
f 820/1036/626 714/1035/625 715/1039/629 822/1040/630
f 821/1038/628 728/1037/627 729/1041/631 823/1042/632
f 822/1040/630 715/1039/629 716/1043/633 824/1044/634
f 823/1042/632 729/1041/631 730/1045/635 825/1046/636
f 824/1044/634 716/1043/633 717/1047/637 826/1048/638
f 825/1046/636 730/1045/635 731/1049/639 827/1050/640
f 826/1048/638 717/1047/637 718/1051/641 828/1052/642
f 827/1050/640 731/1049/639 732/1053/643 829/1054/644
f 828/1052/642 718/1051/641 719/1055/645 830/1056/646
f 812/1020/610 706/1019/609 705/1057/647 831/1058/648
f 829/1054/644 732/1053/643 733/1059/649 832/1060/650
f 830/1056/646 719/1055/645 720/934/554 802/933/553
f 831/1058/648 705/1057/647 707/1002/592 804/1001/591
f 832/1060/650 733/1059/649 734/1006/596 806/1005/595
f 1332/1061/651 759/1062/652 760/1063/653 1335/1064/654
f 1284/1065/655 743/1066/656 744/1067/657 1287/1068/658
f 1326/1000/590 757/999/589 758/1069/659 1329/1070/660
f 1287/1068/658 744/1067/657 745/1071/661 1290/1072/662
f 726/1073/619 1330/1074/663 1333/1075/664 727/1076/623
f 1290/1072/662 745/1071/661 746/1077/665 1293/1078/666
f 1329/1070/660 758/1069/659 759/1062/652 1332/1061/651
f 1293/1078/666 746/1077/665 747/1079/667 1296/1080/668
f 1335/1064/654 760/1063/653 761/1081/669 1338/1082/670
f 1296/1080/668 747/1079/667 748/1083/671 1299/1084/672
f 1338/1082/670 761/1081/669 762/1085/673 1341/1086/674
f 1299/1084/672 748/1083/671 749/1087/675 1302/1088/676
f 1341/1086/674 762/1085/673 763/1089/677 1344/1090/678
f 1302/1088/676 749/1087/675 750/1091/679 1305/1092/680
f 1344/1090/678 763/1089/677 764/1093/681 1347/1094/682
f 1305/1092/680 750/1091/679 751/1095/683 1308/1096/684
f 1347/1094/682 764/1093/681 765/1097/685 1350/1098/686
f 1308/1096/684 751/1095/683 752/1099/687 1311/1100/688
f 1266/1101/689 737/1102/690 739/1103/691 1272/1104/692
f 1350/1098/686 765/1097/685 766/1105/693 1353/1106/694
f 1311/1100/688 752/1099/687 753/1107/695 1314/1108/696
f 706/1109/609 1269/1110/697 1267/1111/698 705/1112/647
f 1353/1106/694 766/1105/693 767/1113/699 1356/1114/700
f 1314/1108/696 753/1107/695 754/1115/701 1317/1116/702
f 1275/1117/703 740/1118/704 741/1119/705 1278/1120/706
f 1356/1114/700 767/1113/699 768/1121/707 1359/1122/708
f 1317/1116/702 754/1115/701 755/1123/709 1320/1124/710
f 1278/1120/706 741/1119/705 742/1125/711 1281/1126/712
f 1320/1124/710 755/1123/709 756/998/588 1323/997/587
f 1281/1126/712 742/1125/711 743/1066/656 1284/1065/655
f 1272/1104/692 739/1103/691 740/1118/704 1275/1117/703
f 737/1127/690 738/1128/713 768/1129/707 767/1130/699 766/1131/693 765/1132/685 764/1133/681 763/1134/677 762/1135/673 761/1136/669 760/1137/653 759/1138/652 758/1139/659 757/1140/589 756/1141/588 755/1142/709 754/1143/701 753/1144/695 752/1145/687 751/1146/683 750/1147/679 749/1148/675 748/1149/671 747/1150/667 746/1151/665 745/1152/661 744/1153/657 743/1154/656 742/1155/711 741/1156/705 740/1157/704 739/1158/691
f 713/1159/621 1291/1160/714 1294/1161/715 714/1162/625
f 727/1076/623 1333/1075/664 1336/1163/716 728/1164/627
f 714/1162/625 1294/1161/715 1297/1165/717 715/1166/629
f 728/1164/627 1336/1163/716 1339/1167/718 729/1168/631
f 715/1166/629 1297/1165/717 1300/1169/719 716/1170/633
f 729/1168/631 1339/1167/718 1342/1171/720 730/1172/635
f 716/1170/633 1300/1169/719 1303/1173/721 717/1174/637
f 730/1172/635 1342/1171/720 1345/1175/722 731/1176/639
f 717/1174/637 1303/1173/721 1306/1177/723 718/1178/641
f 731/1176/639 1345/1175/722 1348/1179/724 732/1180/643
f 718/1178/641 1306/1177/723 1309/1181/725 719/1182/645
f 705/1112/647 1267/1111/698 1273/1183/726 707/1184/592
f 732/1180/643 1348/1179/724 1351/1185/727 733/1186/649
f 719/1182/645 1309/1181/725 1312/1187/728 720/1188/554
f 1359/1122/708 768/1121/707 738/1189/713 1270/1190/729
f 733/1186/649 1351/1185/727 1354/1191/730 734/1192/596
f 720/1188/554 1312/1187/728 1315/1193/731 721/1194/555
f 707/1184/592 1273/1183/726 1276/1195/732 708/1196/593
f 734/1192/596 1354/1191/730 1357/1197/733 735/1198/597
f 721/1194/555 1315/1193/731 1318/1199/734 722/1200/599
f 708/1196/593 1276/1195/732 1279/1201/735 709/1202/601
f 735/1198/597 1357/1197/733 1360/1203/736 736/1204/603
f 722/1200/599 1318/1199/734 1321/1205/737 723/1206/605
f 709/1202/601 1279/1201/735 1282/1207/738 710/1208/607
f 736/1204/603 1360/1203/736 1269/1110/697 706/1109/609
f 723/1206/605 1321/1205/737 1324/1209/739 724/1210/611
f 710/1208/607 1282/1207/738 1285/1211/740 711/1212/613
f 724/1210/611 1324/1209/739 1327/1213/741 725/1214/615
f 711/1212/613 1285/1211/740 1288/1215/742 712/1216/617
f 725/1214/615 1327/1213/741 1330/1074/663 726/1073/619
f 712/1216/617 1288/1215/742 1291/1160/714 713/1159/621
f 631/1217/464 800/932/552 772/873/495 632/1218/466
f 617/1219/463 799/930/550 770/835/457 618/1220/465
f 630/1221/462 798/928/548 800/932/552 631/1217/464
f 616/1222/427 797/926/546 799/930/550 617/1219/463
f 629/1223/461 796/924/544 798/928/548 630/1221/462
f 615/1224/426 795/922/542 797/926/546 616/1222/427
f 628/1225/490 794/920/540 796/924/544 629/1223/461
f 614/1226/489 793/918/538 795/922/542 615/1224/426
f 627/1227/488 792/916/536 794/920/540 628/1225/490
f 640/1228/487 791/914/534 781/891/511 610/1229/476
f 613/1230/486 790/912/532 793/918/538 614/1226/489
f 626/1231/485 789/910/530 792/916/536 627/1227/488
f 639/1232/484 788/908/528 791/914/534 640/1228/487
f 612/1233/483 787/906/526 790/912/532 613/1230/486
f 625/1234/482 786/904/524 789/910/530 626/1231/485
f 638/1235/481 785/902/522 788/908/528 639/1232/484
f 611/1236/480 784/900/520 787/906/526 612/1233/483
f 624/1237/479 783/898/518 786/904/524 625/1234/482
f 637/1238/478 782/896/516 785/902/522 638/1235/481
f 609/1239/477 780/894/514 784/900/520 611/1236/480
f 623/1240/475 779/890/510 783/898/518 624/1237/479
f 636/1241/474 778/888/508 782/896/516 637/1238/478
f 610/1229/476 781/891/511 780/894/514 609/1239/477
f 622/1242/473 777/886/506 779/890/510 623/1240/475
f 635/1243/472 776/884/505 778/888/508 636/1241/474
f 621/1244/471 775/882/503 777/886/506 622/1242/473
f 634/1245/470 774/880/502 776/884/505 635/1243/472
f 620/1246/469 773/878/500 775/882/503 621/1244/471
f 633/1247/468 771/876/498 774/880/502 634/1245/470
f 619/1248/467 769/838/460 773/878/500 620/1246/469
f 632/1218/466 772/873/495 771/876/498 633/1247/468
f 618/1220/465 770/835/457 769/838/460 619/1248/467
f 701/1249/562 832/1250/650 806/1251/595 702/1252/565
f 673/1253/561 831/1254/648 804/1255/591 675/1256/564
f 687/1257/559 830/1258/646 802/1259/553 688/1260/563
f 700/1261/558 829/1262/644 832/1250/650 701/1249/562
f 674/1263/560 812/1264/610 831/1254/648 673/1253/561
f 686/1265/493 828/1266/642 830/1258/646 687/1257/559
f 699/1267/557 827/1268/640 829/1262/644 700/1261/558
f 685/1269/492 826/1270/638 828/1266/642 686/1265/493
f 698/1271/586 825/1272/636 827/1268/640 699/1267/557
f 684/1273/585 824/1274/634 826/1270/638 685/1269/492
f 697/1275/584 823/1276/632 825/1272/636 698/1271/586
f 683/1277/583 822/1278/630 824/1274/634 684/1273/585
f 696/1279/582 821/1280/628 823/1276/632 697/1275/584
f 682/1281/581 820/1282/626 822/1278/630 683/1277/583
f 695/1283/580 819/1284/624 821/1280/628 696/1279/582
f 681/1285/579 818/1286/622 820/1282/626 682/1281/581
f 694/1287/578 817/1288/620 819/1284/624 695/1283/580
f 680/1289/577 816/1290/618 818/1286/622 681/1285/579
f 693/1291/576 815/1292/616 817/1288/620 694/1287/578
f 679/1293/575 814/1294/614 816/1290/618 680/1289/577
f 692/1295/574 813/1296/612 815/1292/616 693/1291/576
f 678/1297/573 811/1298/608 814/1294/614 679/1293/575
f 691/1299/572 810/1300/606 813/1296/612 692/1295/574
f 704/1301/571 809/1302/604 812/1264/610 674/1263/560
f 677/1303/570 808/1304/602 811/1298/608 678/1297/573
f 690/1305/569 807/1306/600 810/1300/606 691/1299/572
f 703/1307/568 805/1308/598 809/1302/604 704/1301/571
f 676/1309/567 803/1310/594 808/1304/602 677/1303/570
f 689/1311/566 801/1312/556 807/1306/600 690/1305/569
f 702/1252/565 806/1251/595 805/1308/598 703/1307/568
f 675/1256/564 804/1255/591 803/1310/594 676/1309/567
f 688/1260/563 802/1259/553 801/1312/556 689/1311/566
f 896/1313/65 864/772/65 838/717/13 867/1314/13
f 895/1315/63 863/770/63 836/713/9 866/1316/9
f 894/1317/61 862/768/61 864/772/65 896/1313/65
f 893/1318/59 861/766/59 863/770/63 895/1315/63
f 892/1319/57 860/764/57 862/768/61 894/1317/61
f 891/1320/55 859/762/55 861/766/59 893/1318/59
f 890/1321/53 858/760/53 860/764/57 892/1319/57
f 889/1322/51 857/758/51 859/762/55 891/1320/55
f 888/1323/49 856/756/49 858/760/53 890/1321/53
f 887/1324/47 855/754/47 857/758/51 889/1322/51
f 886/1325/45 854/752/45 856/756/49 888/1323/49
f 885/1326/43 853/750/43 855/754/47 887/1324/47
f 884/1327/41 852/748/41 854/752/45 886/1325/45
f 883/1328/39 851/746/39 853/750/43 885/1326/43
f 882/1329/37 850/744/37 852/748/41 884/1327/41
f 881/1330/35 849/742/35 851/746/39 883/1328/39
f 880/1331/33 848/740/33 850/744/37 882/1329/37
f 879/1332/31 847/738/31 849/742/35 881/1330/35
f 878/1333/29 846/736/29 834/705/1 865/1334/1
f 877/1335/28 845/734/28 848/740/33 880/1331/33
f 876/1336/424 844/732/424 847/738/31 879/1332/31
f 875/1337/24 843/730/24 846/736/29 878/1333/29
f 874/1338/23 842/728/23 845/734/28 877/1335/28
f 873/1339/21 841/726/21 844/732/424 876/1336/424
f 872/1340/19 840/724/386 843/730/24 875/1337/24
f 871/1341/17 839/722/17 842/728/23 874/1338/23
f 870/1342/14 837/720/14 841/726/21 873/1339/21
f 869/1343/743 835/716/10 840/724/386 872/1340/19
f 868/1344/2 833/708/2 839/722/17 871/1341/17
f 867/1314/13 838/717/13 837/720/14 870/1342/14
f 866/1316/9 836/713/9 835/716/10 869/1343/743
f 865/1334/1 834/705/1 833/708/2 868/1344/2
f 513/1345/744 865/1334/1 868/1344/2 514/1346/3
f 540/1347/12 866/1316/9 869/1343/743 541/1348/11
f 527/1349/16 867/1314/13 870/1342/14 528/1350/15
f 514/1346/3 868/1344/2 871/1341/17 515/1351/18
f 541/1348/11 869/1343/743 872/1340/19 542/1352/20
f 528/1350/15 870/1342/14 873/1339/21 529/1353/22
f 515/1351/18 871/1341/17 874/1338/23 516/1354/5
f 542/1352/20 872/1340/19 875/1337/24 543/1355/25
f 529/1353/22 873/1339/21 876/1336/424 530/1356/27
f 516/1354/5 874/1338/23 877/1335/28 517/1357/6
f 543/1355/25 875/1337/24 878/1333/29 544/1358/30
f 530/1356/27 876/1336/424 879/1332/31 531/1359/32
f 517/1357/6 877/1335/28 880/1331/33 518/1360/34
f 544/1358/30 878/1333/29 865/1334/1 513/1345/744
f 531/1359/32 879/1332/31 881/1330/35 532/1361/36
f 518/1360/34 880/1331/33 882/1329/37 519/1362/38
f 532/1361/36 881/1330/35 883/1328/39 533/1363/40
f 519/1362/38 882/1329/37 884/1327/41 520/1364/42
f 533/1363/40 883/1328/39 885/1326/43 534/1365/44
f 520/1364/42 884/1327/41 886/1325/45 521/1366/46
f 534/1365/44 885/1326/43 887/1324/47 535/1367/48
f 521/1366/46 886/1325/45 888/1323/49 522/1368/50
f 535/1367/48 887/1324/47 889/1322/51 536/1369/52
f 522/1368/50 888/1323/49 890/1321/53 523/1370/54
f 536/1369/52 889/1322/51 891/1320/55 537/1371/56
f 523/1370/54 890/1321/53 892/1319/57 524/1372/58
f 537/1371/56 891/1320/55 893/1318/59 538/1373/60
f 524/1372/58 892/1319/57 894/1317/61 525/1374/62
f 538/1373/60 893/1318/59 895/1315/63 539/1375/64
f 525/1374/62 894/1317/61 896/1313/65 526/1376/66
f 539/1375/64 895/1315/63 866/1316/9 540/1347/12
f 526/1376/66 896/1313/65 867/1314/13 527/1349/16
f 939/1377/745 938/1378/746 948/1379/747 949/1380/748
f 934/1381/749 935/1382/750 941/1383/751 942/1384/752
f 938/1378/746 937/1385/753 947/1386/754 948/1379/747
f 935/1382/750 1014/1387/755 1025/1388/756 941/1383/751
f 937/1385/753 936/1389/757 946/1390/758 947/1386/754
f 936/1389/757 1021/1391/759 1022/1392/760 946/1390/758
f 1067/1393/761 1021/1394/759 936/1395/757 974/1396/762
f 974/1396/762 936/1395/757 937/1397/753 975/1398/763
f 975/1398/763 937/1397/753 938/1399/746 976/1400/764
f 976/1400/764 938/1399/746 939/1401/745 977/1402/765
f 977/1402/765 939/1401/745 940/1403/766 978/1404/767
f 978/1404/767 940/1403/766 1020/1405/768 1073/1406/769
f 950/1407/770 941/1408/751 1025/1409/756 1035/1410/771
f 949/1411/748 942/1412/752 941/1408/751 950/1407/770
f 948/1413/747 943/1414/772 942/1412/752 949/1411/748
f 947/1415/754 944/1416/773 943/1414/772 948/1413/747
f 946/1417/758 945/1418/774 944/1416/773 947/1415/754
f 1022/1419/760 1023/1420/775 945/1418/774 946/1417/758
f 933/1421/776 934/1381/749 942/1384/752 943/1422/772
f 940/1423/766 939/1377/745 949/1380/748 950/1424/770
f 932/1425/777 933/1421/776 943/1422/772 944/1426/773
f 1020/1427/768 940/1423/766 950/1424/770 1035/1428/771
f 931/1429/778 932/1425/777 944/1426/773 945/1430/774
f 1008/1431/779 931/1429/778 945/1430/774 1023/1432/775
f 1042/1433/780 951/1434/781 958/1435/782 1004/1436/783
f 952/1437/784 953/1438/785 956/1439/786 957/1440/787
f 954/1441/788 955/1442/789 929/1443/790 930/1444/791
f 951/1434/781 952/1437/784 957/1440/787 958/1435/782
f 953/1438/785 954/1441/788 930/1444/791 956/1439/786
f 955/1442/789 1041/1445/792 1005/1446/793 929/1443/790
f 1004/1447/783 958/1448/782 957/1449/787 956/1450/786 930/1451/791 929/1452/790 1005/1453/793
f 935/1454/750 963/1455/794 1052/1456/795 1014/1457/755
f 934/1458/749 962/1459/796 963/1455/794 935/1454/750
f 933/1460/776 961/1461/797 962/1459/796 934/1458/749
f 932/1462/777 960/1463/798 961/1461/797 933/1460/776
f 931/1464/778 959/1465/799 960/1463/798 932/1462/777
f 1008/1466/779 1046/1467/800 959/1465/799 931/1464/778
f 983/1468/801 968/1469/802 1059/1470/803 1079/1471/804
f 982/1472/805 967/1473/806 968/1469/802 983/1468/801
f 981/1474/807 966/1475/808 967/1473/806 982/1472/805
f 980/1476/809 965/1477/810 966/1475/808 981/1474/807
f 979/1478/811 964/1479/812 965/1477/810 980/1476/809
f 1080/1480/813 1053/1481/814 964/1479/812 979/1478/811
f 970/1482/815 971/1483/816 993/1484/817 991/1485/818
f 968/1486/802 967/1487/806 996/1488/819 998/1489/820
f 971/1483/816 972/1490/821 995/1491/822 993/1484/817
f 1059/1492/803 968/1486/802 998/1489/820 1099/1493/823
f 972/1490/821 973/1494/824 997/1495/825 995/1491/822
f 973/1494/824 1066/1496/826 1098/1497/827 997/1495/825
f 955/1442/789 978/1404/767 1073/1406/769 1041/1445/792
f 954/1441/788 977/1402/765 978/1404/767 955/1442/789
f 953/1438/785 976/1400/764 977/1402/765 954/1441/788
f 952/1437/784 975/1398/763 976/1400/764 953/1438/785
f 951/1434/781 974/1396/762 975/1398/763 952/1437/784
f 1042/1433/780 1067/1393/761 974/1396/762 951/1434/781
f 1108/1498/828 1080/1480/813 979/1478/811 999/1499/829
f 999/1499/829 979/1478/811 980/1476/809 1000/1500/830
f 1000/1500/830 980/1476/809 981/1474/807 1001/1501/831
f 1001/1501/831 981/1474/807 982/1472/805 1002/1502/832
f 1002/1502/832 982/1472/805 983/1468/801 1003/1503/833
f 1003/1503/833 983/1468/801 1079/1471/804 1107/1504/834
f 973/1494/824 988/1505/835 1087/1506/836 1066/1496/826
f 972/1490/821 987/1507/837 988/1505/835 973/1494/824
f 971/1483/816 986/1508/838 987/1507/837 972/1490/821
f 970/1482/815 985/1509/839 986/1508/838 971/1483/816
f 969/1510/840 984/1511/841 985/1509/839 970/1482/815
f 1060/1512/842 1081/1513/843 984/1511/841 969/1510/840
f 998/1514/820 997/1515/825 1098/1516/827 1099/1517/823
f 996/1518/819 995/1519/822 997/1515/825 998/1514/820
f 994/1520/844 993/1521/817 995/1519/822 996/1518/819
f 992/1522/845 991/1523/818 993/1521/817 994/1520/844
f 990/1524/846 989/1525/847 991/1523/818 992/1522/845
f 1100/1526/848 1101/1527/849 989/1525/847 990/1524/846
f 967/1487/806 966/1528/808 994/1529/844 996/1488/819
f 969/1510/840 970/1482/815 991/1485/818 989/1530/847
f 966/1528/808 965/1531/810 992/1532/845 994/1529/844
f 1060/1512/842 969/1510/840 989/1530/847 1101/1533/849
f 965/1531/810 964/1534/812 990/1535/846 992/1532/845
f 964/1534/812 1053/1536/814 1100/1537/848 990/1535/846
f 963/1455/794 1003/1503/833 1107/1504/834 1052/1456/795
f 962/1459/796 1002/1502/832 1003/1503/833 963/1455/794
f 961/1461/797 1001/1501/831 1002/1502/832 962/1459/796
f 960/1463/798 1000/1500/830 1001/1501/831 961/1461/797
f 959/1465/799 999/1499/829 1000/1500/830 960/1463/798
f 1046/1467/800 1108/1498/828 999/1499/829 959/1465/799
f 1018/1538/850 1033/1539/851 1032/1540/852 1017/1541/853
f 1012/1542/854 1026/1543/855 1024/1544/856 1013/1545/857
f 1017/1541/853 1032/1540/852 1031/1546/858 1016/1547/859
f 1013/1545/857 1024/1544/856 1025/1548/756 1014/1387/755
f 1016/1547/859 1031/1546/858 1030/1549/860 1015/1550/861
f 1015/1550/861 1030/1549/860 1022/1551/760 1021/1552/759
f 1067/1553/761 1068/1554/862 1015/1555/861 1021/1394/759
f 1068/1554/862 1069/1556/863 1016/1557/859 1015/1555/861
f 1069/1556/863 1070/1558/864 1017/1559/853 1016/1557/859
f 1070/1558/864 1071/1560/865 1018/1561/850 1017/1559/853
f 1071/1560/865 1072/1562/866 1019/1563/867 1018/1561/850
f 1072/1562/866 1073/1564/769 1020/1565/768 1019/1563/867
f 1034/1566/868 1035/1567/771 1025/1568/756 1024/1569/856
f 1033/1570/851 1034/1566/868 1024/1569/856 1026/1571/855
f 1032/1572/852 1033/1570/851 1026/1571/855 1027/1573/869
f 1031/1574/858 1032/1572/852 1027/1573/869 1028/1575/870
f 1030/1576/860 1031/1574/858 1028/1575/870 1029/1577/871
f 1022/1578/760 1030/1576/860 1029/1577/871 1023/1579/775
f 1011/1580/872 1027/1581/869 1026/1543/855 1012/1542/854
f 1019/1582/867 1034/1583/868 1033/1539/851 1018/1538/850
f 1010/1584/873 1028/1585/870 1027/1581/869 1011/1580/872
f 1020/1586/768 1035/1587/771 1034/1583/868 1019/1582/867
f 1009/1588/874 1029/1589/871 1028/1585/870 1010/1584/873
f 1008/1590/779 1023/1591/775 1029/1589/871 1009/1588/874
f 1042/1592/780 1004/1593/783 1045/1594/875 1036/1595/876
f 1037/1596/877 1044/1597/878 1043/1598/879 1038/1599/880
f 1039/1600/881 1007/1601/882 1006/1602/883 1040/1603/884
f 1036/1595/876 1045/1594/875 1044/1597/878 1037/1596/877
f 1038/1599/880 1043/1598/879 1007/1601/882 1039/1600/881
f 1040/1603/884 1006/1602/883 1005/1604/793 1041/1605/792
f 1004/1606/783 1005/1607/793 1006/1608/883 1007/1609/882 1043/1610/879 1044/1611/878 1045/1612/875
f 1013/1613/857 1014/1614/755 1052/1615/795 1051/1616/885
f 1012/1617/854 1013/1613/857 1051/1616/885 1050/1618/886
f 1011/1619/872 1012/1617/854 1050/1618/886 1049/1620/887
f 1010/1621/873 1011/1619/872 1049/1620/887 1048/1622/888
f 1009/1623/874 1010/1621/873 1048/1622/888 1047/1624/889
f 1008/1625/779 1009/1623/874 1047/1624/889 1046/1626/800
f 1078/1627/890 1079/1628/804 1059/1629/803 1058/1630/891
f 1077/1631/892 1078/1627/890 1058/1630/891 1057/1632/893
f 1076/1633/894 1077/1631/892 1057/1632/893 1056/1634/895
f 1075/1635/896 1076/1633/894 1056/1634/895 1055/1636/897
f 1074/1637/898 1075/1635/896 1055/1636/897 1054/1638/899
f 1080/1639/813 1074/1637/898 1054/1638/899 1053/1640/814
f 1062/1641/900 1090/1642/901 1092/1643/902 1063/1644/903
f 1058/1645/891 1097/1646/904 1095/1647/905 1057/1648/893
f 1063/1644/903 1092/1643/902 1094/1649/906 1064/1650/907
f 1059/1651/803 1099/1652/823 1097/1646/904 1058/1645/891
f 1064/1650/907 1094/1649/906 1096/1653/908 1065/1654/909
f 1065/1654/909 1096/1653/908 1098/1655/827 1066/1656/826
f 1040/1603/884 1041/1605/792 1073/1564/769 1072/1562/866
f 1039/1600/881 1040/1603/884 1072/1562/866 1071/1560/865
f 1038/1599/880 1039/1600/881 1071/1560/865 1070/1558/864
f 1037/1596/877 1038/1599/880 1070/1558/864 1069/1556/863
f 1036/1595/876 1037/1596/877 1069/1556/863 1068/1554/862
f 1042/1592/780 1036/1595/876 1068/1554/862 1067/1553/761
f 1108/1657/828 1102/1658/910 1074/1637/898 1080/1639/813
f 1102/1658/910 1103/1659/911 1075/1635/896 1074/1637/898
f 1103/1659/911 1104/1660/912 1076/1633/894 1075/1635/896
f 1104/1660/912 1105/1661/913 1077/1631/892 1076/1633/894
f 1105/1661/913 1106/1662/914 1078/1627/890 1077/1631/892
f 1106/1662/914 1107/1663/834 1079/1628/804 1078/1627/890
f 1065/1654/909 1066/1656/826 1087/1664/836 1086/1665/915
f 1064/1650/907 1065/1654/909 1086/1665/915 1085/1666/916
f 1063/1644/903 1064/1650/907 1085/1666/916 1084/1667/917
f 1062/1641/900 1063/1644/903 1084/1667/917 1083/1668/918
f 1061/1669/919 1062/1641/900 1083/1668/918 1082/1670/920
f 1060/1671/842 1061/1669/919 1082/1670/920 1081/1672/843
f 1097/1673/904 1099/1674/823 1098/1675/827 1096/1676/908
f 1095/1677/905 1097/1673/904 1096/1676/908 1094/1678/906
f 1093/1679/921 1095/1677/905 1094/1678/906 1092/1680/902
f 1091/1681/922 1093/1679/921 1092/1680/902 1090/1682/901
f 1089/1683/923 1091/1681/922 1090/1682/901 1088/1684/924
f 1100/1685/848 1089/1683/923 1088/1684/924 1101/1686/849
f 1057/1648/893 1095/1647/905 1093/1687/921 1056/1688/895
f 1061/1669/919 1088/1689/924 1090/1642/901 1062/1641/900
f 1056/1688/895 1093/1687/921 1091/1690/922 1055/1691/897
f 1060/1671/842 1101/1692/849 1088/1689/924 1061/1669/919
f 1055/1691/897 1091/1690/922 1089/1693/923 1054/1694/899
f 1054/1694/899 1089/1693/923 1100/1695/848 1053/1696/814
f 1051/1616/885 1052/1615/795 1107/1663/834 1106/1662/914
f 1050/1618/886 1051/1616/885 1106/1662/914 1105/1661/913
f 1049/1620/887 1050/1618/886 1105/1661/913 1104/1660/912
f 1048/1622/888 1049/1620/887 1104/1660/912 1103/1659/911
f 1047/1624/889 1048/1622/888 1103/1659/911 1102/1658/910
f 1046/1626/800 1047/1624/889 1102/1658/910 1108/1657/828
f 1156/1697/925 1155/1698/926 1113/1699/927 1114/1700/928
f 1109/1701/55 1154/1702/929 1111/1703/930 1112/1704/931
f 1157/1705/932 1156/1697/925 1114/1700/928 1115/1706/933
f 1155/1698/926 1109/1701/55 1112/1704/931 1113/1699/927
f 1154/1702/929 1153/1707/934 1110/1708/935 1111/1703/930
f 1122/1709/21 1157/1705/932 1115/1706/933
f 1115/1706/933 1114/1700/928 1120/1710/936 1121/1711/937
f 1113/1699/927 1112/1704/931 1118/1712/938 1119/1713/939
f 1111/1703/930 1110/1708/935 1116/1714/940 1117/1715/941
f 1122/1709/21 1115/1706/933 1121/1711/937
f 1114/1700/928 1113/1699/927 1119/1713/939 1120/1710/936
f 1112/1704/931 1111/1703/930 1117/1715/941 1118/1712/938
f 1117/1715/941 1116/1714/940 1123/1716/942 1124/1717/943
f 1122/1709/21 1121/1711/937 1128/1718/944
f 1120/1710/936 1119/1713/939 1126/1719/945 1127/1720/946
f 1118/1712/938 1117/1715/941 1124/1717/943 1125/1721/947
f 1121/1711/937 1120/1710/936 1127/1720/946 1128/1718/944
f 1119/1713/939 1118/1712/938 1125/1721/947 1126/1719/945
f 1122/1709/21 1128/1718/944 1134/1722/948
f 1127/1720/946 1126/1719/945 1132/1723/949 1133/1724/950
f 1125/1721/947 1124/1717/943 1130/1725/951 1131/1726/45
f 1128/1718/944 1127/1720/946 1133/1724/950 1134/1722/948
f 1126/1719/945 1125/1721/947 1131/1726/45 1132/1723/949
f 1124/1717/943 1123/1716/942 1129/1727/952 1130/1725/951
f 1134/1722/948 1133/1724/950 1139/1728/953 1140/1729/954
f 1132/1723/949 1131/1726/45 1137/1730/955 1138/1731/956
f 1130/1725/951 1129/1727/952 1135/1732/957 1136/1733/958
f 1122/1709/21 1134/1722/948 1140/1729/954
f 1133/1724/950 1132/1723/949 1138/1731/956 1139/1728/953
f 1131/1726/45 1130/1725/951 1136/1733/958 1137/1730/955
f 1140/1729/954 1139/1728/953 1145/1734/959 1146/1735/960
f 1138/1731/956 1137/1730/955 1143/1736/961 1144/1737/962
f 1136/1733/958 1135/1732/957 1141/1738/963 1142/1739/964
f 1122/1709/21 1140/1729/954 1146/1735/960
f 1139/1728/953 1138/1731/956 1144/1737/962 1145/1734/959
f 1137/1730/955 1136/1733/958 1142/1739/964 1143/1736/961
f 1122/1709/21 1146/1735/960 1152/1740/965
f 1145/1734/959 1144/1737/962 1150/1741/966 1151/1742/967
f 1143/1736/961 1142/1739/964 1148/1743/968 1149/1744/969
f 1146/1735/960 1145/1734/959 1151/1742/967 1152/1740/965
f 1144/1737/962 1143/1736/961 1149/1744/969 1150/1741/966
f 1142/1739/964 1141/1738/963 1147/1745/970 1148/1743/968
f 1151/1742/967 1150/1741/966 1155/1698/926 1156/1697/925
f 1149/1744/969 1148/1743/968 1154/1702/929 1109/1701/55
f 1152/1740/965 1151/1742/967 1156/1697/925 1157/1705/932
f 1150/1741/966 1149/1744/969 1109/1701/55 1155/1698/926
f 1148/1743/968 1147/1745/970 1153/1707/934 1154/1702/929
f 1122/1709/21 1152/1740/965 1157/1705/932
f 1082/1746/920 1083/1747/918 1165/1748/971 1164/1749/972
f 1087/1750/836 988/1751/835 1162/1752/973 1169/1753/974
f 1085/1754/916 1086/1755/915 1168/1756/975 1167/1757/976
f 985/1758/839 984/1759/841 1158/1760/977 1159/1761/978
f 1081/1762/843 1082/1746/920 1164/1749/972 1163/1763/979
f 988/1751/835 987/1764/837 1161/1765/980 1162/1752/973
f 1084/1766/917 1085/1754/916 1167/1757/976 1166/1767/981
f 984/1759/841 1081/1762/843 1163/1763/979 1158/1760/977
f 987/1764/837 986/1768/838 1160/1769/982 1161/1765/980
f 1083/1747/918 1084/1766/917 1166/1767/981 1165/1748/971
f 1086/1755/915 1087/1750/836 1169/1753/974 1168/1756/975
f 986/1768/838 985/1758/839 1159/1761/978 1160/1769/982
f 1171/397/331 1173/406/340 1175/1770/983 1172/1771/984
f 1172/1771/984 1175/1770/983 1174/490/368 1170/489/367
f 1177/398/332 1171/397/331 1172/1771/984 1178/1772/985
f 1178/1772/985 1172/1771/984 1170/499/367 1176/498/371
f 1180/413/347 1177/398/332 1178/1772/985 1181/1773/986
f 1181/1773/986 1178/1772/985 1176/508/371 1179/507/374
f 1183/414/348 1180/413/347 1181/1773/986 1184/1774/987
f 1184/1774/987 1181/1773/986 1179/517/374 1182/516/377
f 1186/419/353 1183/414/348 1184/1774/987 1187/1775/988
f 1187/1775/988 1184/1774/987 1182/526/377 1185/525/380
f 1189/361/297 1186/419/353 1187/1775/988 1190/1776/989
f 1190/1776/989 1187/1775/988 1185/534/380 1188/533/382
f 1192/362/298 1189/361/297 1190/1776/989 1193/1777/990
f 1193/1777/990 1190/1776/989 1188/540/382 1191/539/384
f 1195/367/303 1192/362/298 1193/1777/990 1196/1778/991
f 1196/1778/991 1193/1777/990 1191/544/384 1194/543/356
f 1198/373/307 1195/367/303 1196/1778/991 1199/1779/992
f 1199/1779/992 1196/1778/991 1194/456/356 1197/455/355
f 1201/375/309 1198/373/307 1199/1779/992 1202/1780/993
f 1202/1780/993 1199/1779/992 1197/462/355 1200/461/358
f 1204/379/313 1201/375/309 1202/1780/993 1205/1781/994
f 1205/1781/994 1202/1780/993 1200/468/358 1203/467/360
f 1207/383/317 1204/379/313 1205/1781/994 1208/1782/995
f 1208/1782/995 1205/1781/994 1203/474/360 1206/473/362
f 1210/387/321 1207/383/317 1208/1782/995 1211/1783/996
f 1211/1783/996 1208/1782/995 1206/480/362 1209/479/364
f 1213/391/325 1210/387/321 1211/1783/996 1214/1784/997
f 1214/1784/997 1211/1783/996 1209/486/364 1212/485/366
f 1216/395/329 1213/391/325 1214/1784/997 1217/1785/998
f 1217/1785/998 1214/1784/997 1212/496/366 1215/495/370
f 1219/403/337 1216/395/329 1217/1785/998 1220/1786/999
f 1220/1786/999 1217/1785/998 1215/505/370 1218/504/373
f 1222/411/345 1219/403/337 1220/1786/999 1223/1787/1000
f 1223/1787/1000 1220/1786/999 1218/514/373 1221/513/376
f 1225/417/351 1222/411/345 1223/1787/1000 1226/1788/1001
f 1226/1788/1001 1223/1787/1000 1221/523/376 1224/522/379
f 1228/293/229 1225/417/351 1226/1788/1001 1229/1789/1002
f 1229/1789/1002 1226/1788/1001 1224/531/379 1227/530/381
f 1231/294/230 1228/293/229 1229/1789/1002 1232/1790/1003
f 1232/1790/1003 1229/1789/1002 1227/537/381 1230/536/383
f 1234/365/301 1231/294/230 1232/1790/1003 1235/1791/1004
f 1235/1791/1004 1232/1790/1003 1230/542/383 1233/541/306
f 1237/357/293 1234/365/301 1235/1791/1004 1238/1792/1005
f 1238/1792/1005 1235/1791/1004 1233/372/306 1236/371/305
f 1240/358/294 1237/357/293 1238/1792/1005 1241/1793/1006
f 1241/1793/1006 1238/1792/1005 1236/459/305 1239/458/357
f 1243/377/311 1240/358/294 1241/1793/1006 1244/1794/1007
f 1244/1794/1007 1241/1793/1006 1239/465/357 1242/464/359
f 1246/381/315 1243/377/311 1244/1794/1007 1247/1795/1008
f 1247/1795/1008 1244/1794/1007 1242/471/359 1245/470/361
f 1249/385/319 1246/381/315 1247/1795/1008 1250/1796/1009
f 1250/1796/1009 1247/1795/1008 1245/477/361 1248/476/363
f 1252/389/323 1249/385/319 1250/1796/1009 1253/1797/1010
f 1253/1797/1010 1250/1796/1009 1248/483/363 1251/482/365
f 1255/393/327 1252/389/323 1253/1797/1010 1256/1798/1011
f 1256/1798/1011 1253/1797/1010 1251/493/365 1254/492/369
f 1258/401/335 1255/393/327 1256/1798/1011 1259/1799/1012
f 1259/1799/1012 1256/1798/1011 1254/502/369 1257/501/372
f 1261/409/343 1258/401/335 1259/1799/1012 1262/1800/1013
f 1262/1800/1013 1259/1799/1012 1257/511/372 1260/510/375
f 1264/405/339 1261/409/343 1262/1800/1013 1265/1801/1014
f 1265/1801/1014 1262/1800/1013 1260/520/375 1263/519/378
f 1173/406/340 1264/405/339 1265/1801/1014 1175/1770/983
f 1175/1770/983 1265/1801/1014 1263/528/378 1174/527/368
f 1173/406/340 1171/397/331 257/400/334 258/407/341
f 1267/1111/698 1269/1110/697 1271/1802/1015 1268/1803/1016
f 1268/1803/1016 1271/1802/1015 1270/1190/729 1266/1101/689
f 1273/1183/726 1267/1111/698 1268/1803/1016 1274/1804/1017
f 1274/1804/1017 1268/1803/1016 1266/1101/689 1272/1104/692
f 1276/1195/732 1273/1183/726 1274/1804/1017 1277/1805/1018
f 1277/1805/1018 1274/1804/1017 1272/1104/692 1275/1117/703
f 1279/1201/735 1276/1195/732 1277/1805/1018 1280/1806/1019
f 1280/1806/1019 1277/1805/1018 1275/1117/703 1278/1120/706
f 1282/1207/738 1279/1201/735 1280/1806/1019 1283/1807/1020
f 1283/1807/1020 1280/1806/1019 1278/1120/706 1281/1126/712
f 1285/1211/740 1282/1207/738 1283/1807/1020 1286/1808/1021
f 1286/1808/1021 1283/1807/1020 1281/1126/712 1284/1065/655
f 1288/1215/742 1285/1211/740 1286/1808/1021 1289/1809/1022
f 1289/1809/1022 1286/1808/1021 1284/1065/655 1287/1068/658
f 1291/1160/714 1288/1215/742 1289/1809/1022 1292/1810/1023
f 1292/1810/1023 1289/1809/1022 1287/1068/658 1290/1072/662
f 1294/1161/715 1291/1160/714 1292/1810/1023 1295/1811/1024
f 1295/1811/1024 1292/1810/1023 1290/1072/662 1293/1078/666
f 1297/1165/717 1294/1161/715 1295/1811/1024 1298/1812/1025
f 1298/1812/1025 1295/1811/1024 1293/1078/666 1296/1080/668
f 1300/1169/719 1297/1165/717 1298/1812/1025 1301/1813/1026
f 1301/1813/1026 1298/1812/1025 1296/1080/668 1299/1084/672
f 1303/1173/721 1300/1169/719 1301/1813/1026 1304/1814/1027
f 1304/1814/1027 1301/1813/1026 1299/1084/672 1302/1088/676
f 1306/1177/723 1303/1173/721 1304/1814/1027 1307/1815/1028
f 1307/1815/1028 1304/1814/1027 1302/1088/676 1305/1092/680
f 1309/1181/725 1306/1177/723 1307/1815/1028 1310/1816/1029
f 1310/1816/1029 1307/1815/1028 1305/1092/680 1308/1096/684
f 1312/1187/728 1309/1181/725 1310/1816/1029 1313/1817/1030
f 1313/1817/1030 1310/1816/1029 1308/1096/684 1311/1100/688
f 1315/1193/731 1312/1187/728 1313/1817/1030 1316/1818/1031
f 1316/1818/1031 1313/1817/1030 1311/1100/688 1314/1108/696
f 1318/1199/734 1315/1193/731 1316/1818/1031 1319/1819/1032
f 1319/1819/1032 1316/1818/1031 1314/1108/696 1317/1116/702
f 1321/1205/737 1318/1199/734 1319/1819/1032 1322/1820/1033
f 1322/1820/1033 1319/1819/1032 1317/1116/702 1320/1124/710
f 1324/1209/739 1321/1205/737 1322/1820/1033 1325/1821/1034
f 1325/1821/1034 1322/1820/1033 1320/1124/710 1323/997/587
f 1327/1213/741 1324/1209/739 1325/1821/1034 1328/1822/1035
f 1328/1822/1035 1325/1821/1034 1323/997/587 1326/1000/590
f 1330/1074/663 1327/1213/741 1328/1822/1035 1331/1823/1036
f 1331/1823/1036 1328/1822/1035 1326/1000/590 1329/1070/660
f 1333/1075/664 1330/1074/663 1331/1823/1036 1334/1824/1037
f 1334/1824/1037 1331/1823/1036 1329/1070/660 1332/1061/651
f 1336/1163/716 1333/1075/664 1334/1824/1037 1337/1825/1038
f 1337/1825/1038 1334/1824/1037 1332/1061/651 1335/1064/654
f 1339/1167/718 1336/1163/716 1337/1825/1038 1340/1826/1039
f 1340/1826/1039 1337/1825/1038 1335/1064/654 1338/1082/670
f 1342/1171/720 1339/1167/718 1340/1826/1039 1343/1827/1040
f 1343/1827/1040 1340/1826/1039 1338/1082/670 1341/1086/674
f 1345/1175/722 1342/1171/720 1343/1827/1040 1346/1828/1041
f 1346/1828/1041 1343/1827/1040 1341/1086/674 1344/1090/678
f 1348/1179/724 1345/1175/722 1346/1828/1041 1349/1829/1042
f 1349/1829/1042 1346/1828/1041 1344/1090/678 1347/1094/682
f 1351/1185/727 1348/1179/724 1349/1829/1042 1352/1830/1043
f 1352/1830/1043 1349/1829/1042 1347/1094/682 1350/1098/686
f 1354/1191/730 1351/1185/727 1352/1830/1043 1355/1831/1044
f 1355/1831/1044 1352/1830/1043 1350/1098/686 1353/1106/694
f 1357/1197/733 1354/1191/730 1355/1831/1044 1358/1832/1045
f 1358/1832/1045 1355/1831/1044 1353/1106/694 1356/1114/700
f 1360/1203/736 1357/1197/733 1358/1832/1045 1361/1833/1046
f 1361/1833/1046 1358/1832/1045 1356/1114/700 1359/1122/708
f 1269/1110/697 1360/1203/736 1361/1833/1046 1271/1802/1015
f 1271/1802/1015 1361/1833/1046 1359/1122/708 1270/1190/729
f 1270/1190/729 738/1189/713 737/1102/690 1266/1101/689
usemtl Boki.002
f 25/1834/1047 26/1835/1048 58/1836/416 57/1837/414
f 418/1838/39 417/1839/43 22/1840/1049 21/1841/1050
f 420/1842/41 419/1843/45 9/1844/1051 8/1845/1052
f 417/1839/43 421/1846/47 23/1847/1053 22/1840/1049
f 419/1843/45 422/1848/49 10/1849/1054 9/1844/1051
f 421/1846/47 423/1850/51 24/1851/1055 23/1847/1053
f 422/1848/49 424/1852/53 11/1853/1056 10/1849/1054
f 423/1850/51 425/1854/55 25/1855/1047 24/1851/1055
f 424/1852/53 426/1856/57 12/1857/1057 11/1853/1056
f 425/1854/55 427/1858/59 26/1859/1048 25/1855/1047
f 426/1856/57 428/1860/61 13/1861/1058 12/1857/1057
f 427/1858/59 429/1862/63 27/1863/1059 26/1859/1048
f 428/1860/61 430/1864/65 14/1865/1060 13/1861/1058
f 429/1862/63 431/1866/9 28/1867/1061 27/1863/1059
f 430/1864/65 432/1868/13 15/1869/1062 14/1865/1060
f 434/1870/1 433/1871/2 2/1872/1063 1/1873/1064
f 431/1866/9 435/1874/10 29/1875/1065 28/1867/1061
f 432/1868/13 436/1876/14 16/1877/1066 15/1869/1062
f 433/1871/2 437/1878/17 3/1879/1067 2/1872/1063
f 435/1874/10 438/1880/19 30/1881/1068 29/1875/1065
f 436/1876/14 439/1882/21 17/1883/1069 16/1877/1066
f 437/1878/17 440/1884/23 4/1885/1070 3/1879/1067
f 438/1880/19 441/1886/24 31/1887/1071 30/1881/1068
f 439/1882/21 442/1888/424 18/1889/1072 17/1883/1069
f 440/1884/23 443/1890/28 5/1891/1073 4/1885/1070
f 441/1886/24 444/1892/29 32/1893/1074 31/1887/1071
f 442/1888/424 445/1894/31 19/1895/1075 18/1889/1072
f 443/1890/28 446/1896/33 6/1897/1076 5/1891/1073
f 444/1892/29 434/1870/1 1/1873/1064 32/1893/1074
f 445/1894/31 447/1898/35 20/1899/1077 19/1895/1075
f 446/1896/33 448/1900/37 7/1901/1078 6/1897/1076
f 447/1898/35 418/1838/39 21/1841/1050 20/1899/1077
f 448/1900/37 420/1842/41 8/1845/1052 7/1901/1078
f 12/1902/1057 13/1903/1058 45/1904/417 44/1905/415
f 26/1835/1048 27/1906/1059 59/1907/418 58/1836/416
f 13/1903/1058 14/1908/1060 46/1909/419 45/1904/417
f 27/1906/1059 28/1910/1061 60/1911/390 59/1907/418
f 14/1908/1060 15/1912/1062 47/1913/392 46/1909/419
f 1/1914/1064 2/1915/1063 34/1916/389 33/1917/388
f 28/1910/1061 29/1918/1065 61/1919/391 60/1911/390
f 15/1912/1062 16/1920/1066 48/1921/393 47/1913/392
f 2/1915/1063 3/1922/1067 35/1923/394 34/1916/389
f 29/1918/1065 30/1924/1068 62/1925/395 61/1919/391
f 16/1920/1066 17/1926/1069 49/1927/396 48/1921/393
f 3/1922/1067 4/1928/1070 36/1929/397 35/1923/394
f 30/1924/1068 31/1930/1071 63/1931/398 62/1925/395
f 17/1926/1069 18/1932/1072 50/1933/399 49/1927/396
f 4/1928/1070 5/1934/1073 37/1935/400 36/1929/397
f 31/1930/1071 32/1936/1074 64/1937/401 63/1931/398
f 18/1932/1072 19/1938/1075 51/1939/402 50/1933/399
f 5/1934/1073 6/1940/1076 38/1941/403 37/1935/400
f 32/1936/1074 1/1914/1064 33/1917/388 64/1937/401
f 19/1938/1075 20/1942/1077 52/1943/404 51/1939/402
f 6/1940/1076 7/1944/1078 39/1945/405 38/1941/403
f 20/1942/1077 21/1946/1050 53/1947/406 52/1943/404
f 7/1944/1078 8/1948/1052 40/1949/407 39/1945/405
f 21/1946/1050 22/1950/1049 54/1951/408 53/1947/406
f 8/1948/1052 9/1952/1051 41/1953/409 40/1949/407
f 22/1950/1049 23/1954/1053 55/1955/410 54/1951/408
f 9/1952/1051 10/1956/1054 42/1957/411 41/1953/409
f 23/1954/1053 24/1958/1055 56/1959/412 55/1955/410
f 10/1956/1054 11/1960/1056 43/1961/413 42/1957/411
f 24/1958/1055 25/1834/1047 57/1837/414 56/1959/412
f 11/1960/1056 12/1902/1057 44/1905/415 43/1961/413
f 455/1962/37 456/1963/41 420/1842/41 448/1900/37
f 468/1964/35 469/1965/39 418/1838/39 447/1898/35
f 454/1966/33 455/1962/37 448/1900/37 446/1896/33
f 467/1967/31 468/1964/35 447/1898/35 445/1894/31
f 480/1968/29 449/1969/1 434/1870/1 444/1892/29
f 453/1970/28 454/1966/33 446/1896/33 443/1890/28
f 466/1971/424 467/1967/31 445/1894/31 442/1888/424
f 479/1972/24 480/1968/29 444/1892/29 441/1886/24
f 452/1973/23 453/1970/28 443/1890/28 440/1884/23
f 465/1974/21 466/1971/424 442/1888/424 439/1882/21
f 478/1975/386 479/1972/24 441/1886/24 438/1880/19
f 451/1976/17 452/1973/23 440/1884/23 437/1878/17
f 464/1977/14 465/1974/21 439/1882/21 436/1876/14
f 477/1978/10 478/1975/386 438/1880/19 435/1874/10
f 450/1979/2 451/1976/17 437/1878/17 433/1871/2
f 463/1980/13 464/1977/14 436/1876/14 432/1868/13
f 476/1981/9 477/1978/10 435/1874/10 431/1866/9
f 449/1969/1 450/1979/2 433/1871/2 434/1870/1
f 462/1982/1079 463/1980/13 432/1868/13 430/1864/65
f 475/1983/63 476/1981/9 431/1866/9 429/1862/63
f 461/1984/61 462/1982/1079 430/1864/65 428/1860/61
f 474/1985/59 475/1983/63 429/1862/63 427/1858/59
f 460/1986/57 461/1984/61 428/1860/61 426/1856/57
f 473/1987/55 474/1985/59 427/1858/59 425/1854/55
f 459/1988/53 460/1986/57 426/1856/57 424/1852/53
f 472/1989/51 473/1987/55 425/1854/55 423/1850/51
f 458/1990/49 459/1988/53 424/1852/53 422/1848/49
f 471/1991/47 472/1989/51 423/1850/51 421/1846/47
f 457/1992/45 458/1990/49 422/1848/49 419/1843/45
f 470/1993/43 471/1991/47 421/1846/47 417/1839/43
f 456/1963/41 457/1992/45 419/1843/45 420/1842/41
f 469/1965/39 470/1993/43 417/1839/43 418/1838/39
f 505/1994/1080 537/1995/56 538/1996/60 506/1997/1081
f 898/1998/39 501/1999/1082 502/2000/1083 897/2001/43
f 900/2002/41 488/2003/1084 489/2004/1085 899/2005/45
f 897/2001/43 502/2000/1083 503/2006/1086 901/2007/47
f 899/2005/45 489/2004/1085 490/2008/1087 902/2009/49
f 901/2007/47 503/2006/1086 504/2010/1088 903/2011/51
f 902/2009/49 490/2008/1087 491/2012/1089 904/2013/53
f 903/2011/51 504/2010/1088 505/2014/1080 905/2015/55
f 904/2013/53 491/2012/1089 492/2016/1090 906/2017/57
f 905/2015/55 505/2014/1080 506/2018/1081 907/2019/59
f 906/2017/57 492/2016/1090 493/2020/1091 908/2021/61
f 907/2019/59 506/2018/1081 507/2022/1092 909/2023/63
f 908/2021/61 493/2020/1091 494/2024/1093 910/2025/65
f 909/2023/63 507/2022/1092 508/2026/1094 911/2027/9
f 910/2025/65 494/2024/1093 495/2028/1095 912/2029/13
f 914/2030/1 481/2031/1096 482/2032/1097 913/2033/2
f 911/2027/9 508/2026/1094 509/2034/1098 915/2035/10
f 912/2029/13 495/2028/1095 496/2036/1099 916/2037/14
f 913/2033/2 482/2032/1097 483/2038/1100 917/2039/17
f 915/2035/10 509/2034/1098 510/2040/1101 918/2041/386
f 916/2037/14 496/2036/1099 497/2042/1102 919/2043/21
f 917/2039/17 483/2038/1100 484/2044/1103 920/2045/23
f 918/2041/386 510/2040/1101 511/2046/1104 921/2047/24
f 919/2043/21 497/2042/1102 498/2048/1105 922/2049/26
f 920/2045/23 484/2044/1103 485/2050/1106 923/2051/28
f 921/2047/24 511/2046/1104 512/2052/1107 924/2053/29
f 922/2049/26 498/2048/1105 499/2054/1108 925/2055/31
f 923/2051/28 485/2050/1106 486/2056/1109 926/2057/33
f 924/2053/29 512/2052/1107 481/2031/1096 914/2030/1
f 925/2055/31 499/2054/1108 500/2058/1110 927/2059/35
f 926/2057/33 486/2056/1109 487/2060/1111 928/2061/37
f 927/2059/35 500/2058/1110 501/1999/1082 898/1998/39
f 928/2061/37 487/2060/1111 488/2003/1084 900/2002/41
f 492/2062/1090 524/2063/58 525/2064/62 493/2065/1091
f 506/1997/1081 538/1996/60 539/2066/64 507/2067/1092
f 493/2065/1091 525/2064/62 526/2068/66 494/2069/1093
f 507/2067/1092 539/2066/64 540/2070/12 508/2071/1094
f 494/2069/1093 526/2068/66 527/2072/16 495/2073/1095
f 481/2074/1096 513/2075/744 514/2076/3 482/2077/1097
f 508/2071/1094 540/2070/12 541/2078/11 509/2079/1098
f 495/2073/1095 527/2072/16 528/2080/15 496/2081/1099
f 482/2077/1097 514/2076/3 515/2082/18 483/2083/1100
f 509/2079/1098 541/2078/11 542/2084/20 510/2085/1101
f 496/2081/1099 528/2080/15 529/2086/22 497/2087/1102
f 483/2083/1100 515/2082/18 516/2088/5 484/2089/1103
f 510/2085/1101 542/2084/20 543/2090/25 511/2091/1104
f 497/2087/1102 529/2086/22 530/2092/27 498/2093/1105
f 484/2089/1103 516/2088/5 517/2094/6 485/2095/1106
f 511/2091/1104 543/2090/25 544/2096/30 512/2097/1107
f 498/2093/1105 530/2092/27 531/2098/32 499/2099/1108
f 485/2095/1106 517/2094/6 518/2100/34 486/2101/1109
f 512/2097/1107 544/2096/30 513/2075/744 481/2074/1096
f 499/2099/1108 531/2098/32 532/2102/36 500/2103/1110
f 486/2101/1109 518/2100/34 519/2104/38 487/2105/1111
f 500/2103/1110 532/2102/36 533/2106/40 501/2107/1082
f 487/2105/1111 519/2104/38 520/2108/42 488/2109/1084
f 501/2107/1082 533/2106/40 534/2110/44 502/2111/1083
f 488/2109/1084 520/2108/42 521/2112/46 489/2113/1085
f 502/2111/1083 534/2110/44 535/2114/48 503/2115/1086
f 489/2113/1085 521/2112/46 522/2116/50 490/2117/1087
f 503/2115/1086 535/2114/48 536/2118/52 504/2119/1088
f 490/2117/1087 522/2116/50 523/2120/54 491/2121/1089
f 504/2119/1088 536/2118/52 537/1995/56 505/1994/1080
f 491/2121/1089 523/2120/54 524/2063/58 492/2062/1090
f 455/1962/37 928/2061/37 900/2002/41 456/1963/41
f 468/1964/35 927/2059/35 898/1998/39 469/1965/39
f 454/1966/33 926/2057/33 928/2061/37 455/1962/37
f 467/1967/31 925/2055/31 927/2059/35 468/1964/35
f 480/1968/29 924/2053/29 914/2030/1 449/1969/1
f 453/1970/28 923/2051/28 926/2057/33 454/1966/33
f 466/1971/424 922/2049/26 925/2055/31 467/1967/31
f 479/1972/24 921/2047/24 924/2053/29 480/1968/29
f 452/1973/23 920/2045/23 923/2051/28 453/1970/28
f 465/1974/21 919/2043/21 922/2049/26 466/1971/424
f 478/1975/386 918/2041/386 921/2047/24 479/1972/24
f 451/1976/17 917/2039/17 920/2045/23 452/1973/23
f 464/1977/14 916/2037/14 919/2043/21 465/1974/21
f 477/1978/10 915/2035/10 918/2041/386 478/1975/386
f 450/1979/2 913/2033/2 917/2039/17 451/1976/17
f 463/1980/13 912/2029/13 916/2037/14 464/1977/14
f 476/1981/9 911/2027/9 915/2035/10 477/1978/10
f 449/1969/1 914/2030/1 913/2033/2 450/1979/2
f 462/1982/1079 910/2025/65 912/2029/13 463/1980/13
f 475/1983/63 909/2023/63 911/2027/9 476/1981/9
f 461/1984/61 908/2021/61 910/2025/65 462/1982/1079
f 474/1985/59 907/2019/59 909/2023/63 475/1983/63
f 460/1986/57 906/2017/57 908/2021/61 461/1984/61
f 473/1987/55 905/2015/55 907/2019/59 474/1985/59
f 459/1988/53 904/2013/53 906/2017/57 460/1986/57
f 472/1989/51 903/2011/51 905/2015/55 473/1987/55
f 458/1990/49 902/2009/49 904/2013/53 459/1988/53
f 471/1991/47 901/2007/47 903/2011/51 472/1989/51
f 457/1992/45 899/2005/45 902/2009/49 458/1990/49
f 470/1993/43 897/2001/43 901/2007/47 471/1991/47
f 456/1963/41 900/2002/41 899/2005/45 457/1992/45
f 469/1965/39 898/1998/39 897/2001/43 470/1993/43
f 1362/2122/938 1374/2123/1112 1375/2124/1113 1363/2125/1114
f 1363/2125/1114 1375/2124/1113 1376/2126/1115 1364/2127/1116
f 1364/2127/1116 1376/2126/1115 1377/2128/1117 1365/2129/1118
f 1365/2129/1118 1377/2128/1117 1378/2130/1119 1366/2131/1120
f 1366/2131/1120 1378/2130/1119 1379/2132/1121 1367/2133/1122
f 1367/2133/1122 1379/2132/1121 1380/2134/1123 1368/2135/961
f 1368/2136/961 1380/2137/1123 1381/2138/1124 1369/2139/1125
f 1369/2139/1125 1381/2138/1124 1382/2140/1126 1370/2141/1127
f 1370/2141/1127 1382/2140/1126 1383/2142/1128 1371/2143/1129
f 1371/2143/1129 1383/2142/1128 1384/2144/1130 1372/2145/1131
f 1372/2145/1131 1384/2144/1130 1385/2146/1132 1373/2147/1133
f 1373/2147/1133 1385/2146/1132 1374/2123/1112 1362/2122/938
f 1374/2123/1112 1386/2148/1134 1387/2149/1135 1375/2124/1113
f 1375/2124/1113 1387/2149/1135 1388/2150/1136 1376/2126/1115
f 1376/2126/1115 1388/2150/1136 1389/2151/1137 1377/2128/1117
f 1377/2128/1117 1389/2151/1137 1390/2152/1138 1378/2130/1119
f 1378/2130/1119 1390/2152/1138 1391/2153/1139 1379/2132/1121
f 1379/2132/1121 1391/2153/1139 1392/2154/1140 1380/2134/1123
f 1380/2137/1123 1392/2155/1140 1393/2156/1141 1381/2138/1124
f 1381/2138/1124 1393/2156/1141 1394/2157/1142 1382/2140/1126
f 1382/2140/1126 1394/2157/1142 1395/2158/1143 1383/2142/1128
f 1383/2142/1128 1395/2158/1143 1396/2159/1144 1384/2144/1130
f 1384/2144/1130 1396/2159/1144 1397/2160/1145 1385/2146/1132
f 1385/2146/1132 1397/2160/1145 1386/2148/1134 1374/2123/1112
f 1386/2148/1134 1398/2161/1146 1399/2162/1147 1387/2149/1135
f 1387/2149/1135 1399/2162/1147 1400/2163/1148 1388/2150/1136
f 1388/2150/1136 1400/2163/1148 1401/2164/1149 1389/2151/1137
f 1389/2151/1137 1401/2164/1149 1402/2165/1150 1390/2152/1138
f 1390/2152/1138 1402/2165/1150 1403/2166/1151 1391/2153/1139
f 1391/2153/1139 1403/2166/1151 1404/2167/1152 1392/2154/1140
f 1392/2155/1140 1404/2168/1152 1405/2169/1153 1393/2156/1141
f 1393/2156/1141 1405/2169/1153 1406/2170/1154 1394/2157/1142
f 1394/2157/1142 1406/2170/1154 1407/2171/1155 1395/2158/1143
f 1395/2158/1143 1407/2171/1155 1408/2172/1156 1396/2159/1144
f 1396/2159/1144 1408/2172/1156 1409/2173/1157 1397/2160/1145
f 1397/2160/1145 1409/2173/1157 1398/2161/1146 1386/2148/1134
f 1398/2161/1146 1410/2174/1158 1411/2175/1159 1399/2162/1147
f 1399/2162/1147 1411/2175/1159 1412/2176/1160 1400/2163/1148
f 1400/2163/1148 1412/2176/1160 1413/2177/1161 1401/2164/1149
f 1401/2164/1149 1413/2177/1161 1414/2178/1162 1402/2165/1150
f 1402/2165/1150 1414/2178/1162 1415/2179/1163 1403/2166/1151
f 1403/2166/1151 1415/2179/1163 1416/2180/1164 1404/2167/1152
f 1404/2168/1152 1416/2181/1164 1417/2182/1165 1405/2169/1153
f 1405/2169/1153 1417/2182/1165 1418/2183/1166 1406/2170/1154
f 1406/2170/1154 1418/2183/1166 1419/2184/1167 1407/2171/1155
f 1407/2171/1155 1419/2184/1167 1420/2185/1168 1408/2172/1156
f 1408/2172/1156 1420/2185/1168 1421/2186/1169 1409/2173/1157
f 1409/2173/1157 1421/2186/1169 1410/2174/1158 1398/2161/1146
f 1410/2174/1158 1422/2187/1170 1423/2188/1171 1411/2175/1159
f 1411/2175/1159 1423/2188/1171 1424/2189/1172 1412/2176/1160
f 1412/2176/1160 1424/2189/1172 1425/2190/1173 1413/2177/1161
f 1413/2177/1161 1425/2190/1173 1426/2191/1174 1414/2178/1162
f 1414/2178/1162 1426/2191/1174 1427/2192/1175 1415/2179/1163
f 1415/2179/1163 1427/2192/1175 1428/2193/1176 1416/2180/1164
f 1416/2181/1164 1428/2194/1176 1429/2195/1177 1417/2182/1165
f 1417/2182/1165 1429/2195/1177 1430/2196/1178 1418/2183/1166
f 1418/2183/1166 1430/2196/1178 1431/2197/1179 1419/2184/1167
f 1419/2184/1167 1431/2197/1179 1432/2198/1180 1420/2185/1168
f 1420/2185/1168 1432/2198/1180 1433/2199/1181 1421/2186/1169
f 1421/2186/1169 1433/2199/1181 1422/2187/1170 1410/2174/1158
f 1422/2187/1170 1434/2200/931 1435/2201/1182 1423/2188/1171
f 1423/2188/1171 1435/2201/1182 1436/2202/1183 1424/2189/1172
f 1424/2189/1172 1436/2202/1183 1437/2203/1184 1425/2190/1173
f 1425/2190/1173 1437/2203/1184 1438/2204/1185 1426/2191/1174
f 1426/2191/1174 1438/2204/1185 1439/2205/1186 1427/2192/1175
f 1427/2192/1175 1439/2205/1186 1440/2206/955 1428/2193/1176
f 1428/2194/1176 1440/2207/955 1441/2208/1187 1429/2195/1177
f 1429/2195/1177 1441/2208/1187 1442/2209/1188 1430/2196/1178
f 1430/2196/1178 1442/2209/1188 1443/2210/1189 1431/2197/1179
f 1431/2197/1179 1443/2210/1189 1444/2211/1190 1432/2198/1180
f 1432/2198/1180 1444/2211/1190 1445/2212/1191 1433/2199/1181
f 1433/2199/1181 1445/2212/1191 1434/2200/931 1422/2187/1170
f 1434/2200/931 1446/2213/1192 1447/2214/1193 1435/2201/1182
f 1435/2201/1182 1447/2214/1193 1448/2215/1194 1436/2202/1183
f 1436/2202/1183 1448/2215/1194 1449/2216/1195 1437/2203/1184
f 1437/2203/1184 1449/2216/1195 1450/2217/1196 1438/2204/1185
f 1438/2204/1185 1450/2217/1196 1451/2218/1197 1439/2205/1186
f 1439/2205/1186 1451/2218/1197 1452/2219/1198 1440/2206/955
f 1440/2207/955 1452/2220/1198 1453/2221/1199 1441/2208/1187
f 1441/2208/1187 1453/2221/1199 1454/2222/1200 1442/2209/1188
f 1442/2209/1188 1454/2222/1200 1455/2223/1201 1443/2210/1189
f 1443/2210/1189 1455/2223/1201 1456/2224/1202 1444/2211/1190
f 1444/2211/1190 1456/2224/1202 1457/2225/1203 1445/2212/1191
f 1445/2212/1191 1457/2225/1203 1446/2213/1192 1434/2200/931
f 1446/2213/1192 1458/2226/1204 1459/2227/1205 1447/2214/1193
f 1447/2214/1193 1459/2227/1205 1460/2228/1206 1448/2215/1194
f 1448/2215/1194 1460/2228/1206 1461/2229/1207 1449/2216/1195
f 1449/2216/1195 1461/2229/1207 1462/2230/1208 1450/2217/1196
f 1450/2217/1196 1462/2230/1208 1463/2231/1209 1451/2218/1197
f 1451/2218/1197 1463/2231/1209 1464/2232/1210 1452/2219/1198
f 1452/2220/1198 1464/2233/1210 1465/2234/1211 1453/2221/1199
f 1453/2221/1199 1465/2234/1211 1466/2235/1212 1454/2222/1200
f 1454/2222/1200 1466/2235/1212 1467/2236/1213 1455/2223/1201
f 1455/2223/1201 1467/2236/1213 1468/2237/1214 1456/2224/1202
f 1456/2224/1202 1468/2237/1214 1469/2238/1215 1457/2225/1203
f 1457/2225/1203 1469/2238/1215 1458/2226/1204 1446/2213/1192
f 1458/2226/1204 1470/2239/1216 1471/2240/1217 1459/2227/1205
f 1459/2227/1205 1471/2240/1217 1472/2241/1218 1460/2228/1206
f 1460/2228/1206 1472/2241/1218 1473/2242/1219 1461/2229/1207
f 1461/2229/1207 1473/2242/1219 1474/2243/1220 1462/2230/1208
f 1462/2230/1208 1474/2243/1220 1475/2244/1221 1463/2231/1209
f 1463/2231/1209 1475/2244/1221 1476/2245/1222 1464/2232/1210
f 1464/2233/1210 1476/2246/1222 1477/2247/1223 1465/2234/1211
f 1465/2234/1211 1477/2247/1223 1478/2248/1224 1466/2235/1212
f 1466/2235/1212 1478/2248/1224 1479/2249/1225 1467/2236/1213
f 1467/2236/1213 1479/2249/1225 1480/2250/1226 1468/2237/1214
f 1468/2237/1214 1480/2250/1226 1481/2251/1227 1469/2238/1215
f 1469/2238/1215 1481/2251/1227 1470/2239/1216 1458/2226/1204
f 1470/2239/1216 1482/2252/1228 1483/2253/1229 1471/2240/1217
f 1471/2240/1217 1483/2253/1229 1484/2254/1230 1472/2241/1218
f 1472/2241/1218 1484/2254/1230 1485/2255/1231 1473/2242/1219
f 1473/2242/1219 1485/2255/1231 1486/2256/1232 1474/2243/1220
f 1474/2243/1220 1486/2256/1232 1487/2257/1233 1475/2244/1221
f 1475/2244/1221 1487/2257/1233 1488/2258/1234 1476/2245/1222
f 1476/2246/1222 1488/2259/1234 1489/2260/1235 1477/2247/1223
f 1477/2247/1223 1489/2260/1235 1490/2261/1236 1478/2248/1224
f 1478/2248/1224 1490/2261/1236 1491/2262/1237 1479/2249/1225
f 1479/2249/1225 1491/2262/1237 1492/2263/1238 1480/2250/1226
f 1480/2250/1226 1492/2263/1238 1493/2264/1239 1481/2251/1227
f 1481/2251/1227 1493/2264/1239 1482/2252/1228 1470/2239/1216
f 1482/2252/1228 1494/2265/1240 1495/2266/1241 1483/2253/1229
f 1483/2253/1229 1495/2266/1241 1496/2267/1242 1484/2254/1230
f 1484/2254/1230 1496/2267/1242 1497/2268/1243 1485/2255/1231
f 1485/2255/1231 1497/2268/1243 1498/2269/1244 1486/2256/1232
f 1486/2256/1232 1498/2269/1244 1499/2270/1245 1487/2257/1233
f 1487/2257/1233 1499/2270/1245 1500/2271/1246 1488/2258/1234
f 1488/2259/1234 1500/2272/1246 1501/2273/1247 1489/2260/1235
f 1489/2260/1235 1501/2273/1247 1502/2274/1248 1490/2261/1236
f 1490/2261/1236 1502/2274/1248 1503/2275/1249 1491/2262/1237
f 1491/2262/1237 1503/2275/1249 1504/2276/1250 1492/2263/1238
f 1492/2263/1238 1504/2276/1250 1505/2277/1251 1493/2264/1239
f 1493/2264/1239 1505/2277/1251 1494/2265/1240 1482/2252/1228
f 1494/2265/1240 1506/2278/55 1507/2279/1252 1495/2266/1241
f 1495/2266/1241 1507/2279/1252 1508/2280/1253 1496/2267/1242
f 1496/2267/1242 1508/2280/1253 1509/2281/1254 1497/2268/1243
f 1497/2268/1243 1509/2281/1254 1510/2282/1255 1498/2269/1244
f 1498/2269/1244 1510/2282/1255 1511/2283/1256 1499/2270/1245
f 1499/2270/1245 1511/2283/1256 1512/2284/45 1500/2271/1246
f 1500/2272/1246 1512/2285/45 1513/2286/1257 1501/2273/1247
f 1501/2273/1247 1513/2286/1257 1514/2287/1258 1502/2274/1248
f 1502/2274/1248 1514/2287/1258 1515/2288/1259 1503/2275/1249
f 1503/2275/1249 1515/2288/1259 1516/2289/1260 1504/2276/1250
f 1504/2276/1250 1516/2289/1260 1517/2290/1261 1505/2277/1251
f 1505/2277/1251 1517/2290/1261 1506/2278/55 1494/2265/1240
f 1506/2278/55 1518/2291/1262 1519/2292/1263 1507/2279/1252
f 1507/2279/1252 1519/2292/1263 1520/2293/1264 1508/2280/1253
f 1508/2280/1253 1520/2293/1264 1521/2294/1265 1509/2281/1254
f 1509/2281/1254 1521/2294/1265 1522/2295/1266 1510/2282/1255
f 1510/2282/1255 1522/2295/1266 1523/2296/1267 1511/2283/1256
f 1511/2283/1256 1523/2296/1267 1524/2297/1268 1512/2284/45
f 1512/2285/45 1524/2298/1268 1525/2299/1269 1513/2286/1257
f 1513/2286/1257 1525/2299/1269 1526/2300/1270 1514/2287/1258
f 1514/2287/1258 1526/2300/1270 1527/2301/1271 1515/2288/1259
f 1515/2288/1259 1527/2301/1271 1528/2302/1272 1516/2289/1260
f 1516/2289/1260 1528/2302/1272 1529/2303/1273 1517/2290/1261
f 1517/2290/1261 1529/2303/1273 1518/2291/1262 1506/2278/55
f 1518/2291/1262 1530/2304/1274 1531/2305/1275 1519/2292/1263
f 1519/2292/1263 1531/2305/1275 1532/2306/1276 1520/2293/1264
f 1520/2293/1264 1532/2306/1276 1533/2307/1277 1521/2294/1265
f 1521/2294/1265 1533/2307/1277 1534/2308/1278 1522/2295/1266
f 1522/2295/1266 1534/2308/1278 1535/2309/1279 1523/2296/1267
f 1523/2296/1267 1535/2309/1279 1536/2310/1280 1524/2297/1268
f 1524/2298/1268 1536/2311/1280 1537/2312/1281 1525/2299/1269
f 1525/2299/1269 1537/2312/1281 1538/2313/1282 1526/2300/1270
f 1526/2300/1270 1538/2313/1282 1539/2314/1283 1527/2301/1271
f 1527/2301/1271 1539/2314/1283 1540/2315/1284 1528/2302/1272
f 1528/2302/1272 1540/2315/1284 1541/2316/1285 1529/2303/1273
f 1529/2303/1273 1541/2316/1285 1530/2304/1274 1518/2291/1262
f 1530/2304/1274 1542/2317/1286 1543/2318/1287 1531/2305/1275
f 1531/2305/1275 1543/2318/1287 1544/2319/1288 1532/2306/1276
f 1532/2306/1276 1544/2319/1288 1545/2320/1289 1533/2307/1277
f 1533/2307/1277 1545/2320/1289 1546/2321/1290 1534/2308/1278
f 1534/2308/1278 1546/2321/1290 1547/2322/1291 1535/2309/1279
f 1535/2309/1279 1547/2322/1291 1548/2323/1292 1536/2310/1280
f 1536/2311/1280 1548/2324/1292 1549/2325/1293 1537/2312/1281
f 1537/2312/1281 1549/2325/1293 1550/2326/1294 1538/2313/1282
f 1538/2313/1282 1550/2326/1294 1551/2327/1295 1539/2314/1283
f 1539/2314/1283 1551/2327/1295 1552/2328/1296 1540/2315/1284
f 1540/2315/1284 1552/2328/1296 1553/2329/1297 1541/2316/1285
f 1541/2316/1285 1553/2329/1297 1542/2317/1286 1530/2304/1274
f 1542/2317/1286 1554/2330/1298 1555/2331/1299 1543/2318/1287
f 1543/2318/1287 1555/2331/1299 1556/2332/1300 1544/2319/1288
f 1544/2319/1288 1556/2332/1300 1557/2333/1301 1545/2320/1289
f 1545/2320/1289 1557/2333/1301 1558/2334/1302 1546/2321/1290
f 1546/2321/1290 1558/2334/1302 1559/2335/1303 1547/2322/1291
f 1547/2322/1291 1559/2335/1303 1560/2336/1304 1548/2323/1292
f 1548/2324/1292 1560/2337/1304 1561/2338/1305 1549/2325/1293
f 1549/2325/1293 1561/2338/1305 1562/2339/1306 1550/2326/1294
f 1550/2326/1294 1562/2339/1306 1563/2340/1307 1551/2327/1295
f 1551/2327/1295 1563/2340/1307 1564/2341/1308 1552/2328/1296
f 1552/2328/1296 1564/2341/1308 1565/2342/1309 1553/2329/1297
f 1553/2329/1297 1565/2342/1309 1554/2330/1298 1542/2317/1286
f 1554/2330/1298 1566/2343/1310 1567/2344/1311 1555/2331/1299
f 1555/2331/1299 1567/2344/1311 1568/2345/1312 1556/2332/1300
f 1556/2332/1300 1568/2345/1312 1569/2346/1313 1557/2333/1301
f 1557/2333/1301 1569/2346/1313 1570/2347/1314 1558/2334/1302
f 1558/2334/1302 1570/2347/1314 1571/2348/1315 1559/2335/1303
f 1559/2335/1303 1571/2348/1315 1572/2349/1316 1560/2336/1304
f 1560/2337/1304 1572/2350/1316 1573/2351/1317 1561/2338/1305
f 1561/2338/1305 1573/2351/1317 1574/2352/1318 1562/2339/1306
f 1562/2339/1306 1574/2352/1318 1575/2353/1319 1563/2340/1307
f 1563/2340/1307 1575/2353/1319 1576/2354/1320 1564/2341/1308
f 1564/2341/1308 1576/2354/1320 1577/2355/1321 1565/2342/1309
f 1565/2342/1309 1577/2355/1321 1566/2343/1310 1554/2330/1298
f 1566/2343/1310 1578/2356/969 1579/2357/1322 1567/2344/1311
f 1567/2344/1311 1579/2357/1322 1580/2358/1323 1568/2345/1312
f 1568/2345/1312 1580/2358/1323 1581/2359/1324 1569/2346/1313
f 1569/2346/1313 1581/2359/1324 1582/2360/1325 1570/2347/1314
f 1570/2347/1314 1582/2360/1325 1583/2361/1326 1571/2348/1315
f 1571/2348/1315 1583/2361/1326 1584/2362/947 1572/2349/1316
f 1572/2350/1316 1584/2363/947 1585/2364/1327 1573/2351/1317
f 1573/2351/1317 1585/2364/1327 1586/2365/1328 1574/2352/1318
f 1574/2352/1318 1586/2365/1328 1587/2366/1329 1575/2353/1319
f 1575/2353/1319 1587/2366/1329 1588/2367/1330 1576/2354/1320
f 1576/2354/1320 1588/2367/1330 1589/2368/1331 1577/2355/1321
f 1577/2355/1321 1589/2368/1331 1578/2356/969 1566/2343/1310
f 1578/2356/969 1590/2369/1332 1591/2370/1333 1579/2357/1322
f 1579/2357/1322 1591/2370/1333 1592/2371/1334 1580/2358/1323
f 1580/2358/1323 1592/2371/1334 1593/2372/1335 1581/2359/1324
f 1581/2359/1324 1593/2372/1335 1594/2373/1336 1582/2360/1325
f 1582/2360/1325 1594/2373/1336 1595/2374/1337 1583/2361/1326
f 1583/2361/1326 1595/2374/1337 1596/2375/1338 1584/2362/947
f 1584/2363/947 1596/2376/1338 1597/2377/1339 1585/2364/1327
f 1585/2364/1327 1597/2377/1339 1598/2378/1340 1586/2365/1328
f 1586/2365/1328 1598/2378/1340 1599/2379/1341 1587/2366/1329
f 1587/2366/1329 1599/2379/1341 1600/2380/1342 1588/2367/1330
f 1588/2367/1330 1600/2380/1342 1601/2381/1343 1589/2368/1331
f 1589/2368/1331 1601/2381/1343 1590/2369/1332 1578/2356/969
f 1590/2369/1332 1602/2382/1344 1603/2383/1345 1591/2370/1333
f 1591/2370/1333 1603/2383/1345 1604/2384/1346 1592/2371/1334
f 1592/2371/1334 1604/2384/1346 1605/2385/1347 1593/2372/1335
f 1593/2372/1335 1605/2385/1347 1606/2386/1348 1594/2373/1336
f 1594/2373/1336 1606/2386/1348 1607/2387/1349 1595/2374/1337
f 1595/2374/1337 1607/2387/1349 1608/2388/1350 1596/2375/1338
f 1596/2376/1338 1608/2389/1350 1609/2390/1351 1597/2377/1339
f 1597/2377/1339 1609/2390/1351 1610/2391/1352 1598/2378/1340
f 1598/2378/1340 1610/2391/1352 1611/2392/1353 1599/2379/1341
f 1599/2379/1341 1611/2392/1353 1612/2393/1354 1600/2380/1342
f 1600/2380/1342 1612/2393/1354 1613/2394/1355 1601/2381/1343
f 1601/2381/1343 1613/2394/1355 1602/2382/1344 1590/2369/1332
f 1602/2382/1344 1614/2395/1356 1615/2396/1357 1603/2383/1345
f 1603/2383/1345 1615/2396/1357 1616/2397/1358 1604/2384/1346
f 1604/2384/1346 1616/2397/1358 1617/2398/1359 1605/2385/1347
f 1605/2385/1347 1617/2398/1359 1618/2399/1360 1606/2386/1348
f 1606/2386/1348 1618/2399/1360 1619/2400/1361 1607/2387/1349
f 1607/2387/1349 1619/2400/1361 1620/2401/1362 1608/2388/1350
f 1608/2389/1350 1620/2402/1362 1621/2403/1363 1609/2390/1351
f 1609/2390/1351 1621/2403/1363 1622/2404/1364 1610/2391/1352
f 1610/2391/1352 1622/2404/1364 1623/2405/1365 1611/2392/1353
f 1611/2392/1353 1623/2405/1365 1624/2406/1366 1612/2393/1354
f 1612/2393/1354 1624/2406/1366 1625/2407/1367 1613/2394/1355
f 1613/2394/1355 1625/2407/1367 1614/2395/1356 1602/2382/1344
f 1614/2395/1356 1626/2408/1368 1627/2409/1369 1615/2396/1357
f 1615/2396/1357 1627/2409/1369 1628/2410/1370 1616/2397/1358
f 1616/2397/1358 1628/2410/1370 1629/2411/1371 1617/2398/1359
f 1617/2398/1359 1629/2411/1371 1630/2412/1372 1618/2399/1360
f 1618/2399/1360 1630/2412/1372 1631/2413/1373 1619/2400/1361
f 1619/2400/1361 1631/2413/1373 1632/2414/1374 1620/2401/1362
f 1620/2402/1362 1632/2415/1374 1633/2416/1375 1621/2403/1363
f 1621/2403/1363 1633/2416/1375 1634/2417/1376 1622/2404/1364
f 1622/2404/1364 1634/2417/1376 1635/2418/1377 1623/2405/1365
f 1623/2405/1365 1635/2418/1377 1636/2419/1378 1624/2406/1366
f 1624/2406/1366 1636/2419/1378 1637/2420/1379 1625/2407/1367
f 1625/2407/1367 1637/2420/1379 1626/2408/1368 1614/2395/1356
f 1626/2408/1368 1638/2421/1380 1639/2422/1381 1627/2409/1369
f 1627/2409/1369 1639/2422/1381 1640/2423/1382 1628/2410/1370
f 1628/2410/1370 1640/2423/1382 1641/2424/1383 1629/2411/1371
f 1629/2411/1371 1641/2424/1383 1642/2425/1384 1630/2412/1372
f 1630/2412/1372 1642/2425/1384 1643/2426/1385 1631/2413/1373
f 1631/2413/1373 1643/2426/1385 1644/2427/1386 1632/2414/1374
f 1632/2415/1374 1644/2428/1386 1645/2429/1387 1633/2416/1375
f 1633/2416/1375 1645/2429/1387 1646/2430/1388 1634/2417/1376
f 1634/2417/1376 1646/2430/1388 1647/2431/1389 1635/2418/1377
f 1635/2418/1377 1647/2431/1389 1648/2432/1390 1636/2419/1378
f 1636/2419/1378 1648/2432/1390 1649/2433/1391 1637/2420/1379
f 1637/2420/1379 1649/2433/1391 1638/2421/1380 1626/2408/1368
f 1638/2421/1380 1650/2434/961 1651/2435/1392 1639/2422/1381
f 1639/2422/1381 1651/2435/1392 1652/2436/1393 1640/2423/1382
f 1640/2423/1382 1652/2436/1393 1653/2437/1394 1641/2424/1383
f 1641/2424/1383 1653/2437/1394 1654/2438/1395 1642/2425/1384
f 1642/2425/1384 1654/2438/1395 1655/2439/1396 1643/2426/1385
f 1643/2426/1385 1655/2439/1396 1656/2440/938 1644/2427/1386
f 1644/2428/1386 1656/2441/938 1657/2442/1397 1645/2429/1387
f 1645/2429/1387 1657/2442/1397 1658/2443/1398 1646/2430/1388
f 1646/2430/1388 1658/2443/1398 1659/2444/1399 1647/2431/1389
f 1647/2431/1389 1659/2444/1399 1660/2445/1400 1648/2432/1390
f 1648/2432/1390 1660/2445/1400 1661/2446/1401 1649/2433/1391
f 1649/2433/1391 1661/2446/1401 1650/2434/961 1638/2421/1380
f 1650/2447/961 1662/2448/1123 1663/2449/1402 1651/2450/1392
f 1651/2450/1392 1663/2449/1402 1664/2451/1403 1652/2452/1393
f 1652/2452/1393 1664/2451/1403 1665/2453/1404 1653/2454/1394
f 1653/2454/1394 1665/2453/1404 1666/2455/1405 1654/2456/1395
f 1654/2456/1395 1666/2455/1405 1667/2457/1406 1655/2458/1396
f 1655/2458/1396 1667/2457/1406 1668/2459/1112 1656/2460/938
f 1656/2461/938 1668/2462/1112 1669/2463/1407 1657/2464/1397
f 1657/2464/1397 1669/2463/1407 1670/2465/1408 1658/2466/1398
f 1658/2466/1398 1670/2465/1408 1671/2467/1409 1659/2468/1399
f 1659/2468/1399 1671/2467/1409 1672/2469/1410 1660/2470/1400
f 1660/2470/1400 1672/2469/1410 1673/2471/1411 1661/2472/1401
f 1661/2472/1401 1673/2471/1411 1662/2448/1123 1650/2447/961
f 1662/2448/1123 1674/2473/1140 1675/2474/1412 1663/2449/1402
f 1663/2449/1402 1675/2474/1412 1676/2475/1413 1664/2451/1403
f 1664/2451/1403 1676/2475/1413 1677/2476/1414 1665/2453/1404
f 1665/2453/1404 1677/2476/1414 1678/2477/1415 1666/2455/1405
f 1666/2455/1405 1678/2477/1415 1679/2478/1416 1667/2457/1406
f 1667/2457/1406 1679/2478/1416 1680/2479/1134 1668/2459/1112
f 1668/2462/1112 1680/2480/1134 1681/2481/1417 1669/2463/1407
f 1669/2463/1407 1681/2481/1417 1682/2482/1418 1670/2465/1408
f 1670/2465/1408 1682/2482/1418 1683/2483/1419 1671/2467/1409
f 1671/2467/1409 1683/2483/1419 1684/2484/1420 1672/2469/1410
f 1672/2469/1410 1684/2484/1420 1685/2485/1421 1673/2471/1411
f 1673/2471/1411 1685/2485/1421 1674/2473/1140 1662/2448/1123
f 1674/2473/1140 1686/2486/1152 1687/2487/1422 1675/2474/1412
f 1675/2474/1412 1687/2487/1422 1688/2488/1423 1676/2475/1413
f 1676/2475/1413 1688/2488/1423 1689/2489/1424 1677/2476/1414
f 1677/2476/1414 1689/2489/1424 1690/2490/1425 1678/2477/1415
f 1678/2477/1415 1690/2490/1425 1691/2491/1426 1679/2478/1416
f 1679/2478/1416 1691/2491/1426 1692/2492/1146 1680/2479/1134
f 1680/2480/1134 1692/2493/1146 1693/2494/1427 1681/2481/1417
f 1681/2481/1417 1693/2494/1427 1694/2495/1428 1682/2482/1418
f 1682/2482/1418 1694/2495/1428 1695/2496/1429 1683/2483/1419
f 1683/2483/1419 1695/2496/1429 1696/2497/1430 1684/2484/1420
f 1684/2484/1420 1696/2497/1430 1697/2498/1431 1685/2485/1421
f 1685/2485/1421 1697/2498/1431 1686/2486/1152 1674/2473/1140
f 1686/2486/1152 1698/2499/1164 1699/2500/1432 1687/2487/1422
f 1687/2487/1422 1699/2500/1432 1700/2501/1433 1688/2488/1423
f 1688/2488/1423 1700/2501/1433 1701/2502/1434 1689/2489/1424
f 1689/2489/1424 1701/2502/1434 1702/2503/1435 1690/2490/1425
f 1690/2490/1425 1702/2503/1435 1703/2504/1436 1691/2491/1426
f 1691/2491/1426 1703/2504/1436 1704/2505/1158 1692/2492/1146
f 1692/2493/1146 1704/2506/1158 1705/2507/1437 1693/2494/1427
f 1693/2494/1427 1705/2507/1437 1706/2508/1438 1694/2495/1428
f 1694/2495/1428 1706/2508/1438 1707/2509/1439 1695/2496/1429
f 1695/2496/1429 1707/2509/1439 1708/2510/1440 1696/2497/1430
f 1696/2497/1430 1708/2510/1440 1709/2511/1441 1697/2498/1431
f 1697/2498/1431 1709/2511/1441 1698/2499/1164 1686/2486/1152
f 1698/2499/1164 1710/2512/1176 1711/2513/1442 1699/2500/1432
f 1699/2500/1432 1711/2513/1442 1712/2514/1443 1700/2501/1433
f 1700/2501/1433 1712/2514/1443 1713/2515/1444 1701/2502/1434
f 1701/2502/1434 1713/2515/1444 1714/2516/1445 1702/2503/1435
f 1702/2503/1435 1714/2516/1445 1715/2517/1446 1703/2504/1436
f 1703/2504/1436 1715/2517/1446 1716/2518/1170 1704/2505/1158
f 1704/2506/1158 1716/2519/1170 1717/2520/1447 1705/2507/1437
f 1705/2507/1437 1717/2520/1447 1718/2521/1448 1706/2508/1438
f 1706/2508/1438 1718/2521/1448 1719/2522/1449 1707/2509/1439
f 1707/2509/1439 1719/2522/1449 1720/2523/1450 1708/2510/1440
f 1708/2510/1440 1720/2523/1450 1721/2524/1451 1709/2511/1441
f 1709/2511/1441 1721/2524/1451 1710/2512/1176 1698/2499/1164
f 1710/2512/1176 1722/2525/955 1723/2526/1452 1711/2513/1442
f 1711/2513/1442 1723/2526/1452 1724/2527/1453 1712/2514/1443
f 1712/2514/1443 1724/2527/1453 1725/2528/1454 1713/2515/1444
f 1713/2515/1444 1725/2528/1454 1726/2529/1455 1714/2516/1445
f 1714/2516/1445 1726/2529/1455 1727/2530/1456 1715/2517/1446
f 1715/2517/1446 1727/2530/1456 1728/2531/931 1716/2518/1170
f 1716/2519/1170 1728/2532/931 1729/2533/1457 1717/2520/1447
f 1717/2520/1447 1729/2533/1457 1730/2534/1458 1718/2521/1448
f 1718/2521/1448 1730/2534/1458 1731/2535/1459 1719/2522/1449
f 1719/2522/1449 1731/2535/1459 1732/2536/1460 1720/2523/1450
f 1720/2523/1450 1732/2536/1460 1733/2537/1461 1721/2524/1451
f 1721/2524/1451 1733/2537/1461 1722/2525/955 1710/2512/1176
f 1722/2525/955 1734/2538/1198 1735/2539/1462 1723/2526/1452
f 1723/2526/1452 1735/2539/1462 1736/2540/1463 1724/2527/1453
f 1724/2527/1453 1736/2540/1463 1737/2541/1464 1725/2528/1454
f 1725/2528/1454 1737/2541/1464 1738/2542/1465 1726/2529/1455
f 1726/2529/1455 1738/2542/1465 1739/2543/1466 1727/2530/1456
f 1727/2530/1456 1739/2543/1466 1740/2544/1467 1728/2531/931
f 1728/2532/931 1740/2545/1467 1741/2546/1468 1729/2533/1457
f 1729/2533/1457 1741/2546/1468 1742/2547/1469 1730/2534/1458
f 1730/2534/1458 1742/2547/1469 1743/2548/1470 1731/2535/1459
f 1731/2535/1459 1743/2548/1470 1744/2549/1471 1732/2536/1460
f 1732/2536/1460 1744/2549/1471 1745/2550/1472 1733/2537/1461
f 1733/2537/1461 1745/2550/1472 1734/2538/1198 1722/2525/955
f 1734/2538/1198 1746/2551/1210 1747/2552/1473 1735/2539/1462
f 1735/2539/1462 1747/2552/1473 1748/2553/1474 1736/2540/1463
f 1736/2540/1463 1748/2553/1474 1749/2554/1475 1737/2541/1464
f 1737/2541/1464 1749/2554/1475 1750/2555/1476 1738/2542/1465
f 1738/2542/1465 1750/2555/1476 1751/2556/1477 1739/2543/1466
f 1739/2543/1466 1751/2556/1477 1752/2557/1204 1740/2544/1467
f 1740/2545/1467 1752/2558/1204 1753/2559/1478 1741/2546/1468
f 1741/2546/1468 1753/2559/1478 1754/2560/1479 1742/2547/1469
f 1742/2547/1469 1754/2560/1479 1755/2561/1480 1743/2548/1470
f 1743/2548/1470 1755/2561/1480 1756/2562/1481 1744/2549/1471
f 1744/2549/1471 1756/2562/1481 1757/2563/1482 1745/2550/1472
f 1745/2550/1472 1757/2563/1482 1746/2551/1210 1734/2538/1198
f 1746/2551/1210 1758/2564/1222 1759/2565/1483 1747/2552/1473
f 1747/2552/1473 1759/2565/1483 1760/2566/1484 1748/2553/1474
f 1748/2553/1474 1760/2566/1484 1761/2567/1485 1749/2554/1475
f 1749/2554/1475 1761/2567/1485 1762/2568/1486 1750/2555/1476
f 1750/2555/1476 1762/2568/1486 1763/2569/1487 1751/2556/1477
f 1751/2556/1477 1763/2569/1487 1764/2570/1216 1752/2557/1204
f 1752/2558/1204 1764/2571/1216 1765/2572/1488 1753/2559/1478
f 1753/2559/1478 1765/2572/1488 1766/2573/1489 1754/2560/1479
f 1754/2560/1479 1766/2573/1489 1767/2574/1490 1755/2561/1480
f 1755/2561/1480 1767/2574/1490 1768/2575/1491 1756/2562/1481
f 1756/2562/1481 1768/2575/1491 1769/2576/1492 1757/2563/1482
f 1757/2563/1482 1769/2576/1492 1758/2564/1222 1746/2551/1210
f 1758/2564/1222 1770/2577/1234 1771/2578/1493 1759/2565/1483
f 1759/2565/1483 1771/2578/1493 1772/2579/1494 1760/2566/1484
f 1760/2566/1484 1772/2579/1494 1773/2580/1495 1761/2567/1485
f 1761/2567/1485 1773/2580/1495 1774/2581/1496 1762/2568/1486
f 1762/2568/1486 1774/2581/1496 1775/2582/1497 1763/2569/1487
f 1763/2569/1487 1775/2582/1497 1776/2583/1228 1764/2570/1216
f 1764/2571/1216 1776/2584/1228 1777/2585/1498 1765/2572/1488
f 1765/2572/1488 1777/2585/1498 1778/2586/1499 1766/2573/1489
f 1766/2573/1489 1778/2586/1499 1779/2587/1500 1767/2574/1490
f 1767/2574/1490 1779/2587/1500 1780/2588/1501 1768/2575/1491
f 1768/2575/1491 1780/2588/1501 1781/2589/1502 1769/2576/1492
f 1769/2576/1492 1781/2589/1502 1770/2577/1234 1758/2564/1222
f 1770/2577/1234 1782/2590/1246 1783/2591/1503 1771/2578/1493
f 1771/2578/1493 1783/2591/1503 1784/2592/1504 1772/2579/1494
f 1772/2579/1494 1784/2592/1504 1785/2593/1505 1773/2580/1495
f 1773/2580/1495 1785/2593/1505 1786/2594/1506 1774/2581/1496
f 1774/2581/1496 1786/2594/1506 1787/2595/1507 1775/2582/1497
f 1775/2582/1497 1787/2595/1507 1788/2596/1240 1776/2583/1228
f 1776/2584/1228 1788/2597/1240 1789/2598/1508 1777/2585/1498
f 1777/2585/1498 1789/2598/1508 1790/2599/1509 1778/2586/1499
f 1778/2586/1499 1790/2599/1509 1791/2600/1510 1779/2587/1500
f 1779/2587/1500 1791/2600/1510 1792/2601/1511 1780/2588/1501
f 1780/2588/1501 1792/2601/1511 1793/2602/1512 1781/2589/1502
f 1781/2589/1502 1793/2602/1512 1782/2590/1246 1770/2577/1234
f 1782/2590/1246 1794/2603/45 1795/2604/1513 1783/2591/1503
f 1783/2591/1503 1795/2604/1513 1796/2605/1514 1784/2592/1504
f 1784/2592/1504 1796/2605/1514 1797/2606/1515 1785/2593/1505
f 1785/2593/1505 1797/2606/1515 1798/2607/1516 1786/2594/1506
f 1786/2594/1506 1798/2607/1516 1799/2608/1517 1787/2595/1507
f 1787/2595/1507 1799/2608/1517 1800/2609/55 1788/2596/1240
f 1788/2597/1240 1800/2610/55 1801/2611/1518 1789/2598/1508
f 1789/2598/1508 1801/2611/1518 1802/2612/1519 1790/2599/1509
f 1790/2599/1509 1802/2612/1519 1803/2613/1520 1791/2600/1510
f 1791/2600/1510 1803/2613/1520 1804/2614/1521 1792/2601/1511
f 1792/2601/1511 1804/2614/1521 1805/2615/1522 1793/2602/1512
f 1793/2602/1512 1805/2615/1522 1794/2603/45 1782/2590/1246
f 1794/2603/45 1806/2616/1523 1807/2617/1524 1795/2604/1513
f 1795/2604/1513 1807/2617/1524 1808/2618/1525 1796/2605/1514
f 1796/2605/1514 1808/2618/1525 1809/2619/1526 1797/2606/1515
f 1797/2606/1515 1809/2619/1526 1810/2620/1527 1798/2607/1516
f 1798/2607/1516 1810/2620/1527 1811/2621/1528 1799/2608/1517
f 1799/2608/1517 1811/2621/1528 1812/2622/1529 1800/2609/55
f 1800/2610/55 1812/2623/1529 1813/2624/1530 1801/2611/1518
f 1801/2611/1518 1813/2624/1530 1814/2625/1531 1802/2612/1519
f 1802/2612/1519 1814/2625/1531 1815/2626/1532 1803/2613/1520
f 1803/2613/1520 1815/2626/1532 1816/2627/1533 1804/2614/1521
f 1804/2614/1521 1816/2627/1533 1817/2628/1534 1805/2615/1522
f 1805/2615/1522 1817/2628/1534 1806/2616/1523 1794/2603/45
f 1806/2616/1523 1818/2629/1280 1819/2630/1535 1807/2617/1524
f 1807/2617/1524 1819/2630/1535 1820/2631/1536 1808/2618/1525
f 1808/2618/1525 1820/2631/1536 1821/2632/1537 1809/2619/1526
f 1809/2619/1526 1821/2632/1537 1822/2633/1538 1810/2620/1527
f 1810/2620/1527 1822/2633/1538 1823/2634/1539 1811/2621/1528
f 1811/2621/1528 1823/2634/1539 1824/2635/1274 1812/2622/1529
f 1812/2623/1529 1824/2636/1274 1825/2637/1540 1813/2624/1530
f 1813/2624/1530 1825/2637/1540 1826/2638/1541 1814/2625/1531
f 1814/2625/1531 1826/2638/1541 1827/2639/1542 1815/2626/1532
f 1815/2626/1532 1827/2639/1542 1828/2640/1543 1816/2627/1533
f 1816/2627/1533 1828/2640/1543 1829/2641/1544 1817/2628/1534
f 1817/2628/1534 1829/2641/1544 1818/2629/1280 1806/2616/1523
f 1818/2629/1280 1830/2642/1292 1831/2643/1545 1819/2630/1535
f 1819/2630/1535 1831/2643/1545 1832/2644/1546 1820/2631/1536
f 1820/2631/1536 1832/2644/1546 1833/2645/1547 1821/2632/1537
f 1821/2632/1537 1833/2645/1547 1834/2646/1548 1822/2633/1538
f 1822/2633/1538 1834/2646/1548 1835/2647/1549 1823/2634/1539
f 1823/2634/1539 1835/2647/1549 1836/2648/1286 1824/2635/1274
f 1824/2636/1274 1836/2649/1286 1837/2650/1550 1825/2637/1540
f 1825/2637/1540 1837/2650/1550 1838/2651/1551 1826/2638/1541
f 1826/2638/1541 1838/2651/1551 1839/2652/1552 1827/2639/1542
f 1827/2639/1542 1839/2652/1552 1840/2653/1553 1828/2640/1543
f 1828/2640/1543 1840/2653/1553 1841/2654/1554 1829/2641/1544
f 1829/2641/1544 1841/2654/1554 1830/2642/1292 1818/2629/1280
f 1830/2642/1292 1842/2655/1304 1843/2656/1555 1831/2643/1545
f 1831/2643/1545 1843/2656/1555 1844/2657/1556 1832/2644/1546
f 1832/2644/1546 1844/2657/1556 1845/2658/1557 1833/2645/1547
f 1833/2645/1547 1845/2658/1557 1846/2659/1558 1834/2646/1548
f 1834/2646/1548 1846/2659/1558 1847/2660/1559 1835/2647/1549
f 1835/2647/1549 1847/2660/1559 1848/2661/1298 1836/2648/1286
f 1836/2649/1286 1848/2662/1298 1849/2663/1560 1837/2650/1550
f 1837/2650/1550 1849/2663/1560 1850/2664/1561 1838/2651/1551
f 1838/2651/1551 1850/2664/1561 1851/2665/1562 1839/2652/1552
f 1839/2652/1552 1851/2665/1562 1852/2666/1563 1840/2653/1553
f 1840/2653/1553 1852/2666/1563 1853/2667/1564 1841/2654/1554
f 1841/2654/1554 1853/2667/1564 1842/2655/1304 1830/2642/1292
f 1842/2655/1304 1854/2668/1316 1855/2669/1565 1843/2656/1555
f 1843/2656/1555 1855/2669/1565 1856/2670/1566 1844/2657/1556
f 1844/2657/1556 1856/2670/1566 1857/2671/1567 1845/2658/1557
f 1845/2658/1557 1857/2671/1567 1858/2672/1568 1846/2659/1558
f 1846/2659/1558 1858/2672/1568 1859/2673/1569 1847/2660/1559
f 1847/2660/1559 1859/2673/1569 1860/2674/1310 1848/2661/1298
f 1848/2662/1298 1860/2675/1310 1861/2676/1570 1849/2663/1560
f 1849/2663/1560 1861/2676/1570 1862/2677/1571 1850/2664/1561
f 1850/2664/1561 1862/2677/1571 1863/2678/1572 1851/2665/1562
f 1851/2665/1562 1863/2678/1572 1864/2679/1573 1852/2666/1563
f 1852/2666/1563 1864/2679/1573 1865/2680/1574 1853/2667/1564
f 1853/2667/1564 1865/2680/1574 1854/2668/1316 1842/2655/1304
f 1854/2668/1316 1866/2681/947 1867/2682/1575 1855/2669/1565
f 1855/2669/1565 1867/2682/1575 1868/2683/1576 1856/2670/1566
f 1856/2670/1566 1868/2683/1576 1869/2684/1577 1857/2671/1567
f 1857/2671/1567 1869/2684/1577 1870/2685/1578 1858/2672/1568
f 1858/2672/1568 1870/2685/1578 1871/2686/1579 1859/2673/1569
f 1859/2673/1569 1871/2686/1579 1872/2687/1580 1860/2674/1310
f 1860/2675/1310 1872/2688/1580 1873/2689/1581 1861/2676/1570
f 1861/2676/1570 1873/2689/1581 1874/2690/1582 1862/2677/1571
f 1862/2677/1571 1874/2690/1582 1875/2691/1583 1863/2678/1572
f 1863/2678/1572 1875/2691/1583 1876/2692/1584 1864/2679/1573
f 1864/2679/1573 1876/2692/1584 1877/2693/1585 1865/2680/1574
f 1865/2680/1574 1877/2693/1585 1866/2681/947 1854/2668/1316
f 1866/2681/947 1878/2694/1338 1879/2695/1586 1867/2682/1575
f 1867/2682/1575 1879/2695/1586 1880/2696/1587 1868/2683/1576
f 1868/2683/1576 1880/2696/1587 1881/2697/1588 1869/2684/1577
f 1869/2684/1577 1881/2697/1588 1882/2698/1589 1870/2685/1578
f 1870/2685/1578 1882/2698/1589 1883/2699/1590 1871/2686/1579
f 1871/2686/1579 1883/2699/1590 1884/2700/1332 1872/2687/1580
f 1872/2688/1580 1884/2701/1332 1885/2702/1591 1873/2689/1581
f 1873/2689/1581 1885/2702/1591 1886/2703/1592 1874/2690/1582
f 1874/2690/1582 1886/2703/1592 1887/2704/1593 1875/2691/1583
f 1875/2691/1583 1887/2704/1593 1888/2705/1594 1876/2692/1584
f 1876/2692/1584 1888/2705/1594 1889/2706/1595 1877/2693/1585
f 1877/2693/1585 1889/2706/1595 1878/2694/1338 1866/2681/947
f 1878/2694/1338 1890/2707/1350 1891/2708/1596 1879/2695/1586
f 1879/2695/1586 1891/2708/1596 1892/2709/1597 1880/2696/1587
f 1880/2696/1587 1892/2709/1597 1893/2710/1598 1881/2697/1588
f 1881/2697/1588 1893/2710/1598 1894/2711/1599 1882/2698/1589
f 1882/2698/1589 1894/2711/1599 1895/2712/1600 1883/2699/1590
f 1883/2699/1590 1895/2712/1600 1896/2713/1344 1884/2700/1332
f 1884/2701/1332 1896/2714/1344 1897/2715/1601 1885/2702/1591
f 1885/2702/1591 1897/2715/1601 1898/2716/1602 1886/2703/1592
f 1886/2703/1592 1898/2716/1602 1899/2717/1603 1887/2704/1593
f 1887/2704/1593 1899/2717/1603 1900/2718/1604 1888/2705/1594
f 1888/2705/1594 1900/2718/1604 1901/2719/1605 1889/2706/1595
f 1889/2706/1595 1901/2719/1605 1890/2707/1350 1878/2694/1338
f 1890/2707/1350 1902/2720/1362 1903/2721/1606 1891/2708/1596
f 1891/2708/1596 1903/2721/1606 1904/2722/1607 1892/2709/1597
f 1892/2709/1597 1904/2722/1607 1905/2723/1608 1893/2710/1598
f 1893/2710/1598 1905/2723/1608 1906/2724/1609 1894/2711/1599
f 1894/2711/1599 1906/2724/1609 1907/2725/1610 1895/2712/1600
f 1895/2712/1600 1907/2725/1610 1908/2726/1356 1896/2713/1344
f 1896/2714/1344 1908/2727/1356 1909/2728/1611 1897/2715/1601
f 1897/2715/1601 1909/2728/1611 1910/2729/1612 1898/2716/1602
f 1898/2716/1602 1910/2729/1612 1911/2730/1613 1899/2717/1603
f 1899/2717/1603 1911/2730/1613 1912/2731/1614 1900/2718/1604
f 1900/2718/1604 1912/2731/1614 1913/2732/1615 1901/2719/1605
f 1901/2719/1605 1913/2732/1615 1902/2720/1362 1890/2707/1350
f 1902/2720/1362 1914/2733/1374 1915/2734/1616 1903/2721/1606
f 1903/2721/1606 1915/2734/1616 1916/2735/1617 1904/2722/1607
f 1904/2722/1607 1916/2735/1617 1917/2736/1618 1905/2723/1608
f 1905/2723/1608 1917/2736/1618 1918/2737/1619 1906/2724/1609
f 1906/2724/1609 1918/2737/1619 1919/2738/1620 1907/2725/1610
f 1907/2725/1610 1919/2738/1620 1920/2739/1368 1908/2726/1356
f 1908/2727/1356 1920/2740/1368 1921/2741/1621 1909/2728/1611
f 1909/2728/1611 1921/2741/1621 1922/2742/1622 1910/2729/1612
f 1910/2729/1612 1922/2742/1622 1923/2743/1623 1911/2730/1613
f 1911/2730/1613 1923/2743/1623 1924/2744/1624 1912/2731/1614
f 1912/2731/1614 1924/2744/1624 1925/2745/1625 1913/2732/1615
f 1913/2732/1615 1925/2745/1625 1914/2733/1374 1902/2720/1362
f 1914/2733/1374 1926/2746/1386 1927/2747/1626 1915/2734/1616
f 1915/2734/1616 1927/2747/1626 1928/2748/1627 1916/2735/1617
f 1916/2735/1617 1928/2748/1627 1929/2749/1628 1917/2736/1618
f 1917/2736/1618 1929/2749/1628 1930/2750/1629 1918/2737/1619
f 1918/2737/1619 1930/2750/1629 1931/2751/1630 1919/2738/1620
f 1919/2738/1620 1931/2751/1630 1932/2752/1380 1920/2739/1368
f 1920/2740/1368 1932/2753/1380 1933/2754/1631 1921/2741/1621
f 1921/2741/1621 1933/2754/1631 1934/2755/1632 1922/2742/1622
f 1922/2742/1622 1934/2755/1632 1935/2756/1633 1923/2743/1623
f 1923/2743/1623 1935/2756/1633 1936/2757/1634 1924/2744/1624
f 1924/2744/1624 1936/2757/1634 1937/2758/1635 1925/2745/1625
f 1925/2745/1625 1937/2758/1635 1926/2746/1386 1914/2733/1374
f 1926/2746/1386 1362/2122/938 1363/2125/1114 1927/2747/1626
f 1927/2747/1626 1363/2125/1114 1364/2127/1116 1928/2748/1627
f 1928/2748/1627 1364/2127/1116 1365/2129/1118 1929/2749/1628
f 1929/2749/1628 1365/2129/1118 1366/2131/1120 1930/2750/1629
f 1930/2750/1629 1366/2131/1120 1367/2133/1122 1931/2751/1630
f 1931/2751/1630 1367/2133/1122 1368/2135/961 1932/2752/1380
f 1932/2753/1380 1368/2136/961 1369/2139/1125 1933/2754/1631
f 1933/2754/1631 1369/2139/1125 1370/2141/1127 1934/2755/1632
f 1934/2755/1632 1370/2141/1127 1371/2143/1129 1935/2756/1633
f 1935/2756/1633 1371/2143/1129 1372/2145/1131 1936/2757/1634
f 1936/2757/1634 1372/2145/1131 1373/2147/1133 1937/2758/1635
f 1937/2758/1635 1373/2147/1133 1362/2122/938 1926/2746/1386
o LowPolyTable_Circle.001
v 3.000014 -2.690331 -0.185241
v 2.784510 -2.690383 -0.164016
v 2.577289 -2.690482 -0.101156
v 2.386312 -2.690623 0.000923
v 2.218920 -2.690800 0.138299
v 2.081544 -2.691007 0.305691
v 1.979465 -2.691233 0.496668
v 1.916605 -2.691471 0.703890
v 1.895380 -2.691711 0.919393
v 1.916605 -2.691943 1.134897
v 1.979465 -2.692159 1.342118
v 2.081544 -2.692352 1.533095
v 2.218920 -2.692514 1.700488
v 2.386312 -2.692639 1.837863
v 2.577289 -2.692724 1.939942
v 2.784511 -2.692766 2.002802
v 3.000014 -2.692763 2.024027
v 3.215518 -2.692715 2.002802
v 3.422740 -2.692624 1.939942
v 3.613717 -2.692493 1.837863
v 3.781109 -2.692327 1.700487
v 3.918484 -2.692131 1.533095
v 4.020564 -2.691912 1.342118
v 4.083423 -2.691678 1.134896
v 4.104649 -2.691438 0.919392
v 4.083423 -2.691201 0.703889
v 4.020563 -2.690977 0.496667
v 3.918483 -2.690774 0.305690
v 3.781107 -2.690601 0.138298
v 3.613715 -2.690465 0.000922
v 3.422738 -2.690373 -0.101157
v 3.215516 -2.690327 -0.164016
v 2.773165 -2.800407 -0.202752
v 2.998872 -2.800407 -0.224982
v 2.556133 -2.800407 -0.136916
v 2.356115 -2.800407 -0.030005
v 2.180798 -2.800407 0.113875
v 2.036919 -2.800407 0.289192
v 1.930007 -2.800407 0.489210
v 1.864171 -2.800407 0.706242
v 1.841941 -2.800407 0.931948
v 1.864171 -2.800407 1.157654
v 1.930007 -2.800407 1.374686
v 2.036919 -2.800407 1.574704
v 2.180798 -2.800407 1.750021
v 2.356115 -2.800407 1.893900
v 2.556134 -2.800407 2.000813
v 2.773166 -2.800407 2.066648
v 2.998872 -2.800407 2.088878
v 3.224578 -2.800407 2.066648
v 3.441610 -2.800407 2.000812
v 3.641628 -2.800407 1.893900
v 3.816945 -2.800407 1.750021
v 3.960824 -2.800407 1.574703
v 4.067736 -2.800407 1.374685
v 4.133572 -2.800407 1.157653
v 4.155802 -2.800407 0.931947
v 4.133572 -2.800407 0.706241
v 4.067735 -2.800407 0.489209
v 3.960823 -2.800407 0.289191
v 3.816944 -2.800407 0.113873
v 3.641626 -2.800407 -0.030006
v 3.441608 -2.800407 -0.136917
v 3.224576 -2.800407 -0.202753
v 2.769106 -3.041149 -0.223386
v 2.998885 -3.041149 -0.246018
v 2.548156 -3.041149 -0.156362
v 2.344528 -3.041149 -0.047521
v 2.166046 -3.041149 0.098955
v 2.019570 -3.041149 0.277437
v 1.910729 -3.041149 0.481065
v 1.843704 -3.041149 0.702015
v 1.821073 -3.041149 0.931795
v 1.843704 -3.041149 1.161574
v 1.910729 -3.041149 1.382524
v 2.019570 -3.041149 1.586152
v 2.166046 -3.041149 1.764634
v 2.344528 -3.041149 1.911110
v 2.548156 -3.041149 2.019951
v 2.769106 -3.041149 2.086976
v 2.998886 -3.041149 2.109607
v 3.228666 -3.041149 2.086976
v 3.449615 -3.041149 2.019951
v 3.653244 -3.041149 1.911109
v 3.831725 -3.041149 1.764633
v 3.978201 -3.041149 1.586151
v 4.087043 -3.041149 1.382523
v 4.154067 -3.041149 1.161573
v 4.176698 -3.041149 0.931793
v 4.154066 -3.041149 0.702014
v 4.087042 -3.041149 0.481064
v 3.978200 -3.041149 0.277436
v 3.831723 -3.041149 0.098954
v 3.653242 -3.041149 -0.047522
v 3.449613 -3.041149 -0.156363
v 3.228663 -3.041149 -0.223387
v 3.450233 -2.920114 -0.157859
v 3.654142 -2.920113 -0.048868
v 3.228982 -2.920114 2.088564
v 2.998886 -2.920113 2.111227
v 2.164901 -2.920114 0.097810
v 2.343628 -2.920113 -0.048867
v 3.228980 -2.920114 -0.224975
v 3.450235 -2.920114 2.021448
v 2.018223 -2.920114 0.276537
v 2.998885 -2.920114 -0.247638
v 3.654143 -2.920114 1.912456
v 1.909232 -2.920114 0.480445
v 3.832870 -2.920114 1.765779
v 1.842116 -2.920114 0.701699
v 3.979548 -2.920114 1.587051
v 1.819453 -2.920114 0.931795
v 4.088539 -2.920114 1.383143
v 1.842116 -2.920114 1.161890
v 4.155655 -2.920114 1.161889
v 1.909232 -2.920114 1.383144
v 4.178318 -2.920114 0.931793
v 2.018223 -2.920114 1.587052
v 4.155655 -2.920114 0.701698
v 2.164901 -2.920114 1.765779
v 4.088538 -2.920114 0.480444
v 2.343628 -2.920114 1.912457
v 3.979547 -2.920114 0.276536
v 2.547536 -2.920114 2.021448
v 2.768790 -2.920114 -0.224975
v 3.832869 -2.920114 0.097809
v 2.768790 -2.920114 2.088564
v 2.547536 -2.920114 -0.157859
v 2.809281 -2.584827 -0.050755
v 3.000824 -2.584827 -0.069620
v 2.625099 -2.584827 0.005116
v 2.455356 -2.584827 0.095846
v 2.306574 -2.584827 0.217947
v 2.184473 -2.584827 0.366729
v 2.093743 -2.584827 0.536472
v 2.037872 -2.584827 0.720654
v 2.019007 -2.584827 0.912197
v 2.037872 -2.584827 1.103740
v 2.093743 -2.584827 1.287923
v 2.184473 -2.584827 1.457666
v 2.306574 -2.584827 1.606447
v 2.455356 -2.584827 1.728549
v 2.625099 -2.584827 1.819279
v 2.809281 -2.584827 1.875150
v 3.000825 -2.584827 1.894015
v 3.192368 -2.584827 1.875149
v 3.376550 -2.584827 1.819278
v 3.546293 -2.584827 1.728549
v 3.695075 -2.584827 1.606447
v 3.817176 -2.584827 1.457665
v 3.907906 -2.584827 1.287922
v 3.963777 -2.584827 1.103740
v 3.982642 -2.584827 0.912196
v 3.963776 -2.584827 0.720653
v 3.907905 -2.584827 0.536471
v 3.817175 -2.584827 0.366728
v 3.695073 -2.584827 0.217947
v 3.546292 -2.584827 0.095845
v 3.376548 -2.584827 0.005116
v 3.192366 -2.584827 -0.050755
v 2.813359 -2.569866 -0.030256
v 3.000824 -2.569866 -0.048720
v 2.633097 -2.569866 0.024425
v 2.466967 -2.569866 0.113224
v 2.321353 -2.569866 0.232726
v 2.201851 -2.569866 0.378340
v 2.113052 -2.569866 0.544470
v 2.058371 -2.569866 0.724732
v 2.039907 -2.569866 0.912197
v 2.058371 -2.569866 1.099663
v 2.113052 -2.569866 1.279924
v 2.201851 -2.569866 1.446054
v 2.321353 -2.569866 1.591669
v 2.466967 -2.569866 1.711171
v 2.633097 -2.569866 1.799969
v 2.813359 -2.569866 1.854651
v 3.000825 -2.569866 1.873115
v 3.188290 -2.569866 1.854651
v 3.368552 -2.569866 1.799969
v 3.534682 -2.569866 1.711171
v 3.680296 -2.569866 1.591668
v 3.799798 -2.569866 1.446054
v 3.888597 -2.569866 1.279924
v 3.943278 -2.569866 1.099662
v 3.961742 -2.569866 0.912196
v 3.943278 -2.569866 0.724731
v 3.888596 -2.569866 0.544469
v 3.799797 -2.569866 0.378339
v 3.680295 -2.569866 0.232725
v 3.534680 -2.569866 0.113223
v 3.368550 -2.569866 0.024425
v 3.188289 -2.569866 -0.030257
v 3.816821 -2.636357 1.461366
v 3.907805 -2.636470 1.291713
v 2.018005 -2.636571 0.915859
v 2.037170 -2.636454 1.107461
v 3.963987 -2.636588 1.107525
v 2.093302 -2.636342 1.291599
v 3.983182 -2.636707 0.915857
v 2.184222 -2.636241 1.461223
v 3.964616 -2.636822 0.724064
v 2.306430 -2.636156 1.609846
v 3.908966 -2.636930 0.539520
v 2.455231 -2.636088 1.731786
v 3.818335 -2.637025 0.369336
v 2.624920 -2.636042 1.822384
v 3.000414 -2.637228 -0.068528
v 2.808387 -2.637205 -0.049533
v 3.696181 -2.637105 0.220085
v 2.808997 -2.636019 1.878177
v 2.623798 -2.637160 0.006621
v 3.547189 -2.637167 0.097544
v 3.000413 -2.636021 1.897033
v 2.453772 -2.637095 0.097745
v 3.377094 -2.637209 0.006464
v 3.191840 -2.636047 1.878230
v 2.304857 -2.637012 0.220297
v 3.192457 -2.637230 -0.049619
v 3.375948 -2.636096 1.822483
v 2.182774 -2.636915 0.369526
v 3.545686 -2.636166 1.731919
v 2.092196 -2.636807 0.539661
v 3.694547 -2.636255 1.609995
v 2.036573 -2.636691 0.724138
v 3.970979 -2.661415 1.319667
v 1.969731 -2.661429 1.122544
v 4.031230 -2.661312 1.122644
v 2.029920 -2.661525 1.319480
v 4.051908 -2.661207 0.917561
v 2.127292 -2.661610 1.500842
v 4.032165 -2.661104 0.712292
v 2.258084 -2.661682 1.659708
v 3.972705 -2.661007 0.514740
v 2.417267 -2.661738 1.790025
v 3.875771 -2.660919 0.332531
v 2.598740 -2.661777 1.886833
v 2.794637 -2.660751 -0.115996
v 3.745059 -2.660845 0.172715
v 2.795563 -2.661795 1.946453
v 2.597027 -2.660794 -0.055845
v 3.585587 -2.660786 0.041490
v 3.000220 -2.661794 1.966616
v 2.415031 -2.660854 0.041753
v 3.403499 -2.660747 -0.056048
v 3.204897 -2.661772 1.946552
v 2.255666 -2.660930 0.172999
v 3.205828 -2.660727 -0.116106
v 3.401777 -2.661732 1.887017
v 2.125059 -2.661020 0.332793
v 3.583336 -2.661673 1.790265
v 2.028211 -2.661118 0.514940
v 3.742620 -2.661599 1.659969
v 1.968807 -2.661222 0.712401
v 3.873516 -2.661512 1.501085
v 1.949079 -2.661327 0.917564
v 3.000222 -2.660729 -0.136349
v 3.831211 -2.607733 1.469018
v 2.001658 -2.607740 0.914034
v 3.000618 -2.607740 -0.085210
v 3.923527 -2.607737 1.296315
v 2.020865 -2.607737 1.108920
v 3.980386 -2.607740 1.108922
v 2.077713 -2.607733 1.296314
v 3.999606 -2.607742 0.914033
v 2.170026 -2.607729 1.469019
v 3.980446 -2.607744 0.719133
v 2.294257 -2.607726 1.620395
v 3.923635 -2.607744 0.531707
v 2.445634 -2.607724 1.744627
v 3.831351 -2.607743 0.358955
v 2.618339 -2.607723 1.836940
v 2.805679 -2.607740 -0.065993
v 3.707130 -2.607742 0.207520
v 2.805734 -2.607722 1.893785
v 2.618243 -2.607741 -0.009102
v 3.555743 -2.607741 0.083228
v 3.000619 -2.607722 1.912980
v 2.445518 -2.607743 0.083267
v 3.383005 -2.607740 -0.009135
v 3.195503 -2.607723 1.893785
v 2.294143 -2.607743 0.207558
v 3.195560 -2.607740 -0.066011
v 3.382898 -2.607724 1.836939
v 2.169930 -2.607744 0.358986
v 3.555603 -2.607727 1.744627
v 2.077646 -2.607743 0.531727
v 3.706980 -2.607730 1.620395
v 2.020829 -2.607742 0.719142
v 2.812023 -2.552044 -0.036971
v 3.000824 -2.552044 -0.055566
v 2.630477 -2.552044 0.018101
v 2.463164 -2.552044 0.107531
v 2.316512 -2.552044 0.227885
v 2.196158 -2.552044 0.374537
v 2.106728 -2.552044 0.541850
v 2.051656 -2.552044 0.723396
v 2.033061 -2.552044 0.912197
v 2.051656 -2.552044 1.100999
v 2.106727 -2.552044 1.282544
v 2.196158 -2.552044 1.449858
v 2.316512 -2.552044 1.596509
v 2.463164 -2.552044 1.716863
v 2.630477 -2.552044 1.806294
v 2.812023 -2.552044 1.861366
v 3.000825 -2.552044 1.879961
v 3.189626 -2.552044 1.861365
v 3.371172 -2.552044 1.806294
v 3.538486 -2.552044 1.716863
v 3.685137 -2.552044 1.596509
v 3.805491 -2.552044 1.449857
v 3.894922 -2.552044 1.282544
v 3.949993 -2.552044 1.100998
v 3.968588 -2.552044 0.912196
v 3.949992 -2.552044 0.723395
v 3.894921 -2.552044 0.541849
v 3.805490 -2.552044 0.374536
v 3.685136 -2.552044 0.227884
v 3.538484 -2.552044 0.107531
v 3.371170 -2.552044 0.018100
v 3.189624 -2.552044 -0.036971
v 2.769106 -3.069663 -0.211732
v 2.998885 -3.069663 -0.234363
v 2.548156 -3.069663 -0.144707
v 2.344528 -3.069663 -0.035866
v 2.166046 -3.069663 0.110610
v 2.019570 -3.069663 0.289092
v 1.910729 -3.069663 0.492720
v 1.843704 -3.069663 0.713669
v 1.821073 -3.069663 0.943449
v 1.843704 -3.069663 1.173229
v 1.910729 -3.069663 1.394178
v 2.019570 -3.069663 1.597807
v 2.166046 -3.069663 1.776288
v 2.344528 -3.069663 1.922765
v 2.548156 -3.069663 2.031606
v 2.769106 -3.069663 2.098630
v 2.998886 -3.069663 2.121262
v 3.228666 -3.069663 2.098630
v 3.449615 -3.069663 2.031606
v 3.653244 -3.069663 1.922764
v 3.831725 -3.069663 1.776288
v 3.978201 -3.069663 1.597806
v 4.087043 -3.069663 1.394178
v 4.154067 -3.069663 1.173228
v 4.176698 -3.069663 0.943448
v 4.154066 -3.069663 0.713668
v 4.087042 -3.069663 0.492719
v 3.978200 -3.069663 0.289091
v 3.831723 -3.069663 0.110609
v 3.653242 -3.069663 -0.035867
v 3.449613 -3.069663 -0.144708
v 3.228663 -3.069663 -0.211732
v 2.845169 -2.520403 0.129664
v 3.000824 -2.520403 0.114333
v 2.695495 -2.520403 0.175067
v 2.557555 -2.520403 0.248798
v 2.436649 -2.520403 0.348022
v 2.337425 -2.520403 0.468928
v 2.263694 -2.520403 0.606868
v 2.218291 -2.520403 0.756542
v 2.202960 -2.520403 0.912197
v 2.218291 -2.520403 1.067853
v 2.263694 -2.520403 1.217526
v 2.337425 -2.520403 1.355467
v 2.436649 -2.520403 1.476372
v 2.557555 -2.520403 1.575597
v 2.695495 -2.520403 1.649328
v 2.845169 -2.520403 1.694731
v 3.000824 -2.520403 1.710061
v 3.156480 -2.520403 1.694730
v 3.306154 -2.520403 1.649327
v 3.444094 -2.520403 1.575597
v 3.565000 -2.520403 1.476372
v 3.664224 -2.520403 1.355466
v 3.737955 -2.520403 1.217526
v 3.783358 -2.520403 1.067852
v 3.798688 -2.520403 0.912197
v 3.783357 -2.520403 0.756541
v 3.737954 -2.520403 0.606867
v 3.664223 -2.520403 0.468927
v 3.564999 -2.520403 0.348022
v 3.444093 -2.520403 0.248797
v 3.306152 -2.520403 0.175067
v 3.156479 -2.520403 0.129664
vt 0.725574 0.139161
vt 0.721214 0.139851
vt 0.715804 0.111892
vt 0.719980 0.110381
vt 0.361266 0.088798
vt 0.377286 0.075400
vt 0.400769 0.109798
vt 0.382432 0.119788
vt 0.114965 0.091225
vt 0.102300 0.078333
vt 0.130544 0.059629
vt 0.140531 0.074579
vt 0.227748 0.363380
vt 0.227487 0.381234
vt 0.193599 0.381021
vt 0.197221 0.363457
vt 0.161908 0.046716
vt 0.168857 0.063182
vt 0.160480 0.374327
vt 0.167307 0.357676
vt 0.195202 0.040059
vt 0.198849 0.057431
vt 0.129367 0.361417
vt 0.139142 0.346249
vt 0.229168 0.039903
vt 0.229363 0.057516
vt 0.101422 0.342785
vt 0.113798 0.329600
vt 0.262524 0.046259
vt 0.259242 0.063418
vt 0.077684 0.319143
vt 0.092238 0.308356
vt 0.294003 0.058907
vt 0.287356 0.074906
vt 0.059037 0.291383
vt 0.075287 0.283332
vt 0.368524 0.194526
vt 0.385739 0.192995
vt 0.385310 0.226956
vt 0.368319 0.224454
vt 0.322394 0.077388
vt 0.312646 0.091551
vt 0.046196 0.260551
vt 0.063627 0.255561
vt 0.378360 0.260387
vt 0.362205 0.254317
vt 0.346598 0.101016
vt 0.334159 0.112726
vt 0.039799 0.227804
vt 0.057717 0.225900
vt 0.364954 0.291845
vt 0.350382 0.282441
vt 0.365668 0.128883
vt 0.351077 0.137617
vt 0.039679 0.194362
vt 0.057893 0.195607
vt 0.345604 0.320012
vt 0.333270 0.307682
vt 0.378851 0.159887
vt 0.362681 0.165165
vt 0.046331 0.161329
vt 0.064070 0.165752
vt 0.321111 0.343790
vt 0.311530 0.329090
vt 0.059361 0.130169
vt 0.075971 0.137681
vt 0.292486 0.362312
vt 0.286017 0.345881
vt 0.078261 0.102143
vt 0.093159 0.112521
vt 0.260870 0.374932
vt 0.257727 0.357449
vt 0.353731 0.579334
vt 0.349352 0.580734
vt 0.342861 0.548226
vt 0.346744 0.545741
vt 0.020637 0.229707
vt 0.000000 0.231750
vt 0.000019 0.190248
vt 0.020727 0.192346
vt 0.381929 0.301049
vt 0.400458 0.311241
vt 0.376543 0.346023
vt 0.360420 0.332376
vt 0.417040 0.148173
vt 0.397065 0.154329
vt 0.008202 0.149502
vt 0.028129 0.155634
vt 0.346296 0.375313
vt 0.333200 0.358802
vt 0.425361 0.189124
vt 0.404498 0.191177
vt 0.024243 0.111083
vt 0.042607 0.121014
vt 0.311021 0.398049
vt 0.301413 0.379357
vt 0.047535 0.076530
vt 0.063610 0.089875
vt 0.272138 0.413480
vt 0.266334 0.393342
vt 0.077145 0.047200
vt 0.090312 0.063430
vt 0.231134 0.421127
vt 0.229311 0.400306
vt 0.111891 0.024190
vt 0.121664 0.042670
vt 0.189534 0.420767
vt 0.191736 0.400037
vt 0.150428 0.008327
vt 0.156457 0.028349
vt 0.148879 0.412446
vt 0.155010 0.392579
vt 0.191302 0.000165
vt 0.193374 0.020978
vt 0.110678 0.396489
vt 0.120503 0.378223
vt 0.232993 0.000000
vt 0.231031 0.020827
vt 0.076361 0.373507
vt 0.089501 0.357522
vt 0.273946 0.007849
vt 0.268013 0.027906
vt 0.047201 0.344384
vt 0.063158 0.331266
vt 0.312616 0.023450
vt 0.302921 0.041975
vt 0.024251 0.310227
vt 0.042437 0.300448
vt 0.425361 0.231064
vt 0.404419 0.228904
vt 0.347516 0.046250
vt 0.334413 0.062528
vt 0.008309 0.272271
vt 0.028091 0.266197
vt 0.416967 0.272362
vt 0.396801 0.266062
vt 0.966410 0.499879
vt 0.963003 0.501734
vt 0.946877 0.477844
vt 0.949863 0.475350
vt 0.447931 0.082943
vt 0.451687 0.085267
vt 0.440754 0.111562
vt 0.436651 0.110006
vt 0.725499 0.168489
vt 0.721117 0.168338
vt 0.464230 0.058591
vt 0.467498 0.061600
vt 0.719776 0.197250
vt 0.715535 0.196266
vt 0.484940 0.037895
vt 0.487595 0.041483
vt 0.708633 0.224353
vt 0.704695 0.222576
vt 0.509269 0.021667
vt 0.511211 0.025701
vt 0.692490 0.248775
vt 0.689006 0.246272
vt 0.536258 0.010551
vt 0.537414 0.014876
vt 0.671938 0.269589
vt 0.669046 0.266455
vt 0.564771 0.004990
vt 0.565113 0.009417
vt 0.507223 0.285810
vt 0.509331 0.282173
vt 0.535242 0.293162
vt 0.533954 0.297166
vt 0.647714 0.285994
vt 0.645534 0.282346
vt 0.593380 0.005005
vt 0.592906 0.009449
vt 0.483154 0.269348
vt 0.485979 0.266212
vt 0.620678 0.297325
vt 0.619308 0.293310
vt 0.621457 0.010719
vt 0.620199 0.014975
vt 0.462781 0.248454
vt 0.466206 0.245956
vt 0.591854 0.303071
vt 0.591343 0.298879
vt 0.648084 0.021846
vt 0.646046 0.025819
vt 0.446877 0.223962
vt 0.450760 0.222202
vt 0.562652 0.302992
vt 0.563064 0.298829
vt 0.672226 0.038097
vt 0.669481 0.041640
vt 0.436016 0.196815
vt 0.440201 0.195861
vt 0.692785 0.058843
vt 0.689431 0.061811
vt 0.430591 0.168045
vt 0.434914 0.167933
vt 0.708912 0.083258
vt 0.705076 0.085537
vt 0.430803 0.138739
vt 0.435098 0.139473
vt 0.875344 0.430577
vt 0.874494 0.433375
vt 0.846576 0.427933
vt 0.846867 0.425021
vt 0.682389 0.556713
vt 0.686202 0.557053
vt 0.686313 0.585210
vt 0.682540 0.585627
vt 0.977787 0.527092
vt 0.974095 0.528238
vt 0.687886 0.527880
vt 0.691593 0.528963
vt 0.929511 0.684038
vt 0.927160 0.681050
vt 0.947466 0.661574
vt 0.950366 0.664020
vt 0.983566 0.555897
vt 0.979740 0.556293
vt 0.699006 0.500603
vt 0.702436 0.502402
vt 0.904977 0.699497
vt 0.903268 0.696086
vt 0.983566 0.585119
vt 0.979760 0.584762
vt 0.715322 0.475995
vt 0.718338 0.478439
vt 0.877735 0.709763
vt 0.876736 0.706063
vt 0.977920 0.613586
vt 0.974280 0.612488
vt 0.736202 0.455019
vt 0.738686 0.458014
vt 0.848856 0.714461
vt 0.848584 0.710616
vt 0.966717 0.640225
vt 0.963382 0.638418
vt 0.760839 0.438498
vt 0.762694 0.441927
vt 0.819447 0.713703
vt 0.819794 0.709846
vt 0.788275 0.427080
vt 0.789428 0.430811
vt 0.790376 0.708962
vt 0.791335 0.705226
vt 0.817447 0.421213
vt 0.817854 0.425101
vt 0.762873 0.698940
vt 0.764522 0.695480
vt 0.847224 0.421127
vt 0.738033 0.683755
vt 0.740330 0.680708
vt 0.876450 0.426827
vt 0.716829 0.663964
vt 0.719683 0.661450
vt 0.903993 0.438092
vt 0.902182 0.441551
vt 0.700097 0.640357
vt 0.703396 0.638476
vt 0.928785 0.454480
vt 0.926338 0.457516
vt 0.688511 0.613885
vt 0.692120 0.612713
vt 0.472695 0.436332
vt 0.475595 0.446806
vt 0.449277 0.457642
vt 0.444410 0.447966
vt 0.638233 0.684093
vt 0.629643 0.677342
vt 0.645424 0.653688
vt 0.655175 0.658670
vt 0.425568 0.473399
vt 0.418928 0.464891
vt 0.656291 0.627427
vt 0.666835 0.630449
vt 0.405382 0.493473
vt 0.397229 0.486461
vt 0.661830 0.599567
vt 0.672768 0.600515
vt 0.368178 0.630744
vt 0.378381 0.627698
vt 0.389283 0.654043
vt 0.379900 0.659080
vt 0.389497 0.517098
vt 0.380153 0.511850
vt 0.661833 0.571182
vt 0.672753 0.570023
vt 0.405132 0.677744
vt 0.396948 0.684570
vt 0.378530 0.543367
vt 0.368361 0.540085
vt 0.656309 0.543373
vt 0.666799 0.540151
vt 0.425303 0.697868
vt 0.418643 0.706196
vt 0.372908 0.571274
vt 0.362313 0.570083
vt 0.645473 0.517196
vt 0.655156 0.512044
vt 0.449008 0.713644
vt 0.444131 0.723149
vt 0.372854 0.599749
vt 0.362249 0.600694
vt 0.629733 0.493638
vt 0.638264 0.486740
vt 0.475335 0.724477
vt 0.472432 0.734788
vt 0.609680 0.473579
vt 0.616738 0.465176
vt 0.503269 0.729958
vt 0.502456 0.740675
vt 0.586077 0.457797
vt 0.591393 0.448204
vt 0.531735 0.729885
vt 0.533050 0.740591
vt 0.559833 0.446908
vt 0.563204 0.436488
vt 0.559640 0.724267
vt 0.563037 0.734545
vt 0.531954 0.441337
vt 0.533255 0.430486
vt 0.585914 0.713323
vt 0.591266 0.722775
vt 0.503511 0.441301
vt 0.502694 0.430431
vt 0.609550 0.697478
vt 0.616655 0.705739
vt 0.622770 0.712759
vt 0.645670 0.689872
vt 0.502051 0.421128
vt 0.470297 0.427440
vt 0.595849 0.730745
vt 0.534427 0.421127
vt 0.565945 0.743140
vt 0.566177 0.427439
vt 0.534205 0.749470
vt 0.596077 0.439822
vt 0.501849 0.749496
vt 0.622969 0.457799
vt 0.470115 0.743215
vt 0.645807 0.480664
vt 0.353731 0.601428
vt 0.359999 0.633174
vt 0.440220 0.730870
vt 0.663706 0.507501
vt 0.353777 0.569087
vt 0.413305 0.712928
vt 0.676072 0.537294
vt 0.360130 0.537379
vt 0.390395 0.690067
vt 0.682389 0.568981
vt 0.372548 0.507516
vt 0.372362 0.663134
vt 0.682389 0.601323
vt 0.390554 0.480639
vt 0.676067 0.633059
vt 0.413458 0.457780
vt 0.663667 0.662960
vt 0.440383 0.439817
vt 0.431778 0.108200
vt 0.425653 0.137903
vt 0.724839 0.108655
vt 0.713336 0.080658
vt 0.425361 0.168228
vt 0.696622 0.055475
vt 0.430913 0.198027
vt 0.675347 0.034093
vt 0.532344 0.302196
vt 0.562121 0.308398
vt 0.442109 0.226171
vt 0.650388 0.017369
vt 0.592467 0.308339
vt 0.458552 0.251588
vt 0.622878 0.005938
vt 0.622361 0.302352
vt 0.479655 0.273287
vt 0.593892 0.000191
vt 0.650392 0.290547
vt 0.504614 0.290381
vt 0.564385 0.000000
vt 0.675475 0.273487
vt 0.534938 0.005658
vt 0.696725 0.251875
vt 0.507039 0.017080
vt 0.713385 0.226550
vt 0.481871 0.033789
vt 0.724851 0.198474
vt 0.460422 0.055123
vt 0.730696 0.168710
vt 0.443512 0.080250
vt 0.730696 0.138386
vt 0.962418 0.815570
vt 0.937942 0.822984
vt 0.929098 0.801635
vt 0.951657 0.789588
vt 0.721833 0.659588
vt 0.742065 0.678443
vt 0.900805 0.444129
vt 0.705872 0.637091
vt 0.924489 0.459772
vt 0.694823 0.611860
vt 0.944628 0.479691
vt 0.689134 0.584923
vt 0.960443 0.503101
vt 0.689051 0.557339
vt 0.971327 0.529074
vt 0.694355 0.529797
vt 0.925422 0.678801
vt 0.945314 0.659728
vt 0.976874 0.556568
vt 0.704989 0.503768
vt 0.902014 0.693524
vt 0.976913 0.584474
vt 0.720577 0.480286
vt 0.876015 0.703289
vt 0.971564 0.611646
vt 0.740525 0.460270
vt 0.848409 0.707734
vt 0.960901 0.637047
vt 0.764059 0.444504
vt 0.820077 0.706947
vt 0.790267 0.433609
vt 0.792072 0.702432
vt 0.818133 0.428012
vt 0.765776 0.692901
vt 0.010714 0.550825
vt 0.023307 0.518648
vt 0.042018 0.489653
vt 0.066244 0.464831
vt 0.095031 0.445378
vt 0.127054 0.432074
vt 0.160970 0.425449
vt 0.195387 0.425729
vt 0.228948 0.432733
vt 0.260179 0.446187
vt 0.287838 0.465460
vt 0.310922 0.489772
vt 0.329948 0.517498
vt 0.349120 0.613889
vt 0.344428 0.647084
vt 0.332999 0.678903
vt 0.315351 0.707758
vt 0.292533 0.732043
vt 0.265527 0.751189
vt 0.235097 0.764498
vt 0.202443 0.771865
vt 0.168631 0.772486
vt 0.135099 0.767728
vt 0.103048 0.756325
vt 0.073711 0.738579
vt 0.048316 0.715111
vt 0.027851 0.686836
vt 0.013357 0.654847
vt 0.005511 0.620471
vt 0.004668 0.585209
vt 0.043888 0.716837
vt 0.069688 0.741040
vt 0.333105 0.514119
vt 0.099596 0.759496
vt 0.313277 0.485796
vt 0.132393 0.771525
vt 0.289343 0.461094
vt 0.166743 0.776747
vt 0.260748 0.441575
vt 0.201523 0.776420
vt 0.228618 0.428067
vt 0.235306 0.769116
vt 0.194239 0.421174
vt 0.266891 0.755589
vt 0.159093 0.421127
vt 0.295019 0.735940
vt 0.019169 0.516530
vt 0.006266 0.549203
vt 0.124534 0.428076
vt 0.318835 0.710882
vt 0.000000 0.584162
vt 0.091961 0.441771
vt 0.337369 0.680998
vt 0.000718 0.620052
vt 0.062713 0.461676
vt 0.349050 0.647846
vt 0.008560 0.655115
vt 0.038117 0.487001
vt 0.353731 0.613545
vt 0.023171 0.687827
vt 0.712340 0.823031
vt 0.721175 0.801677
vt 0.734006 0.782459
vt 0.750342 0.766115
vt 0.769553 0.753273
vt 0.790901 0.744427
vt 0.813567 0.739915
vt 0.836679 0.739914
vt 0.859346 0.744414
vt 0.880699 0.753251
vt 0.899915 0.766085
vt 0.916257 0.782423
vt 0.942450 0.845649
vt 0.942448 0.868761
vt 0.937950 0.891431
vt 0.929115 0.912785
vt 0.916282 0.932003
vt 0.899945 0.948348
vt 0.880735 0.961191
vt 0.859388 0.970037
vt 0.836724 0.974547
vt 0.813614 0.974547
vt 0.790945 0.970046
vt 0.769592 0.961207
vt 0.750374 0.948374
vt 0.734032 0.932037
vt 0.721191 0.912825
vt 0.712348 0.891477
vt 0.707841 0.868812
vt 0.707844 0.845701
vt 0.687867 0.815606
vt 0.682390 0.843189
vt 0.714258 0.948255
vt 0.734145 0.968139
vt 0.967902 0.843153
vt 0.698621 0.789620
vt 0.698633 0.924872
vt 0.967902 0.871273
vt 0.714239 0.766233
vt 0.687873 0.898890
vt 0.962424 0.898857
vt 0.734121 0.746343
vt 0.682389 0.871308
vt 0.951669 0.924843
vt 0.757503 0.730715
vt 0.936049 0.948231
vt 0.783485 0.719951
vt 0.916166 0.968120
vt 0.811068 0.714463
vt 0.892785 0.983748
vt 0.839190 0.714461
vt 0.866804 0.994512
vt 0.866774 0.719941
vt 0.839222 0.999999
vt 0.892759 0.730699
vt 0.811101 1.000000
vt 0.916144 0.746320
vt 0.783517 0.994519
vt 0.936031 0.766205
vt 0.757532 0.983761
vn 0.9216 0.0681 0.3822
vn 0.6467 0.7148 0.2661
vn 0.5795 0.7181 0.3854
vn 0.8291 0.0727 0.5543
vn 0.5535 0.0861 -0.8284
vn 0.5425 -0.1693 -0.8228
vn 0.3723 -0.1848 -0.9095
vn 0.3812 0.0862 -0.9204
vn 0.5998 0.6938 0.3986
vn 0.7834 0.3304 0.5264
vn 0.8734 0.3226 0.3647
vn 0.6731 0.6859 0.2766
vn -0.7360 0.6770 -0.0022
vn -0.9495 0.3136 0.0029
vn -0.9280 0.3221 0.1874
vn -0.7143 0.6856 0.1400
vn 0.9305 0.3142 0.1880
vn 0.7220 0.6772 0.1414
vn -0.8712 0.3299 0.3636
vn -0.6662 0.6936 0.2739
vn 0.9522 0.3054 0.0029
vn 0.7439 0.6682 -0.0022
vn -0.7817 0.3368 0.5249
vn -0.5942 0.7006 0.3951
vn 0.9372 0.2965 -0.1835
vn 0.7371 0.6591 -0.1488
vn -0.6630 0.3426 0.6655
vn -0.5014 0.7064 0.4996
vn 0.8857 0.2880 -0.3640
vn 0.7010 0.6504 -0.2926
vn -0.5199 0.3471 0.7805
vn -0.3916 0.7109 0.5842
vn 0.7995 0.2803 -0.5313
vn 0.6362 0.6423 -0.4273
vn -0.3577 0.3501 0.8657
vn -0.2685 0.7139 0.6467
vn 0.0002 0.6238 -0.7815
vn -0.0003 0.2624 -0.9650
vn -0.1890 0.2642 -0.9457
vn -0.1515 0.6258 -0.7651
vn 0.6815 0.2735 -0.6787
vn 0.5450 0.6353 -0.5471
vn -0.1823 0.3517 0.9181
vn -0.1365 0.7155 0.6851
vn -0.3700 0.2678 -0.8896
vn -0.2963 0.6296 -0.7182
vn 0.5365 0.2681 -0.8002
vn 0.4306 0.6297 -0.6465
vn -0.0002 0.3518 0.9361
vn 0.0002 0.7155 0.6986
vn -0.5361 0.2731 -0.7988
vn -0.4279 0.6352 -0.6430
vn 0.3699 0.2644 -0.8906
vn 0.2978 0.6258 -0.7208
vn 0.1820 0.3503 0.9188
vn 0.1371 0.7140 0.6866
vn -0.6805 0.2798 -0.6772
vn -0.5408 0.6421 -0.5433
vn 0.1886 0.2624 -0.9463
vn 0.1522 0.6238 -0.7666
vn 0.3577 0.3473 0.8668
vn 0.2699 0.7110 0.6493
vn -0.7978 0.2875 -0.5299
vn -0.6306 0.6502 -0.4238
vn 0.5204 0.3429 0.7820
vn 0.3942 0.7065 0.5877
vn -0.8836 0.2959 -0.3629
vn -0.6941 0.6589 -0.2898
vn 0.6641 0.3372 0.6672
vn 0.5056 0.7007 0.5033
vn -0.9347 0.3048 -0.1829
vn -0.7294 0.6680 -0.1473
vn 0.5542 0.1567 0.8175
vn 0.4520 -0.5584 0.6956
vn 0.5683 -0.5763 0.5873
vn 0.7068 0.1325 0.6948
vn 0.0000 0.0850 0.9964
vn 0.0000 0.1885 0.9821
vn 0.1939 0.1850 0.9634
vn 0.1944 0.0850 0.9772
vn -0.5535 0.0860 -0.8284
vn -0.5425 -0.1693 -0.8228
vn -0.6937 -0.1477 -0.7049
vn -0.7045 0.0859 -0.7045
vn 0.1893 -0.1940 -0.9625
vn 0.1943 0.0862 -0.9771
vn 0.3810 0.1743 0.9080
vn 0.3813 0.0850 0.9205
vn -0.8201 -0.1204 -0.5594
vn -0.8284 0.0858 -0.5535
vn 0.0000 -0.1971 -0.9804
vn 0.0000 0.0862 -0.9963
vn 0.5536 0.0851 0.8284
vn -0.9161 -0.0878 -0.3912
vn -0.9204 0.0858 -0.3813
vn 0.7046 0.0852 0.7045
vn -0.9771 -0.0510 -0.2063
vn -0.9772 0.0856 -0.1944
vn 0.8327 0.1022 0.5442
vn 0.8285 0.0853 0.5535
vn -0.9998 -0.0116 -0.0121
vn -0.9963 0.0855 -0.0000
vn 0.9260 0.0670 0.3714
vn 0.9205 0.0854 0.3812
vn -0.9826 0.0284 0.1833
vn -0.9772 0.0854 0.1943
vn 0.9826 0.0284 0.1833
vn 0.9772 0.0855 0.1943
vn -0.9260 0.0670 0.3714
vn -0.9205 0.0853 0.3812
vn 0.9998 -0.0116 -0.0121
vn 0.9963 0.0856 -0.0000
vn -0.8327 0.1022 0.5442
vn -0.8285 0.0852 0.5535
vn 0.9771 -0.0510 -0.2063
vn 0.9771 0.0857 -0.1944
vn -0.7068 0.1325 0.6948
vn -0.7046 0.0851 0.7045
vn 0.9161 -0.0878 -0.3912
vn 0.9204 0.0858 -0.3813
vn -0.5542 0.1567 0.8175
vn -0.5535 0.0850 0.8284
vn 0.8201 -0.1204 -0.5594
vn 0.8284 0.0859 -0.5535
vn -0.3810 0.1743 0.9080
vn -0.3813 0.0850 0.9205
vn -0.1893 -0.1940 -0.9625
vn -0.1943 0.0862 -0.9771
vn 0.6937 -0.1477 -0.7049
vn 0.7045 0.0860 -0.7045
vn -0.1939 0.1850 0.9634
vn -0.1944 0.0850 0.9772
vn -0.3723 -0.1848 -0.9095
vn -0.3812 0.0861 -0.9204
vn 0.6578 0.7015 -0.2741
vn 0.8818 0.2983 -0.3652
vn 0.9361 0.2983 -0.1862
vn 0.6957 0.7045 -0.1401
vn -0.9784 0.0688 0.1950
vn -0.6858 0.7152 0.1347
vn -0.7024 0.7118 -0.0017
vn -0.9979 0.0641 0.0005
vn 0.9787 0.0635 0.1952
vn 0.6897 0.7113 0.1354
vn -0.9213 0.0732 0.3819
vn -0.6431 0.7185 0.2647
vn 0.9983 0.0588 0.0006
vn 0.7063 0.7078 -0.0017
vn -0.8288 0.0773 0.5541
vn -0.5765 0.7214 0.3836
vn 0.9794 0.0544 -0.1942
vn -0.7047 0.0808 0.7049
vn -0.4886 0.7239 0.4871
vn 0.9229 0.0504 -0.3816
vn -0.5535 0.0836 0.8286
vn -0.3828 0.7258 0.5716
vn 0.8309 0.0469 -0.5544
vn 0.5940 0.6988 -0.3985
vn -0.3812 0.0855 0.9205
vn -0.2632 0.7270 0.6341
vn -0.1952 0.0405 -0.9799
vn -0.1400 0.6938 -0.7064
vn 0.0002 0.6931 -0.7208
vn -0.0001 0.0397 -0.9992
vn 0.7068 0.0440 -0.7060
vn 0.5065 0.6965 -0.5081
vn -0.1943 0.0865 0.9771
vn -0.1339 0.7277 0.6727
vn -0.3827 0.0421 -0.9229
vn -0.2743 0.6950 -0.6646
vn 0.5554 0.0418 -0.8305
vn 0.3988 0.6948 -0.5984
vn 0.0000 0.0864 0.9962
vn 0.0002 0.7276 0.6860
vn -0.5555 0.0444 -0.8303
vn -0.3975 0.6968 -0.5970
vn 0.3826 0.0403 -0.9230
vn 0.2752 0.6937 -0.6656
vn 0.1943 0.0853 0.9772
vn 0.1345 0.7269 0.6734
vn -0.7067 0.0474 -0.7059
vn -0.5046 0.6991 -0.5065
vn 0.1950 0.0396 -0.9800
vn 0.1404 0.6931 -0.7070
vn 0.3812 0.0833 0.9207
vn 0.2641 0.7255 0.6355
vn -0.8307 0.0509 -0.5543
vn -0.5914 0.7019 -0.3970
vn 0.5536 0.0804 0.8289
vn 0.3844 0.7236 0.5733
vn -0.9227 0.0550 -0.3815
vn -0.6546 0.7050 -0.2730
vn 0.7048 0.0768 0.7052
vn 0.4909 0.7211 0.4890
vn -0.9792 0.0595 -0.1942
vn -0.6919 0.7083 -0.1394
vn 0.8818 0.2983 0.3652
vn 0.8161 0.4688 0.3380
vn 0.7344 0.4688 0.4907
vn 0.7936 0.2983 0.5303
vn -0.5303 0.2983 0.7936
vn -0.6749 0.2983 0.6749
vn 0.7936 0.2983 -0.5303
vn -0.3652 0.2983 0.8818
vn -0.1862 0.2983 -0.9361
vn 0.0000 0.2983 -0.9544
vn 0.6749 0.2983 -0.6749
vn -0.1862 0.2983 0.9361
vn -0.3652 0.2983 -0.8818
vn 0.5303 0.2983 -0.7936
vn 0.0000 0.2983 0.9544
vn -0.5303 0.2983 -0.7936
vn 0.3652 0.2983 -0.8818
vn 0.1862 0.2983 0.9361
vn -0.6749 0.2983 -0.6749
vn 0.1862 0.2983 -0.9361
vn 0.3652 0.2983 0.8818
vn -0.7936 0.2983 -0.5303
vn 0.5303 0.2983 0.7936
vn -0.8818 0.2983 -0.3652
vn 0.6749 0.2983 0.6749
vn -0.9361 0.2983 -0.1862
vn -0.9544 0.2983 0.0000
vn -0.9361 0.2983 0.1862
vn 0.9361 0.2983 0.1862
vn -0.8818 0.2983 0.3652
vn 0.9544 0.2983 0.0000
vn -0.7936 0.2983 0.5303
vn -0.4211 0.9070 0.0007
vn -0.9312 0.3643 0.0031
vn -0.9136 0.3653 -0.1785
vn -0.4146 0.9063 -0.0818
vn 0.3478 0.9081 0.2332
vn 0.7733 0.3627 0.5200
vn 0.6575 0.3620 0.6608
vn 0.2950 0.9085 0.2958
vn -0.8608 0.3663 -0.3532
vn -0.3920 0.9056 -0.1617
vn 0.5164 0.3615 0.7763
vn 0.2312 0.9089 0.3469
vn -0.7750 0.3672 -0.5143
vn -0.3542 0.9049 -0.2359
vn 0.3555 0.3612 0.8621
vn 0.1590 0.9092 0.3847
vn -0.0001 0.9026 -0.4304
vn -0.0004 0.3701 -0.9290
vn 0.1815 0.3701 -0.9111
vn 0.0840 0.9026 -0.4221
vn -0.6593 0.3681 -0.6556
vn -0.3023 0.9043 -0.3015
vn 0.1810 0.3609 0.9148
vn 0.0809 0.9094 0.4079
vn 0.3564 0.3699 -0.8580
vn 0.1647 0.9028 -0.3973
vn -0.5182 0.3688 -0.7716
vn -0.2383 0.9037 -0.3558
vn -0.0003 0.3609 0.9326
vn -0.0001 0.9095 0.4156
vn 0.5175 0.3695 -0.7718
vn 0.2388 0.9031 -0.3568
vn -0.3571 0.3694 -0.8579
vn -0.1646 0.9032 -0.3964
vn -0.1817 0.3609 0.9147
vn -0.0810 0.9095 0.4076
vn 0.6587 0.3689 -0.6557
vn 0.3032 0.9036 -0.3026
vn -0.1823 0.3698 -0.9110
vn -0.0841 0.9028 -0.4217
vn -0.3561 0.3609 0.8619
vn -0.1589 0.9095 0.3842
vn 0.7745 0.3682 -0.5144
vn 0.3554 0.9042 -0.2369
vn -0.5169 0.3611 0.7761
vn -0.2309 0.9093 0.3462
vn 0.8604 0.3673 -0.3533
vn 0.3936 0.9048 -0.1624
vn -0.6579 0.3615 0.6606
vn -0.2944 0.9090 0.2950
vn 0.9131 0.3664 -0.1785
vn 0.4162 0.9055 -0.0821
vn -0.7738 0.3619 0.5198
vn -0.3469 0.9086 0.2324
vn 0.9308 0.3654 0.0031
vn 0.4228 0.9062 0.0007
vn -0.8600 0.3626 0.3591
vn -0.3865 0.9081 0.1607
vn 0.9127 0.3645 0.1847
vn 0.4131 0.9069 0.0829
vn -0.9131 0.3634 0.1846
vn -0.4116 0.9076 0.0825
vn 0.8595 0.3635 0.3592
vn 0.3877 0.9075 0.1613
vn -0.3380 0.4688 0.8161
vn -0.0374 0.9952 0.0902
vn -0.0542 0.9952 0.0811
vn -0.4907 0.4688 0.7344
vn -0.8663 0.4688 0.1723
vn -0.8833 0.4688 0.0000
vn 0.8663 0.4688 0.1723
vn -0.8161 0.4688 0.3380
vn 0.8833 0.4688 0.0000
vn -0.7344 0.4688 0.4907
vn 0.8663 0.4688 -0.1723
vn -0.6246 0.4688 0.6246
vn 0.8161 0.4688 -0.3380
vn 0.7344 0.4687 -0.4907
vn -0.1723 0.4688 -0.8663
vn 0.0000 0.4688 -0.8833
vn 0.6246 0.4688 -0.6246
vn -0.1723 0.4688 0.8663
vn -0.3380 0.4688 -0.8161
vn 0.4907 0.4688 -0.7344
vn 0.0000 0.4688 0.8833
vn -0.4907 0.4688 -0.7344
vn 0.3380 0.4688 -0.8161
vn 0.1723 0.4688 0.8663
vn -0.6246 0.4688 -0.6246
vn 0.1723 0.4688 -0.8663
vn 0.3380 0.4688 0.8161
vn -0.7344 0.4688 -0.4907
vn 0.4907 0.4688 0.7344
vn -0.8161 0.4688 -0.3380
vn 0.6246 0.4688 0.6246
vn -0.8663 0.4688 -0.1723
vn -0.1166 -0.8121 -0.5718
vn 0.0000 -0.8142 -0.5806
vn 0.1166 -0.8121 -0.5718
vn 0.2318 -0.8057 -0.5450
vn 0.3438 -0.7950 -0.4997
vn 0.4501 -0.7800 -0.4347
vn 0.5470 -0.7606 -0.3496
vn 0.6298 -0.7373 -0.2444
vn 0.6930 -0.7107 -0.1207
vn 0.7311 -0.6820 0.0177
vn 0.7393 -0.6528 0.1652
vn 0.7148 -0.6245 0.3146
vn 0.6572 -0.5986 0.4580
vn 0.3139 -0.5453 0.7772
vn 0.1608 -0.5374 0.8278
vn 0.0000 -0.5347 0.8450
vn -0.1608 -0.5374 0.8278
vn -0.3139 -0.5453 0.7772
vn -0.4520 -0.5584 0.6956
vn -0.5683 -0.5763 0.5873
vn -0.6572 -0.5986 0.4580
vn -0.7148 -0.6245 0.3146
vn -0.7393 -0.6528 0.1652
vn -0.7311 -0.6820 0.0177
vn -0.6930 -0.7107 -0.1207
vn -0.6298 -0.7373 -0.2444
vn -0.5470 -0.7606 -0.3496
vn -0.4501 -0.7800 -0.4347
vn -0.3438 -0.7950 -0.4997
vn -0.2318 -0.8057 -0.5450
vn -0.0190 0.9952 -0.0957
vn -0.0374 0.9952 -0.0902
vn -0.0542 0.9952 -0.0811
vn -0.0690 0.9952 -0.0690
vn -0.0811 0.9952 -0.0542
vn -0.0902 0.9952 -0.0374
vn -0.0957 0.9952 -0.0190
vn -0.0976 0.9952 0.0000
vn -0.0957 0.9952 0.0190
vn -0.0902 0.9952 0.0374
vn -0.0811 0.9952 0.0542
vn -0.0690 0.9952 0.0690
vn -0.0190 0.9952 0.0957
vn 0.0000 0.9952 0.0976
vn 0.0190 0.9952 0.0957
vn 0.0374 0.9952 0.0902
vn 0.0542 0.9952 0.0811
vn 0.0690 0.9952 0.0690
vn 0.0811 0.9952 0.0542
vn 0.0902 0.9952 0.0374
vn 0.0957 0.9952 0.0190
vn 0.0976 0.9952 0.0000
vn 0.0957 0.9952 -0.0190
vn 0.0902 0.9952 -0.0374
vn 0.0811 0.9952 -0.0542
vn 0.0690 0.9952 -0.0690
vn 0.0542 0.9952 -0.0811
vn 0.0374 0.9952 -0.0902
vn 0.0190 0.9952 -0.0957
vn 0.0000 0.9952 -0.0976
usemtl Material.002
s 1
f 2197/2759/1636 2088/2760/1637 2087/2761/1638 2194/2762/1639
f 2035/2763/1640 2031/2764/1641 2032/2765/1642 2034/2766/1643
f 1959/2767/1644 1991/2768/1645 1992/2769/1646 1960/2770/1647
f 1946/2771/1648 1978/2772/1649 1979/2773/1650 1947/2774/1651
f 1960/2770/1647 1992/2769/1646 1993/2775/1652 1961/2776/1653
f 1947/2774/1651 1979/2773/1650 1980/2777/1654 1948/2778/1655
f 1961/2776/1653 1993/2775/1652 1994/2779/1656 1962/2780/1657
f 1948/2778/1655 1980/2777/1654 1981/2781/1658 1949/2782/1659
f 1962/2780/1657 1994/2779/1656 1995/2783/1660 1963/2784/1661
f 1949/2782/1659 1981/2781/1658 1982/2785/1662 1950/2786/1663
f 1963/2784/1661 1995/2783/1660 1996/2787/1664 1964/2788/1665
f 1950/2786/1663 1982/2785/1662 1983/2789/1666 1951/2790/1667
f 1964/2788/1665 1996/2787/1664 1997/2791/1668 1965/2792/1669
f 1951/2790/1667 1983/2789/1666 1984/2793/1670 1952/2794/1671
f 1938/2795/1672 1971/2796/1673 1970/2797/1674 1939/2798/1675
f 1965/2792/1669 1997/2791/1668 1998/2799/1676 1966/2800/1677
f 1952/2794/1671 1984/2793/1670 1985/2801/1678 1953/2802/1679
f 1939/2798/1675 1970/2797/1674 1972/2803/1680 1940/2804/1681
f 1966/2800/1677 1998/2799/1676 1999/2805/1682 1967/2806/1683
f 1953/2802/1679 1985/2801/1678 1986/2807/1684 1954/2808/1685
f 1940/2804/1681 1972/2803/1680 1973/2809/1686 1941/2810/1687
f 1967/2806/1683 1999/2805/1682 2000/2811/1688 1968/2812/1689
f 1954/2808/1685 1986/2807/1684 1987/2813/1690 1955/2814/1691
f 1941/2810/1687 1973/2809/1686 1974/2815/1692 1942/2816/1693
f 1968/2812/1689 2000/2811/1688 2001/2817/1694 1969/2818/1695
f 1955/2814/1691 1987/2813/1690 1988/2819/1696 1956/2820/1697
f 1942/2816/1693 1974/2815/1692 1975/2821/1698 1943/2822/1699
f 1969/2818/1695 2001/2817/1694 1971/2796/1673 1938/2795/1672
f 1956/2820/1697 1988/2819/1696 1989/2823/1700 1957/2824/1701
f 1943/2822/1699 1975/2821/1698 1976/2825/1702 1944/2826/1703
f 1957/2824/1701 1989/2823/1700 1990/2827/1704 1958/2828/1705
f 1944/2826/1703 1976/2825/1702 1977/2829/1706 1945/2830/1707
f 1958/2828/1705 1990/2827/1704 1991/2768/1645 1959/2767/1644
f 1945/2830/1707 1977/2829/1706 1978/2772/1649 1946/2771/1648
f 2021/2831/1708 2277/2832/1709 2278/2833/1710 2022/2834/1711
f 2037/2835/1712 2018/2836/1713 2019/2837/1714 2036/2838/1715
f 2039/2839/1716 2005/2840/1717 2006/2841/1718 2038/2842/1719
f 2034/2766/1643 2032/2765/1642 2033/2843/1720 2040/2844/1721
f 2036/2838/1715 2019/2837/1714 2020/2845/1722 2041/2846/1723
f 2038/2842/1719 2006/2841/1718 2007/2847/1724 2042/2848/1725
f 2040/2844/1721 2033/2843/1720 2003/2849/1726 2043/2850/1727
f 2041/2846/1723 2020/2845/1722 2021/2851/1708 2044/2852/1728
f 2042/2848/1725 2007/2847/1724 2008/2853/1729 2045/2854/1730
f 2044/2852/1728 2021/2851/1708 2022/2855/1711 2046/2856/1731
f 2045/2854/1730 2008/2853/1729 2009/2857/1732 2047/2858/1733
f 2046/2856/1731 2022/2855/1711 2023/2859/1734 2048/2860/1735
f 2047/2858/1733 2009/2857/1732 2010/2861/1736 2049/2862/1737
f 2048/2860/1735 2023/2859/1734 2024/2863/1738 2050/2864/1739
f 2049/2862/1737 2010/2861/1736 2011/2865/1740 2051/2866/1741
f 2050/2864/1739 2024/2863/1738 2025/2867/1742 2052/2868/1743
f 2051/2866/1741 2011/2865/1740 2012/2869/1744 2053/2870/1745
f 2052/2868/1743 2025/2867/1742 2026/2871/1746 2054/2872/1747
f 2053/2870/1745 2012/2869/1744 2013/2873/1748 2055/2874/1749
f 2054/2872/1747 2026/2871/1746 2027/2875/1750 2056/2876/1751
f 2055/2874/1749 2013/2873/1748 2014/2877/1752 2057/2878/1753
f 2056/2876/1751 2027/2875/1750 2028/2879/1754 2058/2880/1755
f 2057/2878/1753 2014/2877/1752 2015/2881/1756 2059/2882/1757
f 2058/2880/1755 2028/2879/1754 2029/2883/1758 2060/2884/1759
f 2059/2882/1757 2015/2881/1756 2016/2885/1760 2061/2886/1761
f 2043/2850/1727 2003/2849/1726 2002/2887/1762 2062/2888/1763
f 2060/2884/1759 2029/2883/1758 2030/2889/1764 2063/2890/1765
f 2061/2886/1761 2016/2885/1760 2017/2891/1766 2064/2892/1767
f 2062/2888/1763 2002/2887/1762 2004/2893/1768 2065/2894/1769
f 2063/2890/1765 2030/2889/1764 2031/2764/1641 2035/2763/1640
f 2064/2892/1767 2017/2891/1766 2018/2836/1713 2037/2835/1712
f 2065/2894/1769 2004/2893/1768 2005/2840/1717 2039/2839/1716
f 1972/2803/1680 2065/2894/1769 2039/2839/1716 1973/2809/1686
f 1985/2801/1678 2064/2892/1767 2037/2835/1712 1986/2807/1684
f 1998/2799/1676 2063/2890/1765 2035/2763/1640 1999/2805/1682
f 1970/2797/1674 2062/2888/1763 2065/2894/1769 1972/2803/1680
f 1984/2793/1670 2061/2886/1761 2064/2892/1767 1985/2801/1678
f 1997/2791/1668 2060/2884/1759 2063/2890/1765 1998/2799/1676
f 1971/2796/1673 2043/2850/1727 2062/2888/1763 1970/2797/1674
f 1983/2789/1666 2059/2882/1757 2061/2886/1761 1984/2793/1670
f 1996/2787/1664 2058/2880/1755 2060/2884/1759 1997/2791/1668
f 1982/2785/1662 2057/2878/1753 2059/2882/1757 1983/2789/1666
f 1995/2783/1660 2056/2876/1751 2058/2880/1755 1996/2787/1664
f 1981/2781/1658 2055/2874/1749 2057/2878/1753 1982/2785/1662
f 1994/2779/1656 2054/2872/1747 2056/2876/1751 1995/2783/1660
f 1980/2777/1654 2053/2870/1745 2055/2874/1749 1981/2781/1658
f 1993/2775/1652 2052/2868/1743 2054/2872/1747 1994/2779/1656
f 1979/2773/1650 2051/2866/1741 2053/2870/1745 1980/2777/1654
f 1992/2769/1646 2050/2864/1739 2052/2868/1743 1993/2775/1652
f 1978/2772/1649 2049/2862/1737 2051/2866/1741 1979/2773/1650
f 1991/2768/1645 2048/2860/1735 2050/2864/1739 1992/2769/1646
f 1977/2829/1706 2047/2858/1733 2049/2862/1737 1978/2772/1649
f 1990/2827/1704 2046/2856/1731 2048/2860/1735 1991/2768/1645
f 1976/2825/1702 2045/2854/1730 2047/2858/1733 1977/2829/1706
f 1989/2823/1700 2044/2852/1728 2046/2856/1731 1990/2827/1704
f 1975/2821/1698 2042/2848/1725 2045/2854/1730 1976/2825/1702
f 1988/2819/1696 2041/2846/1723 2044/2852/1728 1989/2823/1700
f 2001/2817/1694 2040/2844/1721 2043/2850/1727 1971/2796/1673
f 1974/2815/1692 2038/2842/1719 2042/2848/1725 1975/2821/1698
f 1987/2813/1690 2036/2838/1715 2041/2846/1723 1988/2819/1696
f 2000/2811/1688 2034/2766/1643 2040/2844/1721 2001/2817/1694
f 1973/2809/1686 2039/2839/1716 2038/2842/1719 1974/2815/1692
f 1986/2807/1684 2037/2835/1712 2036/2838/1715 1987/2813/1690
f 1999/2805/1682 2035/2763/1640 2034/2766/1643 2000/2811/1688
f 2092/2895/1770 2124/2896/1771 2123/2897/1772 2091/2898/1773
f 2198/2899/1774 2075/2900/1775 2074/2901/1776 2195/2902/1777
f 2199/2903/1778 2089/2904/1779 2088/2760/1637 2197/2759/1636
f 2200/2905/1780 2076/2906/1781 2075/2900/1775 2198/2899/1774
f 2201/2907/1782 2090/2908/1783 2089/2904/1779 2199/2903/1778
f 2202/2909/1784 2077/2910/1785 2076/2906/1781 2200/2905/1780
f 2203/2911/1786 2091/2912/1773 2090/2908/1783 2201/2907/1782
f 2204/2913/1787 2078/2914/1788 2077/2910/1785 2202/2909/1784
f 2205/2915/1789 2092/2916/1770 2091/2912/1773 2203/2911/1786
f 2206/2917/1790 2079/2918/1791 2078/2914/1788 2204/2913/1787
f 2207/2919/1792 2093/2920/1793 2092/2916/1770 2205/2915/1789
f 2208/2921/1794 2080/2922/1795 2079/2918/1791 2206/2917/1790
f 2209/2923/1796 2066/2924/1797 2067/2925/1798 2196/2926/1799
f 2210/2927/1800 2094/2928/1801 2093/2920/1793 2207/2919/1792
f 2211/2929/1802 2081/2930/1803 2080/2922/1795 2208/2921/1794
f 2212/2931/1804 2068/2932/1805 2066/2924/1797 2209/2923/1796
f 2213/2933/1806 2095/2934/1807 2094/2928/1801 2210/2927/1800
f 2214/2935/1808 2082/2936/1809 2081/2930/1803 2211/2929/1802
f 2215/2937/1810 2069/2938/1811 2068/2932/1805 2212/2931/1804
f 2216/2939/1812 2096/2940/1813 2095/2934/1807 2213/2933/1806
f 2217/2941/1814 2083/2942/1815 2082/2936/1809 2214/2935/1808
f 2218/2943/1816 2070/2944/1817 2069/2938/1811 2215/2937/1810
f 2219/2945/1818 2097/2946/1819 2096/2940/1813 2216/2939/1812
f 2220/2947/1820 2084/2948/1821 2083/2942/1815 2217/2941/1814
f 2221/2949/1822 2071/2950/1823 2070/2944/1817 2218/2943/1816
f 2196/2926/1799 2067/2925/1798 2097/2946/1819 2219/2945/1818
f 2222/2951/1824 2085/2952/1825 2084/2948/1821 2220/2947/1820
f 2223/2953/1826 2072/2954/1827 2071/2950/1823 2221/2949/1822
f 2224/2955/1828 2086/2956/1829 2085/2952/1825 2222/2951/1824
f 2225/2957/1830 2073/2958/1831 2072/2954/1827 2223/2953/1826
f 2194/2762/1639 2087/2761/1638 2086/2956/1829 2224/2955/1828
f 2195/2902/1777 2074/2901/1776 2073/2958/1831 2225/2957/1830
f 2120/2959/1832 2248/2960/1833 2247/2961/1834 2119/2962/1835
f 2079/2963/1791 2111/2964/1836 2110/2965/1837 2078/2966/1788
f 2093/2967/1793 2125/2968/1838 2124/2896/1771 2092/2895/1770
f 2080/2969/1795 2112/2970/1839 2111/2964/1836 2079/2963/1791
f 2066/2971/1797 2098/2972/1840 2099/2973/1841 2067/2974/1798
f 2094/2975/1801 2126/2976/1842 2125/2968/1838 2093/2967/1793
f 2081/2977/1803 2113/2978/1843 2112/2970/1839 2080/2969/1795
f 2068/2979/1805 2100/2980/1844 2098/2972/1840 2066/2971/1797
f 2095/2981/1807 2127/2982/1845 2126/2976/1842 2094/2975/1801
f 2082/2983/1809 2114/2984/1846 2113/2978/1843 2081/2977/1803
f 2069/2985/1811 2101/2986/1847 2100/2980/1844 2068/2979/1805
f 2096/2987/1813 2128/2988/1848 2127/2982/1845 2095/2981/1807
f 2083/2989/1815 2115/2990/1849 2114/2984/1846 2082/2983/1809
f 2070/2991/1817 2102/2992/1850 2101/2986/1847 2069/2985/1811
f 2097/2993/1819 2129/2994/1851 2128/2988/1848 2096/2987/1813
f 2084/2995/1821 2116/2996/1852 2115/2990/1849 2083/2989/1815
f 2071/2997/1823 2103/2998/1853 2102/2992/1850 2070/2991/1817
f 2067/2974/1798 2099/2973/1841 2129/2994/1851 2097/2993/1819
f 2085/2999/1825 2117/3000/1854 2116/2996/1852 2084/2995/1821
f 2072/3001/1827 2104/3002/1855 2103/2998/1853 2071/2997/1823
f 2086/3003/1829 2118/3004/1856 2117/3000/1854 2085/2999/1825
f 2073/3005/1831 2105/3006/1857 2104/3002/1855 2072/3001/1827
f 2087/3007/1638 2119/2962/1835 2118/3004/1856 2086/3003/1829
f 2074/3008/1776 2106/3009/1858 2105/3006/1857 2073/3005/1831
f 2088/3010/1637 2120/2959/1832 2119/2962/1835 2087/3007/1638
f 2075/3011/1775 2107/3012/1859 2106/3009/1858 2074/3008/1776
f 2089/3013/1779 2121/3014/1860 2120/2959/1832 2088/3010/1637
f 2076/3015/1781 2108/3016/1861 2107/3012/1859 2075/3011/1775
f 2090/3017/1783 2122/3018/1862 2121/3014/1860 2089/3013/1779
f 2077/3019/1785 2109/3020/1863 2108/3016/1861 2076/3015/1781
f 2091/2898/1773 2123/2897/1772 2122/3018/1862 2090/3017/1783
f 2078/2966/1788 2110/2965/1837 2109/3020/1863 2077/3019/1785
f 2192/3021/1864 2132/3022/1865 2161/3023/1866 2190/3024/1867
f 2191/3025/1868 2130/3026/1869 2160/3027/1870 2189/3028/1871
f 2190/3024/1867 2161/3023/1866 2159/3029/1872 2188/3030/1873
f 2189/3028/1871 2160/3027/1870 2158/3031/1874 2187/3032/1875
f 2188/3030/1873 2159/3029/1872 2157/3033/1876 2186/3034/1877
f 2187/3032/1875 2158/3031/1874 2156/3035/1878 2185/3036/1879
f 2193/3037/1880 2144/3038/1881 2155/3039/1882 2184/3040/1883
f 2186/3034/1877 2157/3033/1876 2154/3041/1884 2183/3042/1885
f 2185/3036/1879 2156/3035/1878 2153/3043/1886 2182/3044/1887
f 2184/3040/1883 2155/3039/1882 2152/3045/1888 2181/3046/1889
f 2183/3042/1885 2154/3041/1884 2151/3047/1890 2180/3048/1891
f 2182/3044/1887 2153/3043/1886 2150/3049/1892 2179/3050/1893
f 2181/3046/1889 2152/3045/1888 2149/3051/1894 2178/3052/1895
f 2180/3048/1891 2151/3047/1890 2148/3053/1896 2177/3054/1897
f 2179/3050/1893 2150/3049/1892 2147/3055/1898 2176/3056/1899
f 2178/3052/1895 2149/3051/1894 2146/3057/1900 2175/3058/1901
f 2177/3054/1897 2148/3053/1896 2145/3059/1902 2174/3060/1903
f 2176/3056/1899 2147/3055/1898 2143/3061/1904 2173/3062/1905
f 2175/3058/1901 2146/3057/1900 2142/3063/1906 2172/3064/1907
f 2174/3060/1903 2145/3059/1902 2144/3038/1881 2193/3037/1880
f 2173/3062/1905 2143/3061/1904 2141/3065/1908 2171/3066/1909
f 2172/3064/1907 2142/3063/1906 2140/3067/1910 2170/3068/1911
f 2171/3066/1909 2141/3065/1908 2139/3069/1912 2169/3070/1913
f 2170/3068/1911 2140/3067/1910 2138/3071/1914 2168/3072/1915
f 2169/3070/1913 2139/3069/1912 2137/3073/1916 2167/3074/1917
f 2168/3072/1915 2138/3071/1914 2136/3075/1918 2166/3076/1919
f 2167/3074/1917 2137/3073/1916 2135/3077/1920 2165/3078/1921
f 2166/3076/1919 2136/3075/1918 2134/3079/1922 2164/3080/1923
f 2165/3078/1921 2135/3077/1920 2133/3081/1924 2163/3082/1925
f 2164/3080/1923 2134/3079/1922 2131/3083/1926 2162/3084/1927
f 2163/3082/1925 2133/3081/1924 2132/3022/1865 2192/3021/1864
f 2162/3084/1927 2131/3083/1926 2130/3026/1869 2191/3025/1868
f 1960/3085/1647 2162/3084/1927 2191/3025/1868 1959/3086/1644
f 1947/3087/1651 2163/3082/1925 2192/3021/1864 1946/3088/1648
f 1961/3089/1653 2164/3080/1923 2162/3084/1927 1960/3085/1647
f 1948/3090/1655 2165/3078/1921 2163/3082/1925 1947/3087/1651
f 1962/3091/1657 2166/3076/1919 2164/3080/1923 1961/3089/1653
f 1949/3092/1659 2167/3074/1917 2165/3078/1921 1948/3090/1655
f 1963/3093/1661 2168/3072/1915 2166/3076/1919 1962/3091/1657
f 1950/3094/1663 2169/3070/1913 2167/3074/1917 1949/3092/1659
f 1964/3095/1665 2170/3068/1911 2168/3072/1915 1963/3093/1661
f 1951/3096/1667 2171/3066/1909 2169/3070/1913 1950/3094/1663
f 1965/3097/1669 2172/3064/1907 2170/3068/1911 1964/3095/1665
f 1952/3098/1671 2173/3062/1905 2171/3066/1909 1951/3096/1667
f 1939/3099/1675 2174/3060/1903 2193/3037/1880 1938/3100/1672
f 1966/3101/1677 2175/3058/1901 2172/3064/1907 1965/3097/1669
f 1953/3102/1679 2176/3056/1899 2173/3062/1905 1952/3098/1671
f 1940/3103/1681 2177/3054/1897 2174/3060/1903 1939/3099/1675
f 1967/3104/1683 2178/3052/1895 2175/3058/1901 1966/3101/1677
f 1954/3105/1685 2179/3050/1893 2176/3056/1899 1953/3102/1679
f 1941/3106/1687 2180/3048/1891 2177/3054/1897 1940/3103/1681
f 1968/3107/1689 2181/3046/1889 2178/3052/1895 1967/3104/1683
f 1955/3108/1691 2182/3044/1887 2179/3050/1893 1954/3105/1685
f 1942/3109/1693 2183/3042/1885 2180/3048/1891 1941/3106/1687
f 1969/3110/1695 2184/3040/1883 2181/3046/1889 1968/3107/1689
f 1956/3111/1697 2185/3036/1879 2182/3044/1887 1955/3108/1691
f 1943/3112/1699 2186/3034/1877 2183/3042/1885 1942/3109/1693
f 1938/3100/1672 2193/3037/1880 2184/3040/1883 1969/3110/1695
f 1957/3113/1701 2187/3032/1875 2185/3036/1879 1956/3111/1697
f 1944/3114/1703 2188/3030/1873 2186/3034/1877 1943/3112/1699
f 1958/3115/1705 2189/3028/1871 2187/3032/1875 1957/3113/1701
f 1945/3116/1707 2190/3024/1867 2188/3030/1873 1944/3114/1703
f 1959/3086/1644 2191/3025/1868 2189/3028/1871 1958/3115/1705
f 1946/3088/1648 2192/3021/1864 2190/3024/1867 1945/3116/1707
f 2132/3117/1865 2195/2902/1777 2225/2957/1830 2161/3118/1866
f 2130/3119/1869 2194/2762/1639 2224/2955/1828 2160/3120/1870
f 2161/3118/1866 2225/2957/1830 2223/2953/1826 2159/3121/1872
f 2160/3120/1870 2224/2955/1828 2222/2951/1824 2158/3122/1874
f 2159/3121/1872 2223/2953/1826 2221/2949/1822 2157/3123/1876
f 2158/3122/1874 2222/2951/1824 2220/2947/1820 2156/3124/1878
f 2144/3125/1881 2196/2926/1799 2219/2945/1818 2155/3126/1882
f 2157/3123/1876 2221/2949/1822 2218/2943/1816 2154/3127/1884
f 2156/3124/1878 2220/2947/1820 2217/2941/1814 2153/3128/1886
f 2155/3126/1882 2219/2945/1818 2216/2939/1812 2152/3129/1888
f 2154/3127/1884 2218/2943/1816 2215/2937/1810 2151/3130/1890
f 2153/3128/1886 2217/2941/1814 2214/2935/1808 2150/3131/1892
f 2152/3129/1888 2216/2939/1812 2213/2933/1806 2149/3132/1894
f 2151/3130/1890 2215/2937/1810 2212/2931/1804 2148/3133/1896
f 2150/3131/1892 2214/2935/1808 2211/2929/1802 2147/3134/1898
f 2149/3132/1894 2213/2933/1806 2210/2927/1800 2146/3135/1900
f 2148/3133/1896 2212/2931/1804 2209/2923/1796 2145/3136/1902
f 2147/3134/1898 2211/2929/1802 2208/2921/1794 2143/3137/1904
f 2146/3135/1900 2210/2927/1800 2207/2919/1792 2142/3138/1906
f 2145/3136/1902 2209/2923/1796 2196/2926/1799 2144/3125/1881
f 2143/3137/1904 2208/2921/1794 2206/2917/1790 2141/3139/1908
f 2142/3138/1906 2207/2919/1792 2205/2915/1789 2140/3140/1910
f 2141/3139/1908 2206/2917/1790 2204/2913/1787 2139/3141/1912
f 2140/3140/1910 2205/2915/1789 2203/2911/1786 2138/3142/1914
f 2139/3141/1912 2204/2913/1787 2202/2909/1784 2137/3143/1916
f 2138/3142/1914 2203/2911/1786 2201/2907/1782 2136/3144/1918
f 2137/3143/1916 2202/2909/1784 2200/2905/1780 2135/3145/1920
f 2136/3144/1918 2201/2907/1782 2199/2903/1778 2134/3146/1922
f 2135/3145/1920 2200/2905/1780 2198/2899/1774 2133/3147/1924
f 2134/3146/1922 2199/2903/1778 2197/2759/1636 2131/3148/1926
f 2133/3147/1924 2198/2899/1774 2195/2902/1777 2132/3117/1865
f 2131/3148/1926 2197/2759/1636 2194/2762/1639 2130/3119/1869
f 2240/3149/1928 2304/3150/1929 2303/3151/1930 2239/3152/1931
f 2107/3012/1859 2235/3153/1932 2234/3154/1933 2106/3009/1858
f 2121/3014/1860 2249/3155/1934 2248/2960/1833 2120/2959/1832
f 2108/3016/1861 2236/3156/1935 2235/3153/1932 2107/3012/1859
f 2122/3018/1862 2250/3157/1936 2249/3155/1934 2121/3014/1860
f 2109/3020/1863 2237/3158/1937 2236/3156/1935 2108/3016/1861
f 2123/2897/1772 2251/3159/1938 2250/3157/1936 2122/3018/1862
f 2110/2965/1837 2238/3160/1939 2237/3158/1937 2109/3020/1863
f 2124/2896/1771 2252/3161/1940 2251/3159/1938 2123/2897/1772
f 2111/2964/1836 2239/3162/1931 2238/3160/1939 2110/2965/1837
f 2125/2968/1838 2253/3163/1941 2252/3161/1940 2124/2896/1771
f 2112/2970/1839 2240/3164/1928 2239/3162/1931 2111/2964/1836
f 2098/2972/1840 2226/3165/1942 2227/3166/1943 2099/2973/1841
f 2126/2976/1842 2254/3167/1944 2253/3163/1941 2125/2968/1838
f 2113/2978/1843 2241/3168/1945 2240/3164/1928 2112/2970/1839
f 2100/2980/1844 2228/3169/1946 2226/3165/1942 2098/2972/1840
f 2127/2982/1845 2255/3170/1947 2254/3167/1944 2126/2976/1842
f 2114/2984/1846 2242/3171/1948 2241/3168/1945 2113/2978/1843
f 2101/2986/1847 2229/3172/1949 2228/3169/1946 2100/2980/1844
f 2128/2988/1848 2256/3173/1950 2255/3170/1947 2127/2982/1845
f 2115/2990/1849 2243/3174/1951 2242/3171/1948 2114/2984/1846
f 2102/2992/1850 2230/3175/1952 2229/3172/1949 2101/2986/1847
f 2129/2994/1851 2257/3176/1953 2256/3173/1950 2128/2988/1848
f 2116/2996/1852 2244/3177/1954 2243/3174/1951 2115/2990/1849
f 2103/2998/1853 2231/3178/1955 2230/3175/1952 2102/2992/1850
f 2099/2973/1841 2227/3166/1943 2257/3176/1953 2129/2994/1851
f 2117/3000/1854 2245/3179/1956 2244/3177/1954 2116/2996/1852
f 2104/3002/1855 2232/3180/1957 2231/3178/1955 2103/2998/1853
f 2118/3004/1856 2246/3181/1958 2245/3179/1956 2117/3000/1854
f 2105/3006/1857 2233/3182/1959 2232/3180/1957 2104/3002/1855
f 2119/2962/1835 2247/2961/1834 2246/3181/1958 2118/3004/1856
f 2106/3009/1858 2234/3154/1933 2233/3182/1959 2105/3006/1857
f 2258/3183/1960 2259/3184/1961 2289/3185/1962 2288/3186/1963 2287/3187/1964 2286/3188/1965 2285/3189/1966 2284/3190/1967 2283/3191/1968 2282/3192/1969 2281/3193/1970 2280/3194/1971 2279/3195/1972 2278/2833/1710 2277/2832/1709 2276/3196/1973 2275/3197/1974 2274/3198/1975 2273/3199/1976 2272/3200/1977 2271/3201/1978 2270/3202/1979 2269/3203/1980 2268/3204/1981 2267/3205/1982 2266/3206/1983 2265/3207/1984 2264/3208/1985 2263/3209/1986 2262/3210/1987 2261/3211/1988 2260/3212/1989
f 2008/3213/1729 2264/3208/1985 2265/3207/1984 2009/3214/1732
f 2022/2834/1711 2278/2833/1710 2279/3195/1972 2023/3215/1734
f 2009/3214/1732 2265/3207/1984 2266/3206/1983 2010/3216/1736
f 2023/3215/1734 2279/3195/1972 2280/3194/1971 2024/3217/1738
f 2010/3216/1736 2266/3206/1983 2267/3205/1982 2011/3218/1740
f 2024/3217/1738 2280/3194/1971 2281/3193/1970 2025/3219/1742
f 2011/3218/1740 2267/3205/1982 2268/3204/1981 2012/3220/1744
f 2025/3219/1742 2281/3193/1970 2282/3192/1969 2026/3221/1746
f 2012/3220/1744 2268/3204/1981 2269/3203/1980 2013/3222/1748
f 2026/3221/1746 2282/3192/1969 2283/3191/1968 2027/3223/1750
f 2013/3222/1748 2269/3203/1980 2270/3202/1979 2014/3224/1752
f 2027/3223/1750 2283/3191/1968 2284/3190/1967 2028/3225/1754
f 2014/3224/1752 2270/3202/1979 2271/3201/1978 2015/3226/1756
f 2028/3225/1754 2284/3190/1967 2285/3189/1966 2029/3227/1758
f 2015/3226/1756 2271/3201/1978 2272/3200/1977 2016/3228/1760
f 2003/3229/1726 2259/3184/1961 2258/3183/1960 2002/3230/1762
f 2029/3227/1758 2285/3189/1966 2286/3188/1965 2030/3231/1764
f 2016/3228/1760 2272/3200/1977 2273/3199/1976 2017/3232/1766
f 2002/3230/1762 2258/3183/1960 2260/3212/1989 2004/3233/1768
f 2030/3231/1764 2286/3188/1965 2287/3187/1964 2031/3234/1641
f 2017/3232/1766 2273/3199/1976 2274/3198/1975 2018/3235/1713
f 2004/3233/1768 2260/3212/1989 2261/3211/1988 2005/3236/1717
f 2031/3234/1641 2287/3187/1964 2288/3186/1963 2032/3237/1642
f 2018/3235/1713 2274/3198/1975 2275/3197/1974 2019/3238/1714
f 2005/3236/1717 2261/3211/1988 2262/3210/1987 2006/3239/1718
f 2032/3237/1642 2288/3186/1963 2289/3185/1962 2033/3240/1720
f 2019/3238/1714 2275/3197/1974 2276/3196/1973 2020/3241/1722
f 2006/3239/1718 2262/3210/1987 2263/3209/1986 2007/3242/1724
f 2033/3240/1720 2289/3185/1962 2259/3184/1961 2003/3229/1726
f 2020/3241/1722 2276/3196/1973 2277/2832/1709 2021/2831/1708
f 2007/3242/1724 2263/3209/1986 2264/3208/1985 2008/3213/1729
f 2290/3243/1990 2292/3244/1991 2293/3245/1992 2294/3246/1993 2295/3247/1994 2296/3248/1995 2297/3249/1996 2298/3250/1997 2299/3251/1998 2300/3252/1999 2301/3253/2000 2302/3254/2001 2303/3151/1930 2304/3150/1929 2305/3255/2002 2306/3256/2003 2307/3257/2004 2308/3258/2005 2309/3259/2006 2310/3260/2007 2311/3261/2008 2312/3262/2009 2313/3263/2010 2314/3264/2011 2315/3265/2012 2316/3266/2013 2317/3267/2014 2318/3268/2015 2319/3269/2016 2320/3270/2017 2321/3271/2018 2291/3272/2019
f 2226/3273/1942 2290/3243/1990 2291/3272/2019 2227/3274/1943
f 2254/3275/1944 2318/3268/2015 2317/3267/2014 2253/3276/1941
f 2241/3277/1945 2305/3255/2002 2304/3150/1929 2240/3149/1928
f 2228/3278/1946 2292/3244/1991 2290/3243/1990 2226/3273/1942
f 2255/3279/1947 2319/3269/2016 2318/3268/2015 2254/3275/1944
f 2242/3280/1948 2306/3256/2003 2305/3255/2002 2241/3277/1945
f 2229/3281/1949 2293/3245/1992 2292/3244/1991 2228/3278/1946
f 2256/3282/1950 2320/3270/2017 2319/3269/2016 2255/3279/1947
f 2243/3283/1951 2307/3257/2004 2306/3256/2003 2242/3280/1948
f 2230/3284/1952 2294/3246/1993 2293/3245/1992 2229/3281/1949
f 2257/3285/1953 2321/3271/2018 2320/3270/2017 2256/3282/1950
f 2244/3286/1954 2308/3258/2005 2307/3257/2004 2243/3283/1951
f 2231/3287/1955 2295/3247/1994 2294/3246/1993 2230/3284/1952
f 2227/3274/1943 2291/3272/2019 2321/3271/2018 2257/3285/1953
f 2245/3288/1956 2309/3259/2006 2308/3258/2005 2244/3286/1954
f 2232/3289/1957 2296/3248/1995 2295/3247/1994 2231/3287/1955
f 2246/3290/1958 2310/3260/2007 2309/3259/2006 2245/3288/1956
f 2233/3291/1959 2297/3249/1996 2296/3248/1995 2232/3289/1957
f 2247/3292/1834 2311/3261/2008 2310/3260/2007 2246/3290/1958
f 2234/3293/1933 2298/3250/1997 2297/3249/1996 2233/3291/1959
f 2248/3294/1833 2312/3262/2009 2311/3261/2008 2247/3292/1834
f 2235/3295/1932 2299/3251/1998 2298/3250/1997 2234/3293/1933
f 2249/3296/1934 2313/3263/2010 2312/3262/2009 2248/3294/1833
f 2236/3297/1935 2300/3252/1999 2299/3251/1998 2235/3295/1932
f 2250/3298/1936 2314/3264/2011 2313/3263/2010 2249/3296/1934
f 2237/3299/1937 2301/3253/2000 2300/3252/1999 2236/3297/1935
f 2251/3300/1938 2315/3265/2012 2314/3264/2011 2250/3298/1936
f 2238/3301/1939 2302/3254/2001 2301/3253/2000 2237/3299/1937
f 2252/3302/1940 2316/3266/2013 2315/3265/2012 2251/3300/1938
f 2239/3152/1931 2303/3151/1930 2302/3254/2001 2238/3301/1939
f 2253/3276/1941 2317/3267/2014 2316/3266/2013 2252/3302/1940
